Date,Time,Δdays,Period,Satellite,Orbit,Direction,Status,Granule
2026-02-13,23:20 UTC,-178,PRE,SENTINEL-1C,48,ASCE,70%,Acquired
2026-02-13,23:21 UTC,-178,PRE,SENTINEL-1C,48,ASCE,30%,Acquired
2026-02-14,10:51 UTC,-177,PRE,SENTINEL-1A,142,DESC,30%,Acquired
2026-02-14,10:51 UTC,-177,PRE,SENTINEL-1A,142,DESC,70%,Acquired
2026-02-15,10:42 UTC,-176,PRE,SENTINEL-1C,69,DESC,—,Acquired
2026-02-15,10:42 UTC,-176,PRE,SENTINEL-1C,69,DESC,—,Acquired
2026-02-20,10:50 UTC,-171,PRE,SENTINEL-1C,142,DESC,30%,Acquired
2026-02-20,10:50 UTC,-171,PRE,SENTINEL-1C,142,DESC,70%,Acquired
2026-02-21,10:43 UTC,-170,PRE,SENTINEL-1A,69,DESC,—,Acquired
2026-02-21,10:43 UTC,-170,PRE,SENTINEL-1A,69,DESC,—,Acquired
2026-02-25,23:20 UTC,-166,PRE,SENTINEL-1C,48,ASCE,70%,Acquired
2026-02-25,23:21 UTC,-166,PRE,SENTINEL-1C,48,ASCE,30%,Acquired
2026-02-26,10:51 UTC,-165,PRE,SENTINEL-1A,142,DESC,30%,Acquired
2026-02-26,10:51 UTC,-165,PRE,SENTINEL-1A,142,DESC,70%,Acquired
2026-02-27,10:42 UTC,-164,PRE,SENTINEL-1C,69,DESC,—,Acquired
2026-02-27,10:42 UTC,-164,PRE,SENTINEL-1C,69,DESC,—,Acquired
2026-03-04,10:50 UTC,-159,PRE,SENTINEL-1C,142,DESC,30%,Acquired
2026-03-04,10:50 UTC,-159,PRE,SENTINEL-1C,142,DESC,70%,Acquired
2026-03-05,10:43 UTC,-158,PRE,SENTINEL-1A,69,DESC,—,Acquired
2026-03-05,10:43 UTC,-158,PRE,SENTINEL-1A,69,DESC,—,Acquired
2026-03-09,23:20 UTC,-154,PRE,SENTINEL-1C,48,ASCE,70%,Acquired
2026-03-09,23:21 UTC,-154,PRE,SENTINEL-1C,48,ASCE,30%,Acquired
2026-03-10,10:51 UTC,-153,PRE,SENTINEL-1A,142,DESC,30%,Acquired
2026-03-10,10:51 UTC,-153,PRE,SENTINEL-1A,142,DESC,70%,Acquired
2026-03-11,10:42 UTC,-152,PRE,SENTINEL-1C,69,DESC,—,Acquired
2026-03-11,10:42 UTC,-152,PRE,SENTINEL-1C,69,DESC,—,Acquired
2026-03-16,10:50 UTC,-147,PRE,SENTINEL-1C,142,DESC,30%,Acquired
2026-03-16,10:50 UTC,-147,PRE,SENTINEL-1C,142,DESC,70%,Acquired
2026-03-17,10:43 UTC,-146,PRE,SENTINEL-1A,69,DESC,—,Acquired
2026-03-17,10:43 UTC,-146,PRE,SENTINEL-1A,69,DESC,—,Acquired
2026-03-21,23:20 UTC,-142,PRE,SENTINEL-1C,48,ASCE,70%,Acquired
2026-03-21,23:21 UTC,-142,PRE,SENTINEL-1C,48,ASCE,30%,Acquired
2026-03-22,10:51 UTC,-141,PRE,SENTINEL-1A,142,DESC,30%,Acquired
2026-03-22,10:51 UTC,-141,PRE,SENTINEL-1A,142,DESC,70%,Acquired
2026-03-23,10:42 UTC,-140,PRE,SENTINEL-1C,69,DESC,—,Acquired
2026-03-23,10:42 UTC,-140,PRE,SENTINEL-1C,69,DESC,—,Acquired
2026-03-28,10:50 UTC,-135,PRE,SENTINEL-1C,142,DESC,30%,Acquired
2026-03-28,10:50 UTC,-135,PRE,SENTINEL-1C,142,DESC,70%,Acquired
2026-03-29,10:43 UTC,-134,PRE,SENTINEL-1A,69,DESC,—,Acquired
2026-03-29,10:43 UTC,-134,PRE,SENTINEL-1A,69,DESC,—,Acquired
2026-04-02,23:20 UTC,-130,PRE,SENTINEL-1C,48,ASCE,70%,Acquired
2026-04-02,23:21 UTC,-130,PRE,SENTINEL-1C,48,ASCE,30%,Acquired
2026-04-03,10:51 UTC,-129,PRE,SENTINEL-1A,142,DESC,30%,Acquired
2026-04-03,10:51 UTC,-129,PRE,SENTINEL-1A,142,DESC,70%,Acquired
2026-04-04,10:42 UTC,-128,PRE,SENTINEL-1C,69,DESC,—,Acquired
2026-04-04,10:42 UTC,-128,PRE,SENTINEL-1C,69,DESC,—,Acquired
2026-04-09,10:50 UTC,-123,PRE,SENTINEL-1C,142,DESC,30%,Acquired
2026-04-09,10:50 UTC,-123,PRE,SENTINEL-1C,142,DESC,70%,Acquired
2026-04-10,10:43 UTC,-122,PRE,SENTINEL-1A,69,DESC,—,Acquired
2026-04-10,10:43 UTC,-122,PRE,SENTINEL-1A,69,DESC,—,Acquired
2026-04-14,23:20 UTC,-118,PRE,SENTINEL-1C,48,ASCE,70%,Acquired
2026-04-14,23:21 UTC,-118,PRE,SENTINEL-1C,48,ASCE,30%,Acquired
2026-04-15,10:51 UTC,-117,PRE,SENTINEL-1A,142,DESC,30%,Acquired
2026-04-15,10:51 UTC,-117,PRE,SENTINEL-1A,142,DESC,70%,Acquired
2026-04-16,10:42 UTC,-116,PRE,SENTINEL-1C,69,DESC,—,Acquired
2026-04-16,10:42 UTC,-116,PRE,SENTINEL-1C,69,DESC,—,Acquired
2026-04-17,10:42 UTC,-115,PRE,SENTINEL-1D,69,DESC,—,Acquired
2026-04-17,10:42 UTC,-115,PRE,SENTINEL-1D,69,DESC,—,Acquired
2026-04-21,10:50 UTC,-111,PRE,SENTINEL-1C,142,DESC,30%,Acquired
2026-04-21,10:50 UTC,-111,PRE,SENTINEL-1C,142,DESC,70%,Acquired
2026-04-22,10:43 UTC,-110,PRE,SENTINEL-1A,69,DESC,—,Acquired
2026-04-22,10:43 UTC,-110,PRE,SENTINEL-1A,69,DESC,—,Acquired
2026-04-26,23:20 UTC,-106,PRE,SENTINEL-1C,48,ASCE,70%,Acquired
2026-04-26,23:21 UTC,-106,PRE,SENTINEL-1C,48,ASCE,30%,Acquired
2026-04-27,10:51 UTC,-105,PRE,SENTINEL-1A,142,DESC,30%,Acquired
2026-04-27,10:51 UTC,-105,PRE,SENTINEL-1A,142,DESC,70%,Acquired
2026-05-03,10:50 UTC,-99,PRE,SENTINEL-1C,142,DESC,30%,Acquired
2026-05-03,10:50 UTC,-99,PRE,SENTINEL-1C,142,DESC,70%,Acquired
2026-05-04,10:43 UTC,-98,PRE,SENTINEL-1A,69,DESC,—,Acquired
2026-05-04,10:43 UTC,-98,PRE,SENTINEL-1A,69,DESC,—,Acquired
2026-05-08,23:21 UTC,-94,PRE,SENTINEL-1C,48,ASCE,70%,Acquired
2026-05-08,23:21 UTC,-94,PRE,SENTINEL-1C,48,ASCE,30%,Acquired
2026-05-09,10:51 UTC,-93,PRE,SENTINEL-1A,142,DESC,30%,Acquired
2026-05-09,10:51 UTC,-93,PRE,SENTINEL-1A,142,DESC,70%,Acquired
2026-05-15,10:50 UTC,-87,PRE,SENTINEL-1C,142,DESC,30%,Acquired
2026-05-15,10:50 UTC,-87,PRE,SENTINEL-1C,142,DESC,70%,Acquired
2026-05-16,10:43 UTC,-86,PRE,SENTINEL-1A,69,DESC,—,Acquired
2026-05-16,10:43 UTC,-86,PRE,SENTINEL-1A,69,DESC,—,Acquired
2026-05-20,23:21 UTC,-82,PRE,SENTINEL-1C,48,ASCE,70%,Acquired
2026-05-20,23:21 UTC,-82,PRE,SENTINEL-1C,48,ASCE,30%,Acquired
2026-05-21,10:51 UTC,-81,PRE,SENTINEL-1A,142,DESC,30%,Acquired
2026-05-21,10:51 UTC,-81,PRE,SENTINEL-1A,142,DESC,70%,Acquired
2026-05-22,10:42 UTC,-80,PRE,SENTINEL-1C,69,DESC,—,Acquired
2026-05-22,10:42 UTC,-80,PRE,SENTINEL-1C,69,DESC,—,Acquired
2026-05-27,10:50 UTC,-75,PRE,SENTINEL-1C,142,DESC,30%,Acquired
2026-05-27,10:50 UTC,-75,PRE,SENTINEL-1C,142,DESC,70%,Acquired
2026-05-28,10:43 UTC,-74,PRE,SENTINEL-1A,69,DESC,—,Acquired
2026-05-28,10:43 UTC,-74,PRE,SENTINEL-1A,69,DESC,—,Acquired
2026-06-01,23:21 UTC,-70,PRE,SENTINEL-1C,48,ASCE,70%,Acquired
2026-06-01,23:21 UTC,-70,PRE,SENTINEL-1C,48,ASCE,30%,Acquired
2026-06-02,23:21 UTC,-69,PRE,SENTINEL-1D,48,ASCE,70%,Acquired
2026-06-02,23:21 UTC,-69,PRE,SENTINEL-1D,48,ASCE,30%,Acquired
2026-06-02,10:51 UTC,-69,PRE,SENTINEL-1A,142,DESC,30%,Acquired
2026-06-02,10:51 UTC,-69,PRE,SENTINEL-1A,142,DESC,70%,Acquired
2026-06-03,10:42 UTC,-68,PRE,SENTINEL-1C,69,DESC,—,Acquired
2026-06-03,10:42 UTC,-68,PRE,SENTINEL-1C,69,DESC,—,Acquired
2026-06-04,10:42 UTC,-67,PRE,SENTINEL-1D,69,DESC,—,Acquired
2026-06-04,10:42 UTC,-67,PRE,SENTINEL-1D,69,DESC,—,Acquired
2026-06-08,10:50 UTC,-63,PRE,SENTINEL-1C,142,DESC,30%,Acquired
2026-06-08,10:50 UTC,-63,PRE,SENTINEL-1C,142,DESC,70%,Acquired
2026-06-09,10:43 UTC,-62,PRE,SENTINEL-1A,69,DESC,—,Acquired
2026-06-09,10:43 UTC,-62,PRE,SENTINEL-1A,69,DESC,—,Acquired
2026-06-09,10:50 UTC,-62,PRE,SENTINEL-1D,142,DESC,30%,Acquired
2026-06-09,10:51 UTC,-62,PRE,SENTINEL-1D,142,DESC,70%,Acquired
2026-06-14,23:21 UTC,-57,PRE,SENTINEL-1D,48,ASCE,70%,Acquired
2026-06-14,23:21 UTC,-57,PRE,SENTINEL-1D,48,ASCE,30%,Acquired
2026-06-14,10:51 UTC,-57,PRE,SENTINEL-1A,142,DESC,30%,Acquired
2026-06-14,10:51 UTC,-57,PRE,SENTINEL-1A,142,DESC,70%,Acquired
2026-06-16,10:42 UTC,-55,PRE,SENTINEL-1D,69,DESC,—,Acquired
2026-06-16,10:42 UTC,-55,PRE,SENTINEL-1D,69,DESC,—,Acquired
2026-06-21,10:43 UTC,-50,PRE,SENTINEL-1A,69,DESC,—,Acquired
2026-06-21,10:43 UTC,-50,PRE,SENTINEL-1A,69,DESC,—,Acquired
2026-06-21,10:50 UTC,-50,PRE,SENTINEL-1D,142,DESC,30%,Acquired
2026-06-21,10:51 UTC,-50,PRE,SENTINEL-1D,142,DESC,70%,Acquired
2026-06-26,10:51 UTC,-45,PRE,SENTINEL-1A,142,DESC,30%,Acquired
2026-06-26,10:51 UTC,-45,PRE,SENTINEL-1A,142,DESC,70%,Acquired
2026-06-27,10:50 UTC,-44,PRE,SENTINEL-1C,142,DESC,30%,Acquired
2026-06-27,10:50 UTC,-44,PRE,SENTINEL-1C,142,DESC,70%,Acquired
2026-06-28,10:42 UTC,-43,PRE,SENTINEL-1D,69,DESC,—,Acquired
2026-06-28,10:42 UTC,-43,PRE,SENTINEL-1D,69,DESC,—,Acquired
2026-07-02,23:21 UTC,-39,PRE,SENTINEL-1C,48,ASCE,70%,Acquired
2026-07-02,23:21 UTC,-39,PRE,SENTINEL-1C,48,ASCE,30%,Acquired
2026-07-03,10:50 UTC,-38,PRE,SENTINEL-1D,142,DESC,30%,Acquired
2026-07-03,10:51 UTC,-38,PRE,SENTINEL-1D,142,DESC,70%,Acquired
2026-07-04,10:42 UTC,-37,PRE,SENTINEL-1C,69,DESC,—,Acquired
2026-07-04,10:42 UTC,-37,PRE,SENTINEL-1C,69,DESC,—,Acquired
2026-07-09,10:50 UTC,-32,PRE,SENTINEL-1C,142,DESC,30%,Acquired
2026-07-09,10:50 UTC,-32,PRE,SENTINEL-1C,142,DESC,70%,Acquired
2026-07-10,10:42 UTC,-31,PRE,SENTINEL-1D,69,DESC,—,Acquired
2026-07-10,10:42 UTC,-31,PRE,SENTINEL-1D,69,DESC,—,Acquired
2026-07-14,23:21 UTC,-27,PRE,SENTINEL-1C,48,ASCE,70%,Acquired
2026-07-14,23:21 UTC,-27,PRE,SENTINEL-1C,48,ASCE,30%,Acquired
2026-07-15,10:50 UTC,-26,PRE,SENTINEL-1D,142,DESC,30%,Acquired
2026-07-15,10:51 UTC,-26,PRE,SENTINEL-1D,142,DESC,70%,Acquired
2026-07-16,10:42 UTC,-25,PRE,SENTINEL-1C,69,DESC,—,Acquired
2026-07-16,10:42 UTC,-25,PRE,SENTINEL-1C,69,DESC,—,Acquired
2026-07-21,10:50 UTC,-20,PRE,SENTINEL-1C,142,DESC,30%,Acquired
2026-07-21,10:50 UTC,-20,PRE,SENTINEL-1C,142,DESC,70%,Acquired
2026-07-22,10:42 UTC,-19,PRE,SENTINEL-1D,69,DESC,—,Acquired
2026-07-22,10:42 UTC,-19,PRE,SENTINEL-1D,69,DESC,—,Acquired
2026-07-26,23:21 UTC,-15,PRE,SENTINEL-1C,48,ASCE,70%,Acquired
2026-07-26,23:21 UTC,-15,PRE,SENTINEL-1C,48,ASCE,30%,Acquired
2026-07-27,10:50 UTC,-14,PRE,SENTINEL-1D,142,DESC,30%,Acquired
2026-07-27,10:51 UTC,-14,PRE,SENTINEL-1D,142,DESC,70%,Acquired
2026-07-28,10:42 UTC,-13,PRE,SENTINEL-1C,69,DESC,—,Acquired
2026-07-28,10:42 UTC,-13,PRE,SENTINEL-1C,69,DESC,—,Acquired
2026-08-02,10:50 UTC,-8,PRE,SENTINEL-1C,142,DESC,30%,Acquired
2026-08-02,10:50 UTC,-8,PRE,SENTINEL-1C,142,DESC,70%,Acquired
2026-08-07,23:21 UTC,-3,PRE,SENTINEL-1C,48,ASCE,70%,Acquired
2026-08-07,23:21 UTC,-3,PRE,SENTINEL-1C,48,ASCE,30%,Acquired
2026-08-08,10:50 UTC,-2,PRE,SENTINEL-1D,142,DESC,30%,Acquired
2026-08-08,10:51 UTC,-2,PRE,SENTINEL-1D,142,DESC,70%,Acquired
2026-08-09,10:42 UTC,-1,PRE,SENTINEL-1C,69,DESC,—,Acquired
2026-08-09,10:42 UTC,-1,PRE,SENTINEL-1C,69,DESC,—,Acquired
2026-08-13,10:51 UTC,+3,POST,SENTINEL-1A,142,DESC,Planned,Planned pass (orbit 142)
2026-08-13,23:21 UTC,+3,POST,SENTINEL-1D,48,ASCE,Planned,Planned pass (orbit 48)
2026-08-14,10:50 UTC,+4,POST,SENTINEL-1C,142,DESC,Planned,Planned pass (orbit 142)
2026-08-15,10:42 UTC,+5,POST,SENTINEL-1D,69,DESC,Planned,Planned pass (orbit 69)
2026-08-19,23:21 UTC,+9,POST,SENTINEL-1C,48,ASCE,Planned,Planned pass (orbit 48)
2026-08-20,10:43 UTC,+10,POST,SENTINEL-1A,69,DESC,Planned,Planned pass (orbit 69)
2026-08-20,10:51 UTC,+10,POST,SENTINEL-1D,142,DESC,Planned,Planned pass (orbit 142)
2026-08-21,10:42 UTC,+11,POST,SENTINEL-1C,69,DESC,Planned,Planned pass (orbit 69)
