admin3_id,adm3_name,adm3_name1,adm3_name2,adm3_name3,adm3_pcode,adm2_name,adm2_name1,adm2_name2,adm2_name3,adm2_pcode,adm1_name,adm1_name1,adm1_name2,adm1_name3,adm1_pcode,adm0_name,adm0_name1,adm0_name2,adm0_name3,adm0_pcode,valid_on,valid_to,area_sqkm,version,lang,lang1,lang2,lang3,adm0_en,adm3_ref_name,center_lat,center_lon,area_km2,urban_area_km2,urban_pct,n_buildings_overture,n_buildings_osm,population,ground_movement_km2,ground_movement_pct
VE010101,Altagracia,,,,VE010101,Libertador,,,,VE0101,Distrito Capital,,,,VE01,Venezuela (República Bolivariana de),,,,VE,2021/02/23,,2.9508224,v01,es,,,,Venezuela (Bolivarian Republic of),Altagracia,10.53201028,-66.91336104,2.969383121586284,0.542645,18.27467112799213,3245,171,19948.48264427483,2.9693980898356074,100.000504086159
VE010102,Antimano,,,,VE010102,Libertador,,,,VE0101,Distrito Capital,,,,VE01,Venezuela (República Bolivariana de),,,,VE,2021/02/23,,24.84466541,v01,es,,,,Venezuela (Bolivarian Republic of),Antimano,10.4683695,-66.9912598,25.000864656682417,2.837041,11.347771522940887,25438,18191,130112.26333410441,25.00086465668009,99.9999999999907
VE010103,Candelaria,,,,VE010103,Libertador,,,,VE0101,Distrito Capital,,,,VE01,Venezuela (República Bolivariana de),,,,VE,2021/02/23,,1.31842686,v01,es,,,,Venezuela (Bolivarian Republic of),Candelaria,10.5073545,-66.90575015,1.3267266519849201,0.553785,41.74070063124762,3097,567,19141.02033352852,1.3267266519870338,100.00000000015932
VE010104,Caricuao,,,,VE010104,Libertador,,,,VE0101,Distrito Capital,,,,VE01,Venezuela (República Bolivariana de),,,,VE,2021/02/23,,24.00620624,v01,es,,,,Venezuela (Bolivarian Republic of),Caricuao,10.4252285,-66.98067361,24.157963911002277,2.452402,10.151526051759276,13614,317,74319.0913077405,24.157963911007656,100.00000000002227
VE010105,Catedral,,,,VE010105,Libertador,,,,VE0101,Distrito Capital,,,,VE01,Venezuela (República Bolivariana de),,,,VE,2021/02/23,,0.84258876,v01,es,,,,Venezuela (Bolivarian Republic of),Catedral,10.5060175,-66.91666592,0.8478960567960019,0.31329,36.94910449092647,1086,258,8170.059979319572,0.847896056795389,99.99999999992772
VE010106,Coche,,,,VE010106,Libertador,,,,VE0101,Distrito Capital,,,,VE01,Venezuela (República Bolivariana de),,,,VE,2021/02/23,,12.29543577,v01,es,,,,Venezuela (Bolivarian Republic of),Coche,10.4336575,-66.93741391,12.372985224481695,2.038194,16.472936506601055,9152,361,58059.36020228801,10.629157550576927,85.90616862247309
VE010107,El Junquito,,,,VE010107,Libertador,,,,VE0101,Distrito Capital,,,,VE01,Venezuela (República Bolivariana de),,,,VE,2021/02/23,,58.73882787,v01,es,,,,Venezuela (Bolivarian Republic of),El Junquito,10.4946755,-67.02329514,59.10879833094719,2.528537,4.277767559818842,17589,8907,90074.82278342702,59.10868066501039,99.99980093329567
VE010108,El Paraíso,,,,VE010108,Libertador,,,,VE0101,Distrito Capital,,,,VE01,Venezuela (República Bolivariana de),,,,VE,2021/02/23,,10.3434603,v01,es,,,,Venezuela (Bolivarian Republic of),El Paraiso,10.485052,-66.94562126,10.408679060257398,3.022261,29.035970678927452,13255,616,93685.49156708713,10.408679060262346,100.00000000004754
VE010109,El Recreo,,,,VE010109,Libertador,,,,VE0101,Distrito Capital,,,,VE01,Venezuela (República Bolivariana de),,,,VE,2021/02/23,,15.54573253,v01,es,,,,Venezuela (Bolivarian Republic of),El Recreo,10.51615966,-66.87732569,15.643618763910478,2.529744,16.171092112242405,11403,1521,72627.50707385075,15.643622173160308,100.00002179323009
VE010110,El Valle,,,,VE010110,Libertador,,,,VE0101,Distrito Capital,,,,VE01,Venezuela (República Bolivariana de),,,,VE,2021/02/23,,20.85087021,v01,es,,,,Venezuela (Bolivarian Republic of),El Valle,10.44314877,-66.91011781,20.982499139638467,3.441262,16.400629768162563,16901,883,81535.17207248502,18.45728459115357,87.96513927306943
VE010111,La Pastora,,,,VE010111,Libertador,,,,VE0101,Distrito Capital,,,,VE01,Venezuela (República Bolivariana de),,,,VE,2021/02/23,,7.51928825,v01,es,,,,Venezuela (Bolivarian Republic of),La Pastora,10.531556,-66.92450243,7.56663696383134,1.049021,13.86376807839915,8161,58,61151.09183146729,7.566651263813089,100.00018898728482
VE010112,La Vega,,,,VE010112,Libertador,,,,VE0101,Distrito Capital,,,,VE01,Venezuela (República Bolivariana de),,,,VE,2021/02/23,,11.45325634,v01,es,,,,Venezuela (Bolivarian Republic of),La Vega,10.462918,-66.9466475,11.52539653464488,1.947009,16.893206182948838,14307,377,79034.0745071013,11.525396534654224,100.00000000008107
VE010113,Macarao,,,,VE010113,Libertador,,,,VE0101,Distrito Capital,,,,VE01,Venezuela (República Bolivariana de),,,,VE,2021/02/23,,104.40731635,v01,es,,,,Venezuela (Bolivarian Republic of),Macarao,10.423343,-67.08196419,105.06575925440737,1.355023,1.289690389729096,10348,29,42706.133579184345,105.06575925440727,99.99999999999991
VE010114,San Agustín,,,,VE010114,Libertador,,,,VE0101,Distrito Capital,,,,VE01,Venezuela (República Bolivariana de),,,,VE,2021/02/23,,1.55371325,v01,es,,,,Venezuela (Bolivarian Republic of),San Agustin,10.4962395,-66.90472062,1.5635050985797907,0.478312,30.59228910954461,2919,144,19484.561554178596,1.5635050985804857,100.00000000004447
VE010115,San Bernandino,,,,VE010115,Libertador,,,,VE0101,Distrito Capital,,,,VE01,Venezuela (República Bolivariana de),,,,VE,2021/02/23,,7.61041906,v01,es,,,,Venezuela (Bolivarian Republic of),San Bernandino,10.53176661,-66.89874842,7.658396746937608,0.690132,9.011442248352642,3106,2482,21291.491226589656,7.658345980248605,99.9993371107468
VE010116,San José,,,,VE010116,Libertador,,,,VE0101,Distrito Capital,,,,VE01,Venezuela (República Bolivariana de),,,,VE,2021/02/23,,2.4127559,v01,es,,,,Venezuela (Bolivarian Republic of),San Jose,10.53193052,-66.90899264,2.4279413470314286,0.37153,15.302264218790075,3014,206,17161.541162814945,2.427944991612678,100.00015010993795
VE010117,San Juan,,,,VE010117,Libertador,,,,VE0101,Distrito Capital,,,,VE01,Venezuela (República Bolivariana de),,,,VE,2021/02/23,,3.21184248,v01,es,,,,Venezuela (Bolivarian Republic of),San Juan,10.4973285,-66.9317725,3.2320923862800974,1.206161,37.31827113358611,6598,165,50801.74262177944,3.2320923862797377,99.99999999998887
VE010118,San Pedro,,,,VE010118,Libertador,,,,VE0101,Distrito Capital,,,,VE01,Venezuela (República Bolivariana de),,,,VE,2021/02/23,,6.55567204,v01,es,,,,Venezuela (Bolivarian Republic of),San Pedro,10.48110062,-66.89322909,6.59704826108347,1.997533,30.279193374764457,7106,590,57677.03268311173,6.597048261086853,100.00000000005126
VE010119,Santa Rosalía,,,,VE010119,Libertador,,,,VE0101,Distrito Capital,,,,VE01,Venezuela (República Bolivariana de),,,,VE,2021/02/23,,6.21578897,v01,es,,,,Venezuela (Bolivarian Republic of),Santa Rosalia,10.483391,-66.91663839,6.254878090849532,1.573621,25.158300084251078,14394,104,84234.4289767596,6.254878090848278,99.99999999997995
VE010120,Santa Teresa,,,,VE010120,Libertador,,,,VE0101,Distrito Capital,,,,VE01,Venezuela (República Bolivariana de),,,,VE,2021/02/23,,0.66299781,v01,es,,,,Venezuela (Bolivarian Republic of),Santa Teresa,10.496518,-66.91705106,0.6671761786416428,0.270982,40.61625829502994,1800,122,9064.121514558792,0.6671761786416005,99.99999999999366
VE010121,Sucre,,,,VE010121,Libertador,,,,VE0101,Distrito Capital,,,,VE01,Venezuela (República Bolivariana de),,,,VE,2021/02/23,,50.70001361,v01,es,,,,Venezuela (Bolivarian Republic of),Sucre,10.5278695,-66.9656894,51.01970851598623,5.426389,10.635868290583678,39395,3167,249685.17926855513,51.0188645406374,99.99834578563191
VE010122,23 de Enero,,,,VE010122,Libertador,,,,VE0101,Distrito Capital,,,,VE01,Venezuela (República Bolivariana de),,,,VE,2021/02/23,,2.24878105,v01,es,,,,Venezuela (Bolivarian Republic of),23 de Enero,10.506788,-66.93119152,2.2629518468396603,0.79352,35.06570416459349,3177,184,27982.86029024422,2.262951846839027,99.99999999997202
VE050101,Capital Bolívar,,,,VE050101,Bolívar,,,,VE0501,Aragua,,,,VE05,Venezuela (República Bolivariana de),,,,VE,2021/02/23,,56.33368143,v01,es,,,,Venezuela (Bolivarian Republic of),Capital Bolivar,10.250126,-67.40816764,56.68724335850492,1.543389,2.722639007579192,10221,1,30981.73765971935,9.487410561267623,16.736411931811116
VE050201,Camatagua,,,,VE050201,Camatagua,,,,VE0502,Aragua,,,,VE05,Venezuela (República Bolivariana de),,,,VE,2021/02/23,,553.78684054,v01,es,,,,Venezuela (Bolivarian Republic of),Camatagua,9.78722233,-66.93691862,557.3385333130374,1.571859,0.28202948585956505,8497,335,11652.529158937397,0.0,0.0
VE050202,No Urbana Carmen de Cura,,,,VE050202,Camatagua,,,,VE0502,Aragua,,,,VE05,Venezuela (República Bolivariana de),,,,VE,2021/02/23,,361.10337116,v01,es,,,,Venezuela (Bolivarian Republic of),No Urbana Carmen de Cura,9.857409,-66.76831172,363.3974079463886,0.518789,0.14276078713157359,2486,0,1882.2416678285954,0.0,0.0
VE050302,No Urbana Choroni,,,,VE050302,Girardot,,,,VE0503,Aragua,,,,VE05,Venezuela (República Bolivariana de),,,,VE,2021/02/23,,127.90403547,v01,es,,,,Venezuela (Bolivarian Republic of),No Urbana Choroni,10.4374315,-67.60843856,128.7109853388809,0.341458,0.2652904871336205,4726,1939,3490.450037301376,128.21540929594929,99.61496989427373
VE050303,Urbana las Delicias,,,,VE050303,Girardot,,,,VE0503,Aragua,,,,VE05,Venezuela (República Bolivariana de),,,,VE,2021/02/23,,77.12626869,v01,es,,,,Venezuela (Bolivarian Republic of),Urbana las Delicias,10.299786,-67.55976013,77.61543621844991,2.978352,3.8373191533928632,17257,3697,55175.32509202291,77.6154362184504,100.00000000000063
VE050304,Urbana Madre María de San José,,,,VE050304,Girardot,,,,VE0503,Aragua,,,,VE05,Venezuela (República Bolivariana de),,,,VE,2021/02/23,,10.45578946,v01,es,,,,Venezuela (Bolivarian Republic of),Urbana Madre Maria de San Jose,10.259201,-67.5912882,10.521782294383923,2.739135,26.03299444298551,9919,3284,41328.8213553126,10.52178229438731,100.00000000003219
VE050305,Urbana Joaquín Crespo,,,,VE050305,Girardot,,,,VE0503,Aragua,,,,VE05,Venezuela (República Bolivariana de),,,,VE,2021/02/23,,6.1085753,v01,es,,,,Venezuela (Bolivarian Republic of),Urbana Joaquin Crespo,10.232021,-67.57127714,6.147200928834813,1.875864,30.51574239587391,10802,70,40008.74354906706,3.337352146383159,54.29059803021187
VE050306,Urbana Pedro José Ovalles,,,,VE050306,Girardot,,,,VE0503,Aragua,,,,VE05,Venezuela (República Bolivariana de),,,,VE,2021/02/23,,5.71317641,v01,es,,,,Venezuela (Bolivarian Republic of),Urbana Pedro Jose Ovalles,10.2162005,-67.57945294,5.749314630166173,2.01181,34.99217088319017,14525,389,44751.08094274253,0.0006185530333145173,0.010758726441392185
VE050307,Urbana José Casanova Godoy,,,,VE050307,Girardot,,,,VE0503,Aragua,,,,VE05,Venezuela (República Bolivariana de),,,,VE,2021/02/23,,8.88923813,v01,es,,,,Venezuela (Bolivarian Republic of),Urbana Jose Casanova Godoy,10.224248,-67.59961322,8.94546495210173,2.32529,25.994065288397053,11694,2027,45260.05331658968,4.29933496214487,48.061615412564386
VE050308,Urbana Andrés Eloy Blanco,,,,VE050308,Girardot,,,,VE0503,Aragua,,,,VE05,Venezuela (República Bolivariana de),,,,VE,2021/02/23,,18.03785569,v01,es,,,,Venezuela (Bolivarian Republic of),Urbana Andres Eloy Blanco,10.2747185,-67.60488076,18.15171413775744,2.652564,14.61329756445642,9013,3553,38457.55517663434,16.971677880472697,93.49903679438106
VE050309,Urbana los Tacariguas,,,,VE050309,Girardot,,,,VE0503,Aragua,,,,VE05,Venezuela (República Bolivariana de),,,,VE,2021/02/23,,34.8876102,v01,es,,,,Venezuela (Bolivarian Republic of),Urbana los Tacariguas,10.27862516,-67.65755078,35.10645313938518,4.335005,12.3481713825902,19164,596,66694.66995920733,32.32371644358417,92.07343252605853
VE050401,Capital José Ángel Lamas,,,,VE050401,José Ángel Lamas,,,,VE0504,Aragua,,,,VE05,Venezuela (República Bolivariana de),,,,VE,2021/02/23,,27.01470579,v01,es,,,,Venezuela (Bolivarian Republic of),Capital Jose Angel Lamas,10.1603535,-67.50721304,27.18583046943298,2.881408,10.598933158359015,12730,40,35059.56944264638,0.0,0.0
VE050501,Urbana Juan Vicente Bolívar y Ponte,,,,VE050501,José Félix Ribas,,,,VE0505,Aragua,,,,VE05,Venezuela (República Bolivariana de),,,,VE,2021/02/23,,124.10556137,v01,es,,,,Venezuela (Bolivarian Republic of),Urbana Juan Vicente Bolivar y Ponte,10.273404,-67.3581203,124.89223648540784,3.419643,2.7380749166098446,21337,94,65901.46918385729,70.9470502818877,56.80661366823791
VE050502,Urbana Castor Nieves Ríos,,,,VE050502,José Félix Ribas,,,,VE0505,Aragua,,,,VE05,Venezuela (República Bolivariana de),,,,VE,2021/02/23,,28.41392593,v01,es,,,,Venezuela (Bolivarian Republic of),Urbana Castor Nieves Rios,10.273404,-67.30902762,28.59344187502729,1.263995,4.420576597684582,5929,277,26546.527421584513,10.342245213051502,36.16999051130018
VE050503,No Urbana las Guacamayas,,,,VE050503,José Félix Ribas,,,,VE0505,Aragua,,,,VE05,Venezuela (República Bolivariana de),,,,VE,2021/02/23,,27.77570895,v01,es,,,,Venezuela (Bolivarian Republic of),No Urbana las Guacamayas,10.1995445,-67.3101515,27.95109705158449,0.61117,2.186568916676399,3959,0,10932.09639444446,0.0,0.0
VE050504,No Urbana Pao de Zarate,,,,VE050504,José Félix Ribas,,,,VE0505,Aragua,,,,VE05,Venezuela (República Bolivariana de),,,,VE,2021/02/23,,138.14939267,v01,es,,,,Venezuela (Bolivarian Republic of),No Urbana Pao de Zarate,10.1331215,-67.2726063,139.02514119284209,0.151283,0.1088170087093492,2936,0,1982.170879977828,0.0,0.0
VE050505,No Urbana Zuata,,,,VE050505,José Félix Ribas,,,,VE0505,Aragua,,,,VE05,Venezuela (República Bolivariana de),,,,VE,2021/02/23,,71.86674833,v01,es,,,,Venezuela (Bolivarian Republic of),No Urbana Zuata,10.1716365,-67.37657888,72.32198057309074,1.502767,2.0778841896914853,10568,1,28082.83343286042,0.0,0.0
VE050601,Capital José Rafael Revenga,,,,VE050601,José Rafael Revenga,,,,VE0506,Aragua,,,,VE05,Venezuela (República Bolivariana de),,,,VE,2021/02/23,,179.73913531,v01,es,,,,Venezuela (Bolivarian Republic of),Capital Jose Rafael Revenga,10.264141,-67.24667506,180.87297593648927,2.017419,1.115378894804266,16409,39,43486.87100659512,46.619999697659075,25.774994554205247
VE050701,Libertador,,,,VE050701,Libertador,,,,VE0507,Aragua,,,,VE05,Venezuela (República Bolivariana de),,,,VE,2021/02/23,,21.63803489,v01,es,,,,Venezuela (Bolivarian Republic of),Libertador,10.18368,-67.55549164,21.77483652972583,3.111933,14.291418425813472,20583,10,57308.44575654098,0.0,0.0
VE050702,No Urbana San Martin de Porres,,,,VE050702,Libertador,,,,VE0507,Aragua,,,,VE05,Venezuela (República Bolivariana de),,,,VE,2021/02/23,,34.45691432,v01,es,,,,Venezuela (Bolivarian Republic of),No Urbana San Martin de Porres,10.16731,-67.5928643,34.674318715214454,2.331546,6.724129229904553,17074,4,50010.25698079738,0.0,0.0
VE050801,Mario Briceño Iragorry,,,,VE050801,Mario Briceño Iragorri,,,,VE0508,Aragua,,,,VE05,Venezuela (República Bolivariana de),,,,VE,2021/02/23,,55.0000944,v01,es,,,,Venezuela (Bolivarian Republic of),Mario Briceno Iragorry,10.32246435,-67.63775678,55.349231274111744,2.009344,3.6303015484513548,10978,1312,38470.70962091677,55.34923127410278,99.9999999999838
VE050802,Urbana Caña de Azúcar,,,,VE050802,Mario Briceño Iragorri,,,,VE0508,Aragua,,,,VE05,Venezuela (República Bolivariana de),,,,VE,2021/02/23,,10.34824116,v01,es,,,,Venezuela (Bolivarian Republic of),Urbana Cana de Azucar,10.2767175,-67.63451713,10.413659468458153,1.971066,18.927697856552207,8004,2194,33743.57929359853,10.413659468461368,100.00000000003088
VE050901,San Casimiro,,,,VE050901,San Casimiro,,,,VE0509,Aragua,,,,VE05,Venezuela (República Bolivariana de),,,,VE,2021/02/23,,207.86214954,v01,es,,,,Venezuela (Bolivarian Republic of),San Casimiro,9.9777885,-67.01770936,209.17662804846947,1.349111,0.6449625909866901,9267,8,18014.818633050632,0.0,0.0
VE050902,No Urbana Guiripa,,,,VE050902,San Casimiro,,,,VE0509,Aragua,,,,VE05,Venezuela (República Bolivariana de),,,,VE,2021/02/23,,38.79278404,v01,es,,,,Venezuela (Bolivarian Republic of),No Urbana Guiripa,10.0395355,-67.03010312,39.03845760450832,0.061239,0.1568683901920548,1513,0,1271.9971146779135,0.0,0.0
VE050903,No Urbana Ollas de Caramacate,,,,VE050903,San Casimiro,,,,VE0509,Aragua,,,,VE05,Venezuela (República Bolivariana de),,,,VE,2021/02/23,,93.04182143,v01,es,,,,Venezuela (Bolivarian Republic of),No Urbana Ollas de Caramacate,9.9593945,-66.824822,93.63413418737359,0.050223,0.05363749068208128,838,0,508.0883729670895,0.0,0.0
VE050904,No Urbana Valle Morín,,,,VE050904,San Casimiro,,,,VE0509,Aragua,,,,VE05,Venezuela (República Bolivariana de),,,,VE,2021/02/23,,147.97803767,v01,es,,,,Venezuela (Bolivarian Republic of),No Urbana Valle Morin,9.959179,-66.91374532,148.91491822932377,0.22397,0.15040131819103175,1184,0,927.3325294582901,0.0,0.0
VE051001,Capital San Sebastián,,,,VE051001,San Sebastián,,,,VE0510,Aragua,,,,VE05,Venezuela (República Bolivariana de),,,,VE,2021/02/23,,505.62661684,v01,es,,,,Venezuela (Bolivarian Republic of),Capital San Sebastian,9.965561,-67.20101929,508.8796417899681,2.200509,0.43242228992690274,12005,0,20304.829234384277,0.0,0.0
VE051101,Santiago Mariño,,,,VE051101,Santiago Mariño,,,,VE0511,Aragua,,,,VE05,Venezuela (República Bolivariana de),,,,VE,2021/02/23,,20.69094169,v01,es,,,,Venezuela (Bolivarian Republic of),Santiago Marino,10.2112815,-67.47599284,20.82187293969391,3.409934,16.376692000168006,15354,64,58997.92518727613,0.0,0.0
VE051102,No Urbana Arévalo Aponte,,,,VE051102,Santiago Mariño,,,,VE0511,Aragua,,,,VE05,Venezuela (República Bolivariana de),,,,VE,2021/02/23,,182.04463475,v01,es,,,,Venezuela (Bolivarian Republic of),No Urbana Arevalo Aponte,10.3067685,-67.46564171,183.19597009816923,2.492244,1.3604251221598822,16140,21,34016.128238817735,168.79134279591082,92.13703920750037
VE051103,No Urbana Chuao,,,,VE051103,Santiago Mariño,,,,VE0511,Aragua,,,,VE05,Venezuela (República Bolivariana de),,,,VE,2021/02/23,,265.05129559,v01,es,,,,Venezuela (Bolivarian Republic of),No Urbana Chuao,10.44198,-67.49561708,266.7212240375137,0.098691,0.03700155484668867,1341,890,694.1116262700125,266.2314996761392,99.8163909290902
VE051104,No Urbana Samán de Guere,,,,VE051104,Santiago Mariño,,,,VE0511,Aragua,,,,VE05,Venezuela (República Bolivariana de),,,,VE,2021/02/23,,14.08612074,v01,es,,,,Venezuela (Bolivarian Republic of),No Urbana Saman de Guere,10.2255935,-67.52515581,14.17517832516856,3.845038,27.125147294782114,23150,106,67790.52486331933,0.0,0.0
VE051105,No Urbana Alfredo Pacheco Miranda,,,,VE051105,Santiago Mariño,,,,VE0511,Aragua,,,,VE05,Venezuela (República Bolivariana de),,,,VE,2021/02/23,,17.43222441,v01,es,,,,Venezuela (Bolivarian Republic of),No Urbana Alfredo Pacheco Miranda,10.2586315,-67.52961516,17.5421120337807,1.431566,8.160739124475121,7271,3,23000.4510103508,12.91548495514014,73.62559839014196
VE051201,Santos Michelena,,,,VE051201,Santos Michelena,,,,VE0512,Aragua,,,,VE05,Venezuela (República Bolivariana de),,,,VE,2021/02/23,,96.38520779,v01,es,,,,Venezuela (Bolivarian Republic of),Santos Michelena,10.24307998,-67.14869288,96.99456781292847,1.808315,1.8643466750505675,12641,92,46408.040550069534,0.13468150398332276,0.13885468745330187
VE051202,No Urbana Tiara,,,,VE051202,Santos Michelena,,,,VE0512,Aragua,,,,VE05,Venezuela (República Bolivariana de),,,,VE,2021/02/23,,112.54888044,v01,es,,,,Venezuela (Bolivarian Republic of),No Urbana Tiara,10.14357229,-67.16771803,113.26048399889241,0.072299,0.06383426721071317,2192,0,4701.651983547123,0.0,0.0
VE051301,Sucre,,,,VE051301,Sucre,,,,VE0513,Aragua,,,,VE05,Venezuela (República Bolivariana de),,,,VE,2021/02/23,,39.26398554,v01,es,,,,Venezuela (Bolivarian Republic of),Sucre,10.1716365,-67.45043813,39.511913815840394,6.605709,16.71827143273369,31413,47,95566.59371198819,0.0,0.0
VE051302,No Urbana Bella Vista,,,,VE051302,Sucre,,,,VE0513,Aragua,,,,VE05,Venezuela (República Bolivariana de),,,,VE,2021/02/23,,26.93181081,v01,es,,,,Venezuela (Bolivarian Republic of),No Urbana Bella Vista,10.135544,-67.42915307,27.102289621947556,0.392811,1.4493646311044508,2992,0,6382.207314329629,0.0,0.0
VE051401,Capital Tovar,,,,VE051401,Tovar,,,,VE0514,Aragua,,,,VE05,Venezuela (República Bolivariana de),,,,VE,2021/02/23,,285.20221109,v01,es,,,,Venezuela (Bolivarian Republic of),Capital Tovar,10.42495301,-67.39134113,286.9804311747588,0.542339,0.18898117818693316,13408,184,9257.730899569593,286.78388743196933,99.93151318994647
VE051504,No Urbana Taguay,,,,VE051504,Urdaneta,,,,VE0515,Aragua,,,,VE05,Venezuela (República Bolivariana de),,,,VE,2021/02/23,,437.98454174,v01,es,,,,Venezuela (Bolivarian Republic of),No Urbana Taguay,9.81289016,-66.65028609,440.75745305762854,0.60674,0.13765847764817477,3470,8,3638.1268299805342,0.0,0.0
VE051601,Ezequiel Zamora,,,,VE051601,Ezequiel Zamora,,,,VE0516,Aragua,,,,VE05,Venezuela (República Bolivariana de),,,,VE,2021/02/23,,350.64528274,v01,es,,,,Venezuela (Bolivarian Republic of),Ezequiel Zamora,10.0311635,-67.42596359,352.857526757295,5.899914,1.6720385857202138,36909,119,94975.04126120417,0.0,0.0
VE051602,No Urbana Magdaleno,,,,VE051602,Ezequiel Zamora,,,,VE0516,Aragua,,,,VE05,Venezuela (República Bolivariana de),,,,VE,2021/02/23,,65.39140555,v01,es,,,,Venezuela (Bolivarian Republic of),No Urbana Magdaleno,10.08459686,-67.63133362,65.80693333294718,1.289566,1.9596202629219928,8328,3,21180.058510905514,0.0,0.0
VE051603,No Urbana San Francisco de Asís,,,,VE051603,Ezequiel Zamora,,,,VE0516,Aragua,,,,VE05,Venezuela (República Bolivariana de),,,,VE,2021/02/23,,86.57156767,v01,es,,,,Venezuela (Bolivarian Republic of),No Urbana San Francisco de Asis,10.0688995,-67.5613356,87.1213117727539,1.19809,1.375197383534677,8090,0,14480.496437644753,0.0,0.0
VE051604,No Urbana Valles de Tucutunemo,,,,VE051604,Ezequiel Zamora,,,,VE0516,Aragua,,,,VE05,Venezuela (República Bolivariana de),,,,VE,2021/02/23,,99.79646067,v01,es,,,,Venezuela (Bolivarian Republic of),No Urbana Valles de Tucutunemo,10.0875035,-67.38341013,100.42738977280584,0.800625,0.7972177727721812,5310,1,8108.145314960366,0.0,0.0
VE051605,No Urbana Augusto Mijares,,,,VE051605,Ezequiel Zamora,,,,VE0516,Aragua,,,,VE05,Venezuela (República Bolivariana de),,,,VE,2021/02/23,,63.19658908,v01,es,,,,Venezuela (Bolivarian Republic of),No Urbana Augusto Mijares,10.0743275,-67.59240826,63.59563223725842,0.379287,0.5964041659102953,2709,0,3811.678537201944,0.0,0.0
VE051701,Francisco Linares Alcántara,,,,VE051701,Francisco Linares Alcántara,,,,VE0517,Aragua,,,,VE05,Venezuela (República Bolivariana de),,,,VE,2021/02/23,,19.8497824,v01,es,,,,Venezuela (Bolivarian Republic of),Francisco Linares Alcantara,10.2013085,-67.51455174,19.975460926846978,2.965463,14.845529777059733,23582,35,66577.29905288017,0.0,0.0
VE051702,No Urbana Francisco de Miranda,,,,VE051702,Francisco Linares Alcántara,,,,VE0517,Aragua,,,,VE05,Venezuela (República Bolivariana de),,,,VE,2021/02/23,,1.63769787,v01,es,,,,Venezuela (Bolivarian Republic of),No Urbana Francisco de Miranda,10.2034385,-67.57508114,1.6480535769284448,0.65078,39.487793910977665,5570,0,15212.652173161507,0.0,0.0
VE051703,No Urbana Monseñor Feliciano González,,,,VE051703,Francisco Linares Alcántara,,,,VE0517,Aragua,,,,VE05,Venezuela (República Bolivariana de),,,,VE,2021/02/23,,1.28769434,v01,es,,,,Venezuela (Bolivarian Republic of),No Urbana Monsenor Feliciano Gonzalez,10.201277,-67.59214029,1.2958412487105755,0.223019,17.21036432679656,1638,0,5205.258517695125,0.0,0.0
VE051801,Ocumare de la Costa de Oro,,,,VE051801,Ocumare de la Costa de Oro,,,,VE0518,Aragua,,,,VE05,Venezuela (República Bolivariana de),,,,VE,2021/02/23,,401.34002246,v01,es,,,,Venezuela (Bolivarian Republic of),Ocumare de la Costa de Oro,10.41602953,-67.75639582,403.8725800360048,1.374395,0.34030411271730165,9980,876,19196.947486430647,400.66539862934053,99.20589275796382
VE110104,Libertador,,,,VE110104,Acosta,,,,VE1101,Falcón,,,,VE11,Venezuela (República Bolivariana de),,,,VE,2021/02/23,,107.21558335,v01,es,,,,Venezuela (Bolivarian Republic of),Libertador,11.0271945,-68.45266312,107.88639193538506,0.070569,0.06541047367889079,744,0,1567.2406717461636,0.0,0.0
VE080101,Urbana Bejuma,,,,VE080101,Bejuma,,,,VE0801,Carabobo,,,,VE08,Venezuela (República Bolivariana de),,,,VE,2021/02/23,,181.20266741,v01,es,,,,Venezuela (Bolivarian Republic of),Urbana Bejuma,10.140931,-68.25259302,182.34607308159502,2.156481,1.1826308971485402,14080,4,21636.12451910336,182.34571225752688,99.99980212128398
VE080102,No Urbana Canoabo,,,,VE080102,Bejuma,,,,VE0801,Carabobo,,,,VE08,Venezuela (República Bolivariana de),,,,VE,2021/02/23,,225.49003015,v01,es,,,,Venezuela (Bolivarian Republic of),No Urbana Canoabo,10.33434594,-68.31519141,226.90907110412965,0.408623,0.1800822673204109,5625,1,8208.622996359598,225.7710739984858,99.49847879588665
VE080103,No Urbana Simón Bolívar,,,,VE080103,Bejuma,,,,VE0801,Carabobo,,,,VE08,Venezuela (República Bolivariana de),,,,VE,2021/02/23,,144.79487782,v01,es,,,,Venezuela (Bolivarian Republic of),No Urbana Simon Bolivar,10.2164735,-68.18485264,145.71639658896038,0.728761,0.5001228530621046,5062,0,5449.783535997707,145.71638696493014,99.99999339536905
VE080201,No Urbana Guigue,,,,VE080201,Carlos Arvelo,,,,VE0802,Carabobo,,,,VE08,Venezuela (República Bolivariana de),,,,VE,2021/02/23,,223.69393351,v01,es,,,,Venezuela (Bolivarian Republic of),No Urbana Guigue,10.06624676,-67.76495148,225.11002130972759,3.886897,1.7266654666839734,27732,79,57635.6231090644,0.0,0.0
VE080202,No Urbana Belen,,,,VE080202,Carlos Arvelo,,,,VE0802,Carabobo,,,,VE08,Venezuela (República Bolivariana de),,,,VE,2021/02/23,,469.09859098,v01,es,,,,Venezuela (Bolivarian Republic of),No Urbana Belen,9.92589537,-67.66440432,472.0936105201974,1.039122,0.2201093123999279,8946,24,14884.992710190309,0.0,0.0
VE080203,No Urbana Tacarigua Central,,,,VE080203,Carlos Arvelo,,,,VE0802,Carabobo,,,,VE08,Venezuela (República Bolivariana de),,,,VE,2021/02/23,,177.46972522,v01,es,,,,Venezuela (Bolivarian Republic of),No Urbana Tacarigua Central,10.0434765,-67.90010482,178.59667777597554,3.40896,1.9087477115761706,26938,14,59695.98178045569,1.8181581371786144,1.0180246126746202
VE080301,Urbana Aguas Calientes,,,,VE080301,Diego Ibarra,,,,VE0803,Carabobo,,,,VE08,Venezuela (República Bolivariana de),,,,VE,2021/02/23,,37.00603311,v01,es,,,,Venezuela (Bolivarian Republic of),Urbana Aguas Calientes,10.28892554,-67.6713815,37.24043246832422,1.629971,4.376885261433021,10929,3,27881.726874990545,33.30035225904261,89.41988599989287
VE080302,Urbana Mariara,,,,VE080302,Diego Ibarra,,,,VE0803,Carabobo,,,,VE08,Venezuela (República Bolivariana de),,,,VE,2021/02/23,,43.00862786,v01,es,,,,Venezuela (Bolivarian Republic of),Urbana Mariara,10.3012595,-67.71609155,43.27996064969725,3.31098,7.650145587697433,21501,110,68366.26902899053,38.95485167122409,90.00667072347855
VE080401,Urbana Ciudad Alianza,,,,VE080401,Guacara,,,,VE0804,Carabobo,,,,VE08,Venezuela (República Bolivariana de),,,,VE,2021/02/23,,12.16436052,v01,es,,,,Venezuela (Bolivarian Republic of),Urbana Ciudad Alianza,10.189684,-67.89345518,12.241351033704998,2.148797,17.553593505190413,8766,118,31882.333945077306,10.67665420601317,87.21794005103166
VE080402,Urbana Guacara,,,,VE080402,Guacara,,,,VE0804,Carabobo,,,,VE08,Venezuela (República Bolivariana de),,,,VE,2021/02/23,,132.11196281,v01,es,,,,Venezuela (Bolivarian Republic of),Urbana Guacara,10.2653985,-67.87714457,132.9524607364487,8.997758,6.767650594926731,47289,2424,135664.78626702973,127.84368817165502,96.15744414470012
VE080403,No Urbana Yagua,,,,VE080403,Guacara,,,,VE0804,Carabobo,,,,VE08,Venezuela (República Bolivariana de),,,,VE,2021/02/23,,33.63553819,v01,es,,,,Venezuela (Bolivarian Republic of),No Urbana Yagua,10.2703325,-67.91627132,33.84791045050701,2.594357,7.664747883901173,12787,123,31587.351877074056,33.8480217350315,100.00032877812252
VE080501,Urbana Morón,,,,VE080501,Juan José Mora,,,,VE0805,Carabobo,,,,VE08,Venezuela (República Bolivariana de),,,,VE,2021/02/23,,316.41761415,v01,es,,,,Venezuela (Bolivarian Republic of),Urbana Moron,10.439713,-68.22007201,318.40698103394635,4.626376,1.4529756806766643,22338,17692,57769.79849702357,316.5372761588097,99.41279400688224
VE080502,No Urbana Urama,,,,VE080502,Juan José Mora,,,,VE0805,Carabobo,,,,VE08,Venezuela (República Bolivariana de),,,,VE,2021/02/23,,215.44403173,v01,es,,,,Venezuela (Bolivarian Republic of),No Urbana Urama,10.47459043,-68.33839014,216.80272262119055,0.515379,0.23771795564601744,5432,5,5064.949505367229,216.43719595848822,99.83140125811934
VE080601,Urbana Tocuyito,,,,VE080601,Libertador,,,,VE0806,Carabobo,,,,VE08,Venezuela (República Bolivariana de),,,,VE,2021/02/23,,209.84304334,v01,es,,,,Venezuela (Bolivarian Republic of),Urbana Tocuyito,10.1140485,-68.12496949,211.17384576992785,8.763756,4.150019604960001,57958,383,139178.57572221645,184.39749844588505,87.32023502890817
VE080602,Urbana Independencia,,,,VE080602,Libertador,,,,VE0806,Carabobo,,,,VE08,Venezuela (República Bolivariana de),,,,VE,2021/02/23,,331.10830097,v01,es,,,,Venezuela (Bolivarian Republic of),Urbana Independencia,9.97470229,-68.12964369,333.2148183331265,2.945494,0.8839624884435021,24930,20,42368.76810540371,52.77249243934925,15.83737863260053
VE080701,Urbana los Guayos,,,,VE080701,Los Guayos,,,,VE0807,Carabobo,,,,VE08,Venezuela (República Bolivariana de),,,,VE,2021/02/23,,66.49382621,v01,es,,,,Venezuela (Bolivarian Republic of),Urbana los Guayos,10.15180508,-67.89517183,66.91337659862852,7.229435,10.804170059097238,40275,247,125824.23854595612,49.924553409843995,74.61072202245921
VE080801,Urbana Miranda,,,,VE080801,Miranda,,,,VE0808,Carabobo,,,,VE08,Venezuela (República Bolivariana de),,,,VE,2021/02/23,,182.01457027,v01,es,,,,Venezuela (Bolivarian Republic of),Urbana Miranda,10.10750403,-68.35335522,183.16881976869576,1.569963,0.8571125817060664,13151,111,16406.68983143164,183.16760791187286,99.9993383934971
VE080901,Urbana Montalbán,,,,VE080901,Montalbán,,,,VE0809,Carabobo,,,,VE08,Venezuela (República Bolivariana de),,,,VE,2021/02/23,,138.08721333,v01,es,,,,Venezuela (Bolivarian Republic of),Urbana Montalban,10.2115553,-68.32102841,138.96250525785067,2.340879,1.6845400100238568,15279,1,27247.811255210156,138.964847670189,100.00168564342877
VE081001,Urbana Naguanagua,,,,VE081001,Naguanagua,,,,VE0810,Carabobo,,,,VE08,Venezuela (República Bolivariana de),,,,VE,2021/02/23,,199.56390302,v01,es,,,,Venezuela (Bolivarian Republic of),Urbana Naguanagua,10.284856,-68.06883695,200.8236089656021,7.318722,3.6443533893734483,42797,479,136275.4411786976,200.81913976992752,99.99777456659723
VE081101,Urbana Bartolomé Salom,,,,VE081101,Puerto Cabello,,,,VE0811,Carabobo,,,,VE08,Venezuela (República Bolivariana de),,,,VE,2021/02/23,,71.75767331,v01,es,,,,Venezuela (Bolivarian Republic of),Urbana Bartolome Salom,10.400893,-68.00362431,72.21106346194418,1.584707,2.1945487630647538,11266,58,35621.45400698544,72.21109257379253,100.000040314942
VE081102,Urbana Democracia,,,,VE081102,Puerto Cabello,,,,VE0811,Carabobo,,,,VE08,Venezuela (República Bolivariana de),,,,VE,2021/02/23,,152.78315497,v01,es,,,,Venezuela (Bolivarian Republic of),Urbana Democracia,10.3961015,-68.1167674,153.74540747168012,1.119858,0.7283846837547181,7511,0,14610.825960796148,153.74589072580196,100.00031432101277
VE081104,Urbana Goaigoaza,,,,VE081104,Puerto Cabello,,,,VE0811,Carabobo,,,,VE08,Venezuela (República Bolivariana de),,,,VE,2021/02/23,,74.48355732,v01,es,,,,Venezuela (Bolivarian Republic of),Urbana Goaigoaza,10.398743,-68.04884003,74.953439315491,1.943456,2.592884352937673,14477,93,41968.280205778894,74.95470331857484,100.00168638436794
VE081107,No Urbana Borburata,,,,VE081107,Puerto Cabello,,,,VE0811,Carabobo,,,,VE08,Venezuela (República Bolivariana de),,,,VE,2021/02/23,,58.69727431,v01,es,,,,Venezuela (Bolivarian Republic of),No Urbana Borburata,10.413928,-67.96754577,59.06666294093898,0.526038,0.8905835776197273,2971,89,6002.93462374682,58.34569950492323,98.77940719837746
VE081108,No Urbana Patanemo,,,,VE081108,Puerto Cabello,,,,VE0811,Carabobo,,,,VE08,Venezuela (República Bolivariana de),,,,VE,2021/02/23,,83.5532591,v01,es,,,,Venezuela (Bolivarian Republic of),No Urbana Patanemo,10.41860607,-67.91378247,84.0799675943358,0.305065,0.3628272092965831,3185,0,3208.7372916450913,81.40628459788435,96.82007132858176
VE081201,Urbana San Diego,,,,VE081201,San Diego,,,,VE0812,Carabobo,,,,VE08,Venezuela (República Bolivariana de),,,,VE,2021/02/23,,114.00622978,v01,es,,,,Venezuela (Bolivarian Republic of),Urbana San Diego,10.270591,-67.96187857,114.72462073331286,8.809471,7.678797230873715,41650,1063,117590.97272668208,114.6012523948377,99.89246568200741
VE081301,Urbana San Joaquín,,,,VE081301,San Joaquín,,,,VE0813,Carabobo,,,,VE08,Venezuela (República Bolivariana de),,,,VE,2021/02/23,,137.48363535,v01,es,,,,Venezuela (Bolivarian Republic of),Urbana San Joaquin,10.277068,-67.79780808,138.35464386873977,4.000574,2.8915357577700367,24379,942,70416.23762478898,129.4064150178743,93.53239717825818
VE081401,Urbana Candelaria,,,,VE081401,Valencia,,,,VE0814,Carabobo,,,,VE08,Venezuela (República Bolivariana de),,,,VE,2021/02/23,,3.91562289,v01,es,,,,Venezuela (Bolivarian Republic of),Urbana Candelaria,10.176394,-68.01585349,3.940395300473467,1.04229,26.451407042201105,4506,34,23793.814523128793,3.940395300471669,99.99999999995437
VE081402,Urbana Catedral,,,,VE081402,Valencia,,,,VE0814,Carabobo,,,,VE08,Venezuela (República Bolivariana de),,,,VE,2021/02/23,,0.56656837,v01,es,,,,Venezuela (Bolivarian Republic of),Urbana Catedral,10.1848115,-68.00147292,0.5701529648627839,0.223685,39.23245405797956,506,10,3739.035749197006,0.5701529648641381,100.00000000023753
VE081403,Urbana el Socorro,,,,VE081403,Valencia,,,,VE0814,Carabobo,,,,VE08,Venezuela (República Bolivariana de),,,,VE,2021/02/23,,1.06814163,v01,es,,,,Venezuela (Bolivarian Republic of),Urbana el Socorro,10.183713,-68.00917285,1.0748999493735247,0.321856,29.94287981756672,1423,33,7130.85158893466,1.0748999493735247,100.0
VE081404,Urbana Miguel Peña,,,,VE081404,Valencia,,,,VE0814,Carabobo,,,,VE08,Venezuela (República Bolivariana de),,,,VE,2021/02/23,,174.99553486,v01,es,,,,Venezuela (Bolivarian Republic of),Urbana Miguel Pena,10.0612745,-68.01967191,176.10753544333988,13.573804,7.707679268708624,97927,306,285802.65698805294,73.22120313619219,41.57755257426226
VE081405,Urbana Rafael Urdaneta,,,,VE081405,Valencia,,,,VE0814,Carabobo,,,,VE08,Venezuela (República Bolivariana de),,,,VE,2021/02/23,,50.12602614,v01,es,,,,Venezuela (Bolivarian Republic of),Urbana Rafael Urdaneta,10.14137,-67.94744651,50.44351549273262,12.152675,24.091649603110692,51407,384,150272.9766136629,50.27836314145653,99.67259944184524
VE081406,Urbana San Blas,,,,VE081406,Valencia,,,,VE0814,Carabobo,,,,VE08,Venezuela (República Bolivariana de),,,,VE,2021/02/23,,2.72245049,v01,es,,,,Venezuela (Bolivarian Republic of),Urbana San Blas,10.1799315,-67.99309618,2.739681887056994,0.967089,35.29931721521366,3968,26,20291.12023432064,2.739681887060548,100.00000000012973
VE081407,Urbana San José,,,,VE081407,Valencia,,,,VE0814,Carabobo,,,,VE08,Venezuela (República Bolivariana de),,,,VE,2021/02/23,,83.35666533,v01,es,,,,Venezuela (Bolivarian Republic of),Urbana San Jose,10.1990245,-68.05020526,83.88537265480399,7.276985,8.674915267940051,30303,284,111852.51109217964,83.51969880623442,99.56407912727006
VE081408,Urbana Santa Rosa,,,,VE081408,Valencia,,,,VE0814,Carabobo,,,,VE08,Venezuela (República Bolivariana de),,,,VE,2021/02/23,,32.86414394,v01,es,,,,Venezuela (Bolivarian Republic of),Urbana Santa Rosa,10.1229995,-67.98501471,33.07151997953677,3.391212,10.254176409485671,19029,39,64697.80589301011,27.365492950601,82.74640224438909
VE081409,No Urbana Negro Primero,,,,VE081409,Valencia,,,,VE0814,Carabobo,,,,VE08,Venezuela (República Bolivariana de),,,,VE,2021/02/23,,428.87161668,v01,es,,,,Venezuela (Bolivarian Republic of),No Urbana Negro Primero,9.91444802,-67.93290855,431.57545146999684,0.257657,0.0597014957923093,6058,11,4695.692004001812,0.0,0.0
VE090102,Juan de Mata Suarez,,,,VE090102,Anzoátegui,,,,VE0901,Cojedes,,,,VE09,Venezuela (República Bolivariana de),,,,VE,2021/02/23,,384.32705091,v01,es,,,,Venezuela (Bolivarian Republic of),Juan de Mata Suarez,9.75758544,-68.8978751,386.7728164653363,0.762096,0.19703970071234342,5782,0,11846.86434524419,118.21274573664147,30.56387127124691
VE090201,Tinaquillo,,,,VE090201,Tinaquillo,,,,VE0902,Cojedes,,,,VE09,Venezuela (República Bolivariana de),,,,VE,2021/02/23,,667.92942271,v01,es,,,,Venezuela (Bolivarian Republic of),Tinaquillo,9.94054305,-68.31700929,672.1102609880265,8.36808,1.2450457143294642,53885,2531,93009.66591526913,586.7528681506807,87.30009080476358
VE090401,Macapo,,,,VE090401,Lima Blanco,,,,VE0904,Cojedes,,,,VE09,Venezuela (República Bolivariana de),,,,VE,2021/02/23,,101.07053483,v01,es,,,,Venezuela (Bolivarian Republic of),Macapo,9.834759,-68.44983961,101.71210385955136,0.326016,0.3205282239075278,3482,6,3283.159622239,77.67740385572826,76.36987232413234
VE090402,La Aguadita,,,,VE090402,Lima Blanco,,,,VE0904,Cojedes,,,,VE09,Venezuela (República Bolivariana de),,,,VE,2021/02/23,,54.04351861,v01,es,,,,Venezuela (Bolivarian Republic of),La Aguadita,9.805579,-68.39021928,54.38540755326856,0.318105,0.5849087362054382,2889,2,3413.1984085291115,11.62180626217102,21.369346640986148
VE090501,El Pao,,,,VE090501,Pao de San Juan Bautista,,,,VE0905,Cojedes,,,,VE09,Venezuela (República Bolivariana de),,,,VE,2021/02/23,,4673.49974025,v01,es,,,,Venezuela (Bolivarian Republic of),El Pao,9.25826961,-68.11795944,4704.927165487856,1.511213,0.032119795840522894,14345,683,16851.4608509018,0.0,0.0
VE090801,San Carlos de Austria,,,,VE090801,Ezequiel Zamora,,,,VE0908,Cojedes,,,,VE09,Venezuela (República Bolivariana de),,,,VE,2021/02/23,,953.22326091,v01,es,,,,Venezuela (Bolivarian Republic of),San Carlos de Austria,9.67680991,-68.67411723,959.2885358788877,6.79109,0.7079298611421526,45694,188,77996.88408336692,37.850303875029994,3.9456641520636997
VE090803,Manuel Manrique,,,,VE090803,Ezequiel Zamora,,,,VE0908,Cojedes,,,,VE09,Venezuela (República Bolivariana de),,,,VE,2021/02/23,,145.04579838,v01,es,,,,Venezuela (Bolivarian Republic of),Manuel Manrique,9.816338,-68.53952632,145.9675274037333,0.163563,0.11205437463333824,3654,0,1477.0852267266673,81.71236610831006,55.97982480192383
VE110401,Cacique Manaure,,,,VE110401,Cacique Manaure,,,,VE1104,Falcón,,,,VE11,Venezuela (República Bolivariana de),,,,VE,2021/02/23,,215.56771019,v01,es,,,,Venezuela (Bolivarian Republic of),Cacique Manaure,10.9975395,-68.54871295,216.91556990805304,0.720512,0.33216241706642513,5662,0,12096.807905191512,0.0,0.0
VE111101,Jacura,,,,VE111101,Jacura,,,,VE1111,Falcón,,,,VE11,Venezuela (República Bolivariana de),,,,VE,2021/02/23,,827.75959881,v01,es,,,,Venezuela (Bolivarian Republic of),Jacura,11.08495,-68.88837373,832.9043893781372,0.250368,0.0300596326772788,4169,0,4596.8137986005895,0.0,0.0
VE111102,Agua Linda,,,,VE111102,Jacura,,,,VE1111,Falcón,,,,VE11,Venezuela (República Bolivariana de),,,,VE,2021/02/23,,1017.013873,v01,es,,,,Venezuela (Bolivarian Republic of),Agua Linda,10.991494,-69.07040115,1023.4170779925801,0.033996,0.0033218128494281857,1815,0,1241.6046509055013,13.343308535997725,1.3037996749253453
VE111103,Araurima,,,,VE111103,Jacura,,,,VE1111,Falcón,,,,VE11,Venezuela (República Bolivariana de),,,,VE,2021/02/23,,349.53073712,v01,es,,,,Venezuela (Bolivarian Republic of),Araurima,10.9070175,-68.80946982,351.7265622607776,0.197886,0.05626131808984137,2987,0,5115.948815276257,0.5866588476244612,0.16679401289843437
VE111502,Boca de Tocuyo,,,,VE111502,Monseñor Iturriza,,,,VE1115,Falcón,,,,VE11,Venezuela (República Bolivariana de),,,,VE,2021/02/23,,10.58956393,v01,es,,,,Venezuela (Bolivarian Republic of),Boca de Tocuyo,11.03266397,-68.34030164,10.655827180608824,0.153424,1.4398131407310801,1149,0,538.7001696177103,0.0,0.0
VE111503,Tocuyo de la Costa,,,,VE111503,Monseñor Iturriza,,,,VE1115,Falcón,,,,VE11,Venezuela (República Bolivariana de),,,,VE,2021/02/23,,792.89329726,v01,es,,,,Venezuela (Bolivarian Republic of),Tocuyo de la Costa,10.852175,-68.66524895,797.8137944853,1.042627,0.1306855067193515,8813,8,6874.174439321416,307.2899141460956,38.51649548681218
VE111601,Palmasola,,,,VE111601,Palmasola,,,,VE1116,Falcón,,,,VE11,Venezuela (República Bolivariana de),,,,VE,2021/02/23,,265.14815341,v01,es,,,,Venezuela (Bolivarian Republic of),Palmasola,10.67090478,-68.5601401,266.8071421136149,0.531347,0.1991502160664559,4929,0,11738.0584698735,266.8123476890924,100.0019510630174
VE111901,San Francisco,,,,VE111901,San Francisco,,,,VE1119,Falcón,,,,VE11,Venezuela (República Bolivariana de),,,,VE,2021/02/23,,364.52142917,v01,es,,,,Venezuela (Bolivarian Republic of),San Francisco,11.1582445,-68.71626849,366.77489887437997,0.53394,0.14557702875486958,6009,1,12167.08125234046,0.0,0.0
VE112001,Tucacas,,,,VE112001,Silva,,,,VE1120,Falcón,,,,VE11,Venezuela (República Bolivariana de),,,,VE,2021/02/23,,489.45293258,v01,es,,,,Venezuela (Bolivarian Republic of),Tucacas,10.79366177,-68.46649412,492.5371320108157,2.588559,0.5255561117660379,16611,37,28858.07904760209,242.50521089685546,49.23592459045915
VE112002,Boca de Aroa,,,,VE112002,Silva,,,,VE1120,Falcón,,,,VE11,Venezuela (República Bolivariana de),,,,VE,2021/02/23,,345.85130907,v01,es,,,,Venezuela (Bolivarian Republic of),Boca de Aroa,10.66018694,-68.38646097,348.0146994852533,0.768381,0.22078981179142956,5959,0,5819.177011753865,342.97012402853045,98.55047057949443
VE112301,Santa Cruz de Bucaral,,,,VE112301,Unión,,,,VE1123,Falcón,,,,VE11,Venezuela (República Bolivariana de),,,,VE,2021/02/23,,229.08810917,v01,es,,,,Venezuela (Bolivarian Republic of),Santa Cruz de Bucaral,10.8506145,-69.28615649,230.51213493506037,0.406233,0.17623063536956243,4348,0,11253.390048445173,3.4069974464882997,1.4780121868413196
VE112302,El Charal,,,,VE112302,Unión,,,,VE1123,Falcón,,,,VE11,Venezuela (República Bolivariana de),,,,VE,2021/02/23,,294.41886658,v01,es,,,,Venezuela (Bolivarian Republic of),El Charal,10.9299035,-69.22754124,296.2514708606295,0.139861,0.04721022973951651,2258,0,3267.0570159605995,0.07195288877436055,0.024287774357822693
VE112303,Las Vegas Deltuy,,,,VE112303,Unión,,,,VE1123,Falcón,,,,VE11,Venezuela (República Bolivariana de),,,,VE,2021/02/23,,487.74694789,v01,es,,,,Venezuela (Bolivarian Republic of),Las Vegas Deltuy,10.761614,-69.02535858,490.7972917226372,0.071723,0.014613568821511061,2264,0,3719.094765600981,295.2572966187268,60.15870535520083
VE120901,Capital Altagracia de Orituco,,,,VE120901,José Tadeo Monagas,,,,VE1209,Guárico,,,,VE12,Venezuela (República Bolivariana de),,,,VE,2021/02/23,,413.1285249,v01,es,,,,Venezuela (Bolivarian Republic of),Capital Altagracia de Orituco,9.9265295,-66.38738761,415.75483521822207,3.661593,0.8807096610381204,7007,33,41993.54195163868,0.0,0.0
VE120904,Paso Real de Macaira,,,,VE120904,José Tadeo Monagas,,,,VE1209,Guárico,,,,VE12,Venezuela (República Bolivariana de),,,,VE,2021/02/23,,524.42188045,v01,es,,,,Venezuela (Bolivarian Republic of),Paso Real de Macaira,9.7431655,-66.07665932,527.7690940827317,0.491582,0.09314338514921468,1575,24,4367.516363707704,0.0,0.0
VE120905,San Francisco de Macaira,,,,VE120905,José Tadeo Monagas,,,,VE1209,Guárico,,,,VE12,Venezuela (República Bolivariana de),,,,VE,2021/02/23,,161.90726256,v01,es,,,,Venezuela (Bolivarian Republic of),San Francisco de Macaira,9.9305365,-66.20414535,162.93514821980065,0.14732,0.0904163414767109,501,0,888.9610886957162,0.0,0.0
VE120906,San Rafael de Orituco,,,,VE120906,José Tadeo Monagas,,,,VE1209,Guárico,,,,VE12,Venezuela (República Bolivariana de),,,,VE,2021/02/23,,625.63421581,v01,es,,,,Venezuela (Bolivarian Republic of),San Rafael de Orituco,9.85474673,-66.50637749,629.5754942819229,0.554202,0.08802788625565994,2848,11,5676.708527589193,0.0,0.0
VE121004,San Lorenzo de Tiznados,,,,VE121004,Ortiz,,,,VE1210,Guárico,,,,VE12,Venezuela (República Bolivariana de),,,,VE,2021/02/23,,605.6029897,v01,es,,,,Venezuela (Bolivarian Republic of),San Lorenzo de Tiznados,9.78428864,-67.66929991,609.4502773025371,0.122581,0.02011337176554431,2372,32,1146.512525262242,0.0,0.0
VE121201,Capital San Juan de los Morros,,,,VE121201,Juan Germán Roscio,,,,VE1212,Guárico,,,,VE12,Venezuela (República Bolivariana de),,,,VE,2021/02/23,,581.76748832,v01,es,,,,Venezuela (Bolivarian Republic of),Capital San Juan de los Morros,9.89283762,-67.33969157,585.4440199786859,7.24327,1.237226746335833,46225,612,95112.48924613209,0.0,0.0
VE121202,Cantagallo,,,,VE121202,Juan Germán Roscio,,,,VE1212,Guárico,,,,VE12,Venezuela (República Bolivariana de),,,,VE,2021/02/23,,242.75886247,v01,es,,,,Venezuela (Bolivarian Republic of),Cantagallo,9.784681,-67.44751621,244.29736585474612,0.486053,0.1989595746558301,2404,0,2028.996150871753,0.0,0.0
VE121203,Parapara,,,,VE121203,Juan Germán Roscio,,,,VE1212,Guárico,,,,VE12,Venezuela (República Bolivariana de),,,,VE,2021/02/23,,992.0594376,v01,es,,,,Venezuela (Bolivarian Republic of),Parapara,9.69359273,-67.22227494,998.3947798301255,0.807825,0.08091238218788058,4660,104,5615.390219408862,0.0,0.0
VE130201,Freitez,,,,VE130201,Crespo,,,,VE1302,Lara,,,,VE13,Venezuela (República Bolivariana de),,,,VE,2021/02/23,,459.32150732,v01,es,,,,Venezuela (Bolivarian Republic of),Freitez,10.30910281,-69.10871769,462.23239538825294,1.235789,0.26735231289057465,14941,96,31205.429930347345,392.75084501357424,84.9682646504433
VE130202,José María Blanco,,,,VE130202,Crespo,,,,VE1302,Lara,,,,VE13,Venezuela (República Bolivariana de),,,,VE,2021/02/23,,306.53077834,v01,es,,,,Venezuela (Bolivarian Republic of),Jose Maria Blanco,10.3454185,-69.22677035,308.46710413447965,0.525663,0.17041136411447988,9361,1,6177.1648598873435,3.32437373640145,1.0777077010299783
VE130306,Tamaca,,,,VE130306,Iribarren,,,,VE1303,Lara,,,,VE13,Venezuela (República Bolivariana de),,,,VE,2021/02/23,,277.05372273,v01,es,,,,Venezuela (Bolivarian Republic of),Tamaca,10.274623,-69.33636647,278.7785542470746,4.747034,1.7027974095140834,38623,0,54481.14059472323,2.8868860378620753,1.0355481057927787
VE130602,José Gregorio Bastidas,,,,VE130602,Palavecino,,,,VE1306,Lara,,,,VE13,Venezuela (República Bolivariana de),,,,VE,2021/02/23,,165.56489251,v01,es,,,,Venezuela (Bolivarian Republic of),Jose Gregorio Bastidas,9.97082161,-69.20833723,166.61795439732822,5.003654,3.003070118162629,31081,206,83999.367226522,0.0,0.0
VE130701,Sarare,,,,VE130701,Simón Planas,,,,VE1307,Lara,,,,VE13,Venezuela (República Bolivariana de),,,,VE,2021/02/23,,418.13048041,v01,es,,,,Venezuela (Bolivarian Republic of),Sarare,9.8155515,-69.12826996,420.7913135351926,1.002111,0.23814916510062156,8991,19,12288.264667836724,85.85327234141995,20.402814787249564
VE130702,Buria,,,,VE130702,Simón Planas,,,,VE1307,Lara,,,,VE13,Venezuela (República Bolivariana de),,,,VE,2021/02/23,,275.73563963,v01,es,,,,Venezuela (Bolivarian Republic of),Buria,9.89775961,-69.01819367,277.4884667080814,0.297314,0.10714463326246101,5612,0,4632.855731698681,273.77313429591334,98.66108582592855
VE130902,Moroturo,,,,VE130902,Urdaneta,,,,VE1309,Lara,,,,VE13,Venezuela (República Bolivariana de),,,,VE,2021/02/23,,1038.51526247,v01,es,,,,Venezuela (Bolivarian Republic of),Moroturo,10.57882205,-69.12473064,1045.1060874768152,0.833224,0.07972626032746981,12696,0,15111.410430890479,578.1065809085179,55.31558832503143
VE150101,Caucagua,,,,VE150101,Acevedo,,,,VE1501,Miranda,,,,VE15,Venezuela (República Bolivariana de),,,,VE,2021/02/23,,237.21523813,v01,es,,,,Venezuela (Bolivarian Republic of),Caucagua,10.3147815,-66.40274091,238.71733513314385,1.27024,0.5321104976693576,13041,5015,55907.860997586526,0.0,0.0
VE150102,Araguita,,,,VE150102,Acevedo,,,,VE1501,Miranda,,,,VE15,Venezuela (República Bolivariana de),,,,VE,2021/02/23,,407.27934386,v01,es,,,,Venezuela (Bolivarian Republic of),Araguita,10.163352,-66.45283445,409.8411549939953,0.173807,0.04240838136485987,2402,382,7125.1537846555,0.0,0.0
VE150103,Arévalo González,,,,VE150103,Acevedo,,,,VE1501,Miranda,,,,VE15,Venezuela (República Bolivariana de),,,,VE,2021/02/23,,160.59967481,v01,es,,,,Venezuela (Bolivarian Republic of),Arevalo Gonzalez,10.265611,-66.20814749,161.61496225176813,0.263694,0.163161873335224,3686,108,9315.940586347671,0.0,0.0
VE150104,Capaya,,,,VE150104,Acevedo,,,,VE1501,Miranda,,,,VE15,Venezuela (República Bolivariana de),,,,VE,2021/02/23,,176.23084984,v01,es,,,,Venezuela (Bolivarian Republic of),Capaya,10.456559,-66.29887811,177.33844298837766,0.116931,0.06593663394668654,3051,243,6209.904526779777,0.0,0.0
VE150105,El Café,,,,VE150105,Acevedo,,,,VE1501,Miranda,,,,VE15,Venezuela (República Bolivariana de),,,,VE,2021/02/23,,149.47379244,v01,es,,,,Venezuela (Bolivarian Republic of),El Cafe,10.3622675,-66.28368436,150.41665374273444,0.432587,0.28759249008416077,8861,43,22308.125014781093,0.0,0.0
VE150106,Marizapa,,,,VE150106,Acevedo,,,,VE1501,Miranda,,,,VE15,Venezuela (República Bolivariana de),,,,VE,2021/02/23,,34.65177376,v01,es,,,,Venezuela (Bolivarian Republic of),Marizapa,10.277851,-66.33413504,34.87067439699468,0.583514,1.673365973243953,4110,1388,24735.37485022476,0.0,0.0
VE150107,Panaquire,,,,VE150107,Acevedo,,,,VE1501,Miranda,,,,VE15,Venezuela (República Bolivariana de),,,,VE,2021/02/23,,233.45341968,v01,es,,,,Venezuela (Bolivarian Republic of),Panaquire,10.1591325,-66.16866376,234.93419539547048,0.237175,0.10095380095722443,2833,1930,7860.994296870631,0.0,0.0
VE150108,Ribas,,,,VE150108,Acevedo,,,,VE1501,Miranda,,,,VE15,Venezuela (República Bolivariana de),,,,VE,2021/02/23,,655.3378966,v01,es,,,,Venezuela (Bolivarian Republic of),Ribas,10.1049785,-66.2873871,659.4630540316568,0.27404,0.04155501939413349,2820,1433,8721.316002066262,0.0,0.0
VE150301,Nuestra Señora del Rosario de Baruta,,,,VE150301,Baruta,,,,VE1503,Miranda,,,,VE15,Venezuela (República Bolivariana de),,,,VE,2021/02/23,,80.85138044,v01,es,,,,Venezuela (Bolivarian Republic of),Nuestra Senora del Rosario de Baruta,10.4157765,-66.87300327,81.35842875122553,8.101746,9.958090543726192,35950,4093,230381.94632621182,24.21724874951759,29.766121496235012
VE150302,El Cafetal,,,,VE150302,Baruta,,,,VE1503,Miranda,,,,VE15,Venezuela (República Bolivariana de),,,,VE,2021/02/23,,8.48172546,v01,es,,,,Venezuela (Bolivarian Republic of),El Cafetal,10.4680275,-66.8394483,8.535212631285555,2.176638,25.50186028197589,7988,940,62404.374757810496,8.535212631281514,99.99999999995266
VE150303,Las Minas de Baruta,,,,VE150303,Baruta,,,,VE1503,Miranda,,,,VE15,Venezuela (República Bolivariana de),,,,VE,2021/02/23,,4.36348258,v01,es,,,,Venezuela (Bolivarian Republic of),Las Minas de Baruta,10.461111,-66.85937374,4.390967957927435,1.000952,22.795702669450947,4098,378,26795.92607870698,4.39096795792586,99.99999999996413
VE150401,Higuerote,,,,VE150401,Brión,,,,VE1504,Miranda,,,,VE15,Venezuela (República Bolivariana de),,,,VE,2021/02/23,,353.73439132,v01,es,,,,Venezuela (Bolivarian Republic of),Higuerote,10.51453792,-66.13651373,355.9906843915109,3.473481,0.9757224422704107,22600,2827,57299.827031983776,53.76614720591547,15.103245552005687
VE150402,Curiepe,,,,VE150402,Brión,,,,VE1504,Miranda,,,,VE15,Venezuela (República Bolivariana de),,,,VE,2021/02/23,,171.47318547,v01,es,,,,Venezuela (Bolivarian Republic of),Curiepe,10.466034,-66.19334218,172.557989601435,0.420508,0.24369083168578076,5372,3,16496.456748501558,0.1514700799475337,0.0877792331131065
VE150403,Tacarigua,,,,VE150403,Brión,,,,VE1504,Miranda,,,,VE15,Venezuela (República Bolivariana de),,,,VE,2021/02/23,,51.15465118,v01,es,,,,Venezuela (Bolivarian Republic of),Tacarigua,10.4012455,-66.16266717,51.47737973219978,0.973476,1.8910752743521597,10483,1088,30741.8080493874,0.0,0.0
VE150501,Mamporal,,,,VE150501,Buroz,,,,VE1505,Miranda,,,,VE15,Venezuela (República Bolivariana de),,,,VE,2021/02/23,,217.35806547,v01,es,,,,Venezuela (Bolivarian Republic of),Mamporal,10.324891,-66.1290968,218.7353875923527,1.553561,0.7102467584693254,14759,1624,50458.24259299928,0.0,0.0
VE150601,Carrizal,,,,VE150601,Carrizal,,,,VE1506,Miranda,,,,VE15,Venezuela (República Bolivariana de),,,,VE,2021/02/23,,31.10611708,v01,es,,,,Venezuela (Bolivarian Republic of),Carrizal,10.351463,-66.98373996,31.30250812650456,2.952982,9.43369134532591,13552,234,64213.813448363435,18.42774202668388,58.8698578152614
VE150701,Chacao,,,,VE150701,Chacao,,,,VE1507,Miranda,,,,VE15,Venezuela (República Bolivariana de),,,,VE,2021/02/23,,19.34472955,v01,es,,,,Venezuela (Bolivarian Republic of),Chacao,10.516405,-66.85111069,19.46651578664429,3.007478,15.449493031841833,9589,1757,71990.25179298641,19.46650662438343,99.99995293322667
VE150801,Charallave,,,,VE150801,Cristóbal Rojas,,,,VE1508,Miranda,,,,VE15,Venezuela (República Bolivariana de),,,,VE,2021/02/23,,89.3400889,v01,es,,,,Venezuela (Bolivarian Republic of),Charallave,10.2166085,-66.8499553,89.90762782944536,5.701001,6.340953640568507,30627,1215,142616.34332692792,0.0,0.0
VE150802,Las Brisas,,,,VE150802,Cristóbal Rojas,,,,VE1508,Miranda,,,,VE15,Venezuela (República Bolivariana de),,,,VE,2021/02/23,,73.87812588,v01,es,,,,Venezuela (Bolivarian Republic of),Las Brisas,10.2951575,-66.83259861,74.34375274046968,1.899299,2.5547526590840226,10510,109,41657.498599916624,0.0,0.0
VE150901,El Hatillo,,,,VE150901,El Hatillo,,,,VE1509,Miranda,,,,VE15,Venezuela (República Bolivariana de),,,,VE,2021/02/23,,113.75448218,v01,es,,,,Venezuela (Bolivarian Republic of),El Hatillo,10.4073985,-66.79685734,114.47055237223897,4.883115,4.265826362155511,24998,1603,134876.5437241495,10.770716246506973,9.409158969970212
VE151001,Los Teques,,,,VE151001,Bolivariano Guaicaipuro,,,,VE1510,Miranda,,,,VE15,Venezuela (República Bolivariana de),,,,VE,2021/02/23,,118.20210316,v01,es,,,,Venezuela (Bolivarian Republic of),Los Teques,10.3150015,-67.0552122,118.94933350030205,6.885817,5.7888655592866485,42592,391,196199.9297179709,37.20049907065958,31.27423918736385
VE151002,Altagracia de la Montaña,,,,VE151002,Bolivariano Guaicaipuro,,,,VE1510,Miranda,,,,VE15,Venezuela (República Bolivariana de),,,,VE,2021/02/23,,173.09858006,v01,es,,,,Venezuela (Bolivarian Republic of),Altagracia de la Montana,10.1302425,-67.07108444,174.1941143644727,0.168541,0.09675470414996656,2933,0,6513.838528884429,0.0,0.0
VE151003,Cecilio Acosta,,,,VE151003,Bolivariano Guaicaipuro,,,,VE1510,Miranda,,,,VE15,Venezuela (República Bolivariana de),,,,VE,2021/02/23,,90.93006754,v01,es,,,,Venezuela (Bolivarian Republic of),Cecilio Acosta,10.338753,-66.89905649,91.50293977751774,0.928761,1.0150067333991781,10876,44,28796.83304765234,0.03677169668752118,0.040186355517023487
VE151004,El Jarillo,,,,VE151004,Bolivariano Guaicaipuro,,,,VE1510,Miranda,,,,VE15,Venezuela (República Bolivariana de),,,,VE,2021/02/23,,56.04257975,v01,es,,,,Venezuela (Bolivarian Republic of),El Jarillo,10.3740055,-67.17672105,56.39706040843422,0.133924,0.23746627755082703,2306,3,3640.3861538454657,56.39706040843591,100.000000000003
VE151005,Paracotos,,,,VE151005,Bolivariano Guaicaipuro,,,,VE1510,Miranda,,,,VE15,Venezuela (República Bolivariana de),,,,VE,2021/02/23,,156.1807515,v01,es,,,,Venezuela (Bolivarian Republic of),Paracotos,10.2701485,-66.98246812,157.1648079692796,1.211727,0.7709913024783842,9532,15,34982.844385559525,0.0,0.0
VE151006,San Pedro,,,,VE151006,Bolivariano Guaicaipuro,,,,VE1510,Miranda,,,,VE15,Venezuela (República Bolivariana de),,,,VE,2021/02/23,,105.09697429,v01,es,,,,Venezuela (Bolivarian Republic of),San Pedro,10.3434235,-67.11009346,105.76428890811785,0.794948,0.7516223180875415,6804,12,26802.805166113845,83.15899075006648,78.62671948024952
VE151007,Tacata,,,,VE151007,Bolivariano Guaicaipuro,,,,VE1510,Miranda,,,,VE15,Venezuela (República Bolivariana de),,,,VE,2021/02/23,,105.45187098,v01,es,,,,Venezuela (Bolivarian Republic of),Tacata,10.184686,-66.99157845,106.12215232091259,0.258987,0.24404612452339383,2138,1,4967.949876215891,0.0,0.0
VE151101,Santa Teresa del Tuy,,,,VE151101,Independencia,,,,VE1511,Miranda,,,,VE15,Venezuela (República Bolivariana de),,,,VE,2021/02/23,,290.3268776,v01,es,,,,Venezuela (Bolivarian Republic of),Santa Teresa del Tuy,10.173564,-66.5859181,292.1673724210229,2.836681,0.9709095771009804,19036,3,93449.86660511683,0.0,0.0
VE151102,El Cartanal,,,,VE151102,Independencia,,,,VE1511,Miranda,,,,VE15,Venezuela (República Bolivariana de),,,,VE,2021/02/23,,40.74967045,v01,es,,,,Venezuela (Bolivarian Republic of),El Cartanal,10.2512845,-66.71214756,41.00709548483619,3.391526,8.270583321986644,24742,6,122213.2305779122,0.0,0.0
VE151201,Ocumare del Tuy,,,,VE151201,Lander,,,,VE1512,Miranda,,,,VE15,Venezuela (República Bolivariana de),,,,VE,2021/02/23,,199.61469049,v01,es,,,,Venezuela (Bolivarian Republic of),Ocumare del Tuy,10.095007,-66.74950733,200.87513901397142,4.605929,2.2929313316764626,35897,57,158279.57958119002,0.0,0.0
VE151202,La Democracia,,,,VE151202,Lander,,,,VE1512,Miranda,,,,VE15,Venezuela (República Bolivariana de),,,,VE,2021/02/23,,294.27033456,v01,es,,,,Venezuela (Bolivarian Republic of),La Democracia,10.0354865,-66.66047597,296.12874047286664,0.004664,0.0015749906586413715,1357,0,851.810189459211,0.0,0.0
VE151203,Santa Barbará,,,,VE151203,Lander,,,,VE1512,Miranda,,,,VE15,Venezuela (República Bolivariana de),,,,VE,2021/02/23,,25.08866526,v01,es,,,,Venezuela (Bolivarian Republic of),Santa Barbara,10.1584285,-66.81840949,25.246917949325724,1.305826,5.172219447225141,8203,32,29548.009213795056,0.0,0.0
VE151301,San Antonio de los Altos,,,,VE151301,Los Salías,,,,VE1513,Miranda,,,,VE15,Venezuela (República Bolivariana de),,,,VE,2021/02/23,,57.3234601,v01,es,,,,Venezuela (Bolivarian Republic of),San Antonio de los Altos,10.3848485,-66.95892837,57.68545545774135,3.660189,6.345081218404084,15647,541,92741.24286864324,35.46864294629727,61.48628395988057
VE151501,Santa Lucia,,,,VE151501,Paz Castillo,,,,VE1515,Miranda,,,,VE15,Venezuela (República Bolivariana de),,,,VE,2021/02/23,,430.13395055,v01,es,,,,Venezuela (Bolivarian Republic of),Santa Lucia,10.317346,-66.65796044,432.85897919585057,5.245289,1.2117777964880165,37790,18,164020.2382411071,0.0,0.0
VE151701,Guarenas,,,,VE151701,Plaza,,,,VE1517,Miranda,,,,VE15,Venezuela (República Bolivariana de),,,,VE,2021/02/23,,193.51307282,v01,es,,,,Venezuela (Bolivarian Republic of),Guarenas,10.4731185,-66.6520027,194.73335778098132,6.55989,3.3686524356951613,34733,28861,189756.11331104205,100.5181715870919,51.618363043965864
VE151801,San Francisco de Yare,,,,VE151801,Simón Bolívar,,,,VE1518,Miranda,,,,VE15,Venezuela (República Bolivariana de),,,,VE,2021/02/23,,143.41707851,v01,es,,,,Venezuela (Bolivarian Republic of),San Francisco de Yare,10.1717645,-66.72571767,144.32497220241257,1.942999,1.346266671906915,13965,13,53460.11577146035,0.0,0.0
VE151802,San Antonio de Yare,,,,VE151802,Simón Bolívar,,,,VE1518,Miranda,,,,VE15,Venezuela (República Bolivariana de),,,,VE,2021/02/23,,19.25611833,v01,es,,,,Venezuela (Bolivarian Republic of),San Antonio de Yare,10.2335605,-66.76290187,19.37756219870202,0.325202,1.678240000807652,3209,22,11191.95083773222,0.0,0.0
VE151901,Petare,,,,VE151901,Sucre,,,,VE1519,Miranda,,,,VE15,Venezuela (República Bolivariana de),,,,VE,2021/02/23,,49.90892675,v01,es,,,,Venezuela (Bolivarian Republic of),Petare,10.4983805,-66.79029622,50.22365766036906,7.407793,14.749608740355463,49572,16315,269814.73126455996,50.22365766038294,100.00000000002764
VE151902,Caucaguita,,,,VE151902,Sucre,,,,VE1519,Miranda,,,,VE15,Venezuela (República Bolivariana de),,,,VE,2021/02/23,,55.87192536,v01,es,,,,Venezuela (Bolivarian Republic of),Caucaguita,10.4952635,-66.74256773,56.224249662589614,1.90644,3.390778910240404,13563,353,66592.74724856237,50.66420301093436,90.11094557059997
VE151903,Filas de Mariches,,,,VE151903,Sucre,,,,VE1519,Miranda,,,,VE15,Venezuela (República Bolivariana de),,,,VE,2021/02/23,,33.5629033,v01,es,,,,Venezuela (Bolivarian Republic of),Filas de Mariches,10.42192,-66.72305297,33.77482427969678,1.120604,3.3178677429082404,9751,20,44708.68951461153,0.002313395529138555,0.0068494672540138635
VE151904,La Dolorita,,,,VE151904,Sucre,,,,VE1519,Miranda,,,,VE15,Venezuela (República Bolivariana de),,,,VE,2021/02/23,,12.60938517,v01,es,,,,Venezuela (Bolivarian Republic of),La Dolorita,10.461361,-66.77217435,12.688920556161422,1.963585,15.474799383518342,11268,308,66321.1638540152,9.730637847873707,76.68609638468224
VE151905,Leoncio Martínez,,,,VE151905,Sucre,,,,VE1519,Miranda,,,,VE15,Venezuela (República Bolivariana de),,,,VE,2021/02/23,,20.92280039,v01,es,,,,Venezuela (Bolivarian Republic of),Leoncio Martinez,10.5122315,-66.82719657,21.05484779479676,2.826748,13.425639679516317,8913,843,66276.15647206135,21.05484779480488,100.00000000003855
VE152001,Cua,,,,VE152001,Urdaneta,,,,VE1520,Miranda,,,,VE15,Venezuela (República Bolivariana de),,,,VE,2021/02/23,,258.09738658,v01,es,,,,Venezuela (Bolivarian Republic of),Cua,10.118248,-66.94281106,259.732655980057,4.951422,1.9063532774947574,35932,117,156434.16472181762,0.0,0.0
VE152002,Nueva Cua,,,,VE152002,Urdaneta,,,,VE1520,Miranda,,,,VE15,Venezuela (República Bolivariana de),,,,VE,2021/02/23,,41.5590385,v01,es,,,,Venezuela (Bolivarian Republic of),Nueva Cua,10.1129085,-66.87376463,41.821987173306496,1.083008,2.589566094772383,7646,6,38384.89301511242,0.0,0.0
VE152101,Guatire,,,,VE152101,Zamora,,,,VE1521,Miranda,,,,VE15,Venezuela (República Bolivariana de),,,,VE,2021/02/23,,230.38436579,v01,es,,,,Venezuela (Bolivarian Republic of),Guatire,10.4365805,-66.55159008,231.8504940938692,7.857817,3.389174144618648,37640,6282,184411.98904319957,81.0637339590659,34.96379607724522
VE152102,Bolívar,,,,VE152102,Zamora,,,,VE1521,Miranda,,,,VE15,Venezuela (República Bolivariana de),,,,VE,2021/02/23,,218.52807934,v01,es,,,,Venezuela (Bolivarian Republic of),Bolivar,10.456036,-66.44122864,219.91138468637834,0.89143,0.40535873177793535,11053,848,33195.825744999995,26.590121308490133,12.091289110116348
VE220101,Arístides Bastidas,,,,VE220101,Arístides Bastidas,,,,VE2201,Yaracuy,,,,VE22,Venezuela (República Bolivariana de),,,,VE,2021/02/23,,64.12467442,v01,es,,,,Venezuela (Bolivarian Republic of),Aristides Bastidas,10.255794,-68.86161871,64.52929137583601,0.837978,1.2986009642030467,9205,0,11740.58678748348,64.52907938827428,99.99967148630148
VE220201,Bolívar,,,,VE220201,Bolívar,,,,VE2202,Yaracuy,,,,VE22,Venezuela (República Bolivariana de),,,,VE,2021/02/23,,828.67767489,v01,es,,,,Venezuela (Bolivarian Republic of),Bolivar,10.46873,-68.89291021,833.872049988579,1.136363,0.13627546336582022,16436,1,18225.789950393417,833.8713299143094,99.99991364691148
VE220301,Bruzual,,,,VE220301,Bruzual,,,,VE2203,Yaracuy,,,,VE22,Venezuela (República Bolivariana de),,,,VE,2021/02/23,,265.08906348,v01,es,,,,Venezuela (Bolivarian Republic of),Bruzual,10.1467315,-68.83670314,266.7639592835117,3.181022,1.192448188482339,24253,41,21661.015770470094,260.0462420472911,97.48177480411395
VE220302,Campo Elías,,,,VE220302,Bruzual,,,,VE2203,Yaracuy,,,,VE22,Venezuela (República Bolivariana de),,,,VE,2021/02/23,,121.35472381,v01,es,,,,Venezuela (Bolivarian Republic of),Campo Elias,10.245641,-68.92974545,122.1208342889722,0.437264,0.35805847752833925,7719,0,8556.152508107465,122.12519819550559,100.00357343327924
VE220401,Cocorote,,,,VE220401,Cocorote,,,,VE2204,Yaracuy,,,,VE22,Venezuela (República Bolivariana de),,,,VE,2021/02/23,,86.88822145,v01,es,,,,Venezuela (Bolivarian Republic of),Cocorote,10.2958905,-68.78378455,87.4374818821854,1.681422,1.9229991118289222,13726,7081,28305.836299104063,87.43525116095715,99.99744878148339
VE220501,Independencia,,,,VE220501,Independencia,,,,VE2205,Yaracuy,,,,VE22,Venezuela (República Bolivariana de),,,,VE,2021/02/23,,84.96095605,v01,es,,,,Venezuela (Bolivarian Republic of),Independencia,10.312383,-68.73241902,85.49496412565664,3.145486,3.6791476926955684,21825,12640,57050.050498509554,85.49652701430546,100.00182804761054
VE220601,José Antonio Páez,,,,VE220601,José Antonio Páez,,,,VE2206,Yaracuy,,,,VE22,Venezuela (República Bolivariana de),,,,VE,2021/02/23,,125.96038827,v01,es,,,,Venezuela (Bolivarian Republic of),Jose Antonio Paez,10.074992,-68.97777655,126.75984969396501,1.298124,1.024081365774768,9792,0,18322.53204738034,126.75974356423362,99.99991627496273
VE220701,La Trinidad,,,,VE220701,La Trinidad,,,,VE2207,Yaracuy,,,,VE22,Venezuela (República Bolivariana de),,,,VE,2021/02/23,,44.60525998,v01,es,,,,Venezuela (Bolivarian Republic of),La Trinidad,10.2347455,-68.74555551,44.88679978164511,0.858196,1.9119117517282425,7949,5,12451.54436218843,44.887282386728344,100.00107516037139
VE220801,Manuel Monge,,,,VE220801,Manuel Monge,,,,VE2208,Yaracuy,,,,VE22,Venezuela (República Bolivariana de),,,,VE,2021/02/23,,411.14101812,v01,es,,,,Venezuela (Bolivarian Republic of),Manuel Monge,10.61329365,-68.74726916,413.7573287084177,0.624003,0.15081376369764468,7085,5,8296.128216298923,413.7690261168502,100.00282711812478
VE220901,Nirgua,,,,VE220901,Nirgua,,,,VE2209,Yaracuy,,,,VE22,Venezuela (República Bolivariana de),,,,VE,2021/02/23,,1584.95303832,v01,es,,,,Venezuela (Bolivarian Republic of),Nirgua,10.03415728,-68.6741613,1594.9303066259022,2.093087,0.13123375932506767,22273,86,18208.43100929536,1594.3638872975496,99.96448626463491
VE220902,Salom,,,,VE220902,Nirgua,,,,VE2209,Yaracuy,,,,VE22,Venezuela (República Bolivariana de),,,,VE,2021/02/23,,163.75484274,v01,es,,,,Venezuela (Bolivarian Republic of),Salom,10.147151,-68.46643515,164.7923054371795,0.835457,0.5069757339601543,8875,161,4012.1455788977146,164.6788170441487,99.93113246839425
VE220903,Temerla,,,,VE220903,Nirgua,,,,VE2209,Yaracuy,,,,VE22,Venezuela (República Bolivariana de),,,,VE,2021/02/23,,188.21064299,v01,es,,,,Venezuela (Bolivarian Republic of),Temerla,10.28352571,-68.42956319,189.39992465397086,0.077606,0.0409746731112931,1757,0,375.94090982689704,189.3953411549639,99.99757998900193
VE221001,Capital Peña,,,,VE221001,Peña,,,,VE2210,Yaracuy,,,,VE22,Venezuela (República Bolivariana de),,,,VE,2021/02/23,,391.88014333,v01,es,,,,Venezuela (Bolivarian Republic of),Capital Pena,10.052988,-69.10992879,394.358165514632,5.014363,1.2715250851865398,37903,29,72265.65879208494,353.4596340556902,89.62908973735341
VE221101,Capital San Felipe,,,,VE221101,San Felipe,,,,VE2211,Yaracuy,,,,VE22,Venezuela (República Bolivariana de),,,,VE,2021/02/23,,57.56651425,v01,es,,,,Venezuela (Bolivarian Republic of),Capital San Felipe,10.3560095,-68.73172943,57.93012477803293,2.945446,5.084480676135038,20155,17816,52633.820710424916,57.93015839877921,100.00005803672339
VE221102,Albarico,,,,VE221102,San Felipe,,,,VE2211,Yaracuy,,,,VE22,Venezuela (República Bolivariana de),,,,VE,2021/02/23,,224.98423964,v01,es,,,,Venezuela (Bolivarian Republic of),Albarico,10.487514,-68.65936521,226.38972881717757,1.262541,0.5576847530126124,11682,8838,22209.305036993646,226.406805373947,100.00754299095574
VE221103,San Javier,,,,VE221103,San Felipe,,,,VE2211,Yaracuy,,,,VE22,Venezuela (República Bolivariana de),,,,VE,2021/02/23,,115.62041045,v01,es,,,,Venezuela (Bolivarian Republic of),San Javier,10.3022055,-68.65268789,116.35336833693893,0.794398,0.6827460273428122,5343,3373,10563.505999819434,116.3537560546165,100.00033322428315
VE221201,Sucre,,,,VE221201,Sucre,,,,VE2212,Yaracuy,,,,VE22,Venezuela (República Bolivariana de),,,,VE,2021/02/23,,142.49510054,v01,es,,,,Venezuela (Bolivarian Republic of),Sucre,10.254912,-68.81862092,143.39367304952214,1.006999,0.702261807361769,10007,0,14401.656438043432,143.39454071526703,100.00060509346504
VE221301,Urachiche,,,,VE221301,Urachiche,,,,VE2213,Yaracuy,,,,VE22,Venezuela (República Bolivariana de),,,,VE,2021/02/23,,185.69686703,v01,es,,,,Venezuela (Bolivarian Republic of),Urachiche,10.209251,-69.01646847,186.86337815760064,1.193165,0.6385226531619718,10035,0,19637.97045125254,186.86486055609743,100.00079330605675
VE221401,Capital Veroes,,,,VE221401,Veroes,,,,VE2214,Yaracuy,,,,VE22,Venezuela (República Bolivariana de),,,,VE,2021/02/23,,394.95610298,v01,es,,,,Venezuela (Bolivarian Republic of),Capital Veroes,10.500152,-68.54916419,397.48841607067476,0.717369,0.18047544808763671,5939,450,9347.524029347209,391.65464885305744,98.53234283522364
VE221402,El Guayabo,,,,VE221402,Veroes,,,,VE2214,Yaracuy,,,,VE22,Venezuela (República Bolivariana de),,,,VE,2021/02/23,,573.36032415,v01,es,,,,Venezuela (Bolivarian Republic of),El Guayabo,10.37065888,-68.5143455,576.9749041692571,0.675188,0.11702207411813735,8660,14,7985.923993526521,576.9915364843279,100.00288267565028
VE240101,Caraballeda,,,,VE240101,Vargas,,,,VE2401,La Guaira,,,,VE24,Venezuela (República Bolivariana de),,,,VE,2021/02/23,,66.23536386,v01,es,,,,Venezuela (Bolivarian Republic of),Caraballeda,10.5799045,-66.82506624,66.65171046101848,2.176743,3.2658471702284024,11131,8265,42192.332663790265,66.49324665564845,99.76225095459071
VE240102,Carayaca,,,,VE240102,Vargas,,,,VE2401,La Guaira,,,,VE24,Venezuela (República Bolivariana de),,,,VE,2021/02/23,,472.20398459,v01,es,,,,Venezuela (Bolivarian Republic of),Carayaca,10.48421986,-67.24610896,475.19257605605947,1.330354,0.279961023600473,23791,9639,52475.560689063605,473.98748177749985,99.7463987572025
VE240103,Caruao,,,,VE240103,Vargas,,,,VE2401,La Guaira,,,,VE24,Venezuela (República Bolivariana de),,,,VE,2021/02/23,,229.59941076,v01,es,,,,Venezuela (Bolivarian Republic of),Caruao,10.57771028,-66.42380588,231.04695530147708,0.342997,0.1484533737103123,5851,4164,7994.180913691729,225.4547086842589,97.57960601128836
VE240104,Catia la Mar,,,,VE240104,Vargas,,,,VE2401,La Guaira,,,,VE24,Venezuela (República Bolivariana de),,,,VE,2021/02/23,,40.74114323,v01,es,,,,Venezuela (Bolivarian Republic of),Catia la Mar,10.578645,-67.05331721,40.997000712786324,2.96923,7.242554207322644,23051,20175,107204.00437470837,40.67477930213458,99.21403662451031
VE240105,El Junko,,,,VE240105,Vargas,,,,VE2401,La Guaira,,,,VE24,Venezuela (República Bolivariana de),,,,VE,2021/02/23,,20.92737052,v01,es,,,,Venezuela (Bolivarian Republic of),El Junko,10.48238864,-67.07907747,21.059164435774125,0.414856,1.9699547019788968,4040,2701,7351.961584567609,21.059164435779877,100.00000000002731
VE240106,La Guaira,,,,VE240106,Vargas,,,,VE2401,La Guaira,,,,VE24,Venezuela (República Bolivariana de),,,,VE,2021/02/23,,11.58897699,v01,es,,,,Venezuela (Bolivarian Republic of),La Guaira,10.5842865,-66.92512897,11.66193478950178,0.579754,4.9713363216702415,4762,5524,23550.24067258078,11.623679843064025,99.67196741254124
VE240107,Macuto,,,,VE240107,Vargas,,,,VE2401,La Guaira,,,,VE24,Venezuela (República Bolivariana de),,,,VE,2021/02/23,,32.05647248,v01,es,,,,Venezuela (Bolivarian Republic of),Macuto,10.5773205,-66.88930243,32.25839248839308,0.713607,2.212159208667213,4596,3512,18840.327384360367,32.20377016856823,99.83067253011909
VE240108,Maiquetía,,,,VE240108,Vargas,,,,VE2401,La Guaira,,,,VE24,Venezuela (República Bolivariana de),,,,VE,2021/02/23,,23.35649088,v01,es,,,,Venezuela (Bolivarian Republic of),Maiquetia,10.577393,-66.95035379,23.503064657372818,1.151224,4.898186754716967,7306,7558,38518.72202628106,23.219250674017125,98.79243840114842
VE240109,Naiguata,,,,VE240109,Vargas,,,,VE2401,La Guaira,,,,VE24,Venezuela (República Bolivariana de),,,,VE,2021/02/23,,239.83964705,v01,es,,,,Venezuela (Bolivarian Republic of),Naiguata,10.5833285,-66.66202338,241.3498236772642,0.793446,0.328753503073201,4572,329,15092.652547269943,239.19420767506494,99.10684997844383
VE240110,Urimare,,,,VE240110,Vargas,,,,VE2401,La Guaira,,,,VE24,Venezuela (República Bolivariana de),,,,VE,2021/02/23,,26.03871913,v01,es,,,,Venezuela (Bolivarian Republic of),Urimare,10.5839595,-66.99816571,26.202940352754972,2.538065,9.686183939021745,10335,8526,56263.317749044916,25.917935250770352,98.91231633493126
VE240111,Carlos Soublette,,,,VE240111,Vargas,,,,VE2401,La Guaira,,,,VE24,Venezuela (República Bolivariana de),,,,VE,2021/02/23,,7.49074363,v01,es,,,,Venezuela (Bolivarian Republic of),Carlos Soublette,10.5759865,-66.97004871,7.537949279798606,0.534723,7.093746324786712,4390,5381,26065.979256670922,7.537400686106349,99.99272224219223
VE081103,Urbanafraternidad,,,,VE081103,Puerto Cabello,,,,VE0811,Carabobo,,,,VE08,Venezuela (República Bolivariana de),,,,VE,2021/02/23,,7.02015921,v01,es,,,,Venezuela (Bolivarian Republic of),Urbanafraternidad,10.47542493,-67.98314212,7.064383624453004,1.597806,22.617769432414114,3036,256,11727.42670516693,6.071942215930251,85.95147912002588
VE090802,Juan Ángel Bravo,,,,VE090802,Ezequiel Zamora,,,,VE0908,Cojedes,,,,VE09,Venezuela (República Bolivariana de),,,,VE,2021/02/23,,299.56390591,v01,es,,,,Venezuela (Bolivarian Republic of),Juan Angel Bravo,9.88824563,-68.62843566,301.46285378654943,0.000797,0.00026437751450608747,938,1,274.6654410623014,301.38548335316017,99.97433500266536
VE221002,San Andrés,,,,VE221002,Peña,,,,VE2210,Yaracuy,,,,VE22,Venezuela (República Bolivariana de),,,,VE,2021/02/23,,24.65726753,v01,es,,,,Venezuela (Bolivarian Republic of),San Andres,10.1103785,-69.18036872,24.8136017919616,0.628316,2.532143480288879,5115,5,9111.904527294482,1.325662088880362,5.34248151475459
VE111501,Chichiriviche,,,,VE111501,Monseñor Iturriza,,,,VE1115,Falcón,,,,VE11,Venezuela (República Bolivariana de),,,,VE,2021/02/23,,147.74428632,v01,es,,,,Venezuela (Bolivarian Republic of),Chichiriviche,10.94047567,-68.32768215,148.6616953379843,1.310255,0.8813669163540199,7392,6,5588.142570114043,0.0,0.0
VE081106,Urbana Unión,,,,VE081106,Puerto Cabello,,,,VE0811,Carabobo,,,,VE08,Venezuela (República Bolivariana de),,,,VE,2021/02/23,,0.98880883,v01,es,,,,Venezuela (Bolivarian Republic of),Urbana Union,10.4772305,-68.00806568,0.9950413732413865,0.433427,43.55869129221175,1034,228,3499.3582790726796,0.7892143497314787,79.31472710130454
VE081105,Urbana Juan José Flores,,,,VE081105,Puerto Cabello,,,,VE0811,Carabobo,,,,VE08,Venezuela (República Bolivariana de),,,,VE,2021/02/23,,29.63904442,v01,es,,,,Venezuela (Bolivarian Republic of),Urbana Juan Jose Flores,10.48010484,-68.07069405,29.825684135469764,3.727419,12.49734619018251,16106,449,46098.136355921844,27.44000476710117,92.00125852090191
