admin3_id,aoi_zone,adm3_name,adm3_name1,adm3_name2,adm3_name3,adm3_pcode,adm2_name,adm2_name1,adm2_name2,adm2_name3,adm2_pcode,adm1_name,adm1_name1,adm1_name2,adm1_name3,adm1_pcode,adm0_name,adm0_name1,adm0_name2,adm0_name3,adm0_pcode,valid_on,valid_to,area_sqkm,version,lang,lang1,lang2,lang3,adm0_en,adm3_ref_name,center_lat,center_lon,mmi_categorie,area_km2,n_buildings_overture,n_buildings_osm,population
VE010101,Caracas,Altagracia,,,,VE010101,Libertador,,,,VE0101,Distrito Capital,,,,VE01,Venezuela (República Bolivariana de),,,,VE,2021/02/23,,2.9508224,v01,es,,,,Venezuela (Bolivarian Republic of),Altagracia,10.53201028,-66.91336104,I,0.0,0,0,0.0
VE010101,Caracas,Altagracia,,,,VE010101,Libertador,,,,VE0101,Distrito Capital,,,,VE01,Venezuela (República Bolivariana de),,,,VE,2021/02/23,,2.9508224,v01,es,,,,Venezuela (Bolivarian Republic of),Altagracia,10.53201028,-66.91336104,II-III,0.0,0,0,0.0
VE010101,Caracas,Altagracia,,,,VE010101,Libertador,,,,VE0101,Distrito Capital,,,,VE01,Venezuela (República Bolivariana de),,,,VE,2021/02/23,,2.9508224,v01,es,,,,Venezuela (Bolivarian Republic of),Altagracia,10.53201028,-66.91336104,IV,0.0,0,0,0.0
VE010101,Caracas,Altagracia,,,,VE010101,Libertador,,,,VE0101,Distrito Capital,,,,VE01,Venezuela (República Bolivariana de),,,,VE,2021/02/23,,2.9508224,v01,es,,,,Venezuela (Bolivarian Republic of),Altagracia,10.53201028,-66.91336104,V,0.0,0,0,0.0
VE010101,Caracas,Altagracia,,,,VE010101,Libertador,,,,VE0101,Distrito Capital,,,,VE01,Venezuela (República Bolivariana de),,,,VE,2021/02/23,,2.9508224,v01,es,,,,Venezuela (Bolivarian Republic of),Altagracia,10.53201028,-66.91336104,VI,0.0,0,0,0.0
VE010101,Caracas,Altagracia,,,,VE010101,Libertador,,,,VE0101,Distrito Capital,,,,VE01,Venezuela (República Bolivariana de),,,,VE,2021/02/23,,2.9508224,v01,es,,,,Venezuela (Bolivarian Republic of),Altagracia,10.53201028,-66.91336104,VII,0.0,0,0,0.0
VE010101,Caracas,Altagracia,,,,VE010101,Libertador,,,,VE0101,Distrito Capital,,,,VE01,Venezuela (República Bolivariana de),,,,VE,2021/02/23,,2.9508224,v01,es,,,,Venezuela (Bolivarian Republic of),Altagracia,10.53201028,-66.91336104,VIII,1.544,3245,171,19948.0
VE010101,Caracas,Altagracia,,,,VE010101,Libertador,,,,VE0101,Distrito Capital,,,,VE01,Venezuela (República Bolivariana de),,,,VE,2021/02/23,,2.9508224,v01,es,,,,Venezuela (Bolivarian Republic of),Altagracia,10.53201028,-66.91336104,IX,0.0,0,0,0.0
VE010101,Caracas,Altagracia,,,,VE010101,Libertador,,,,VE0101,Distrito Capital,,,,VE01,Venezuela (República Bolivariana de),,,,VE,2021/02/23,,2.9508224,v01,es,,,,Venezuela (Bolivarian Republic of),Altagracia,10.53201028,-66.91336104,X+,0.0,0,0,0.0
VE010103,Caracas,Candelaria,,,,VE010103,Libertador,,,,VE0101,Distrito Capital,,,,VE01,Venezuela (República Bolivariana de),,,,VE,2021/02/23,,1.31842686,v01,es,,,,Venezuela (Bolivarian Republic of),Candelaria,10.5073545,-66.90575015,I,0.0,0,0,0.0
VE010103,Caracas,Candelaria,,,,VE010103,Libertador,,,,VE0101,Distrito Capital,,,,VE01,Venezuela (República Bolivariana de),,,,VE,2021/02/23,,1.31842686,v01,es,,,,Venezuela (Bolivarian Republic of),Candelaria,10.5073545,-66.90575015,II-III,0.0,0,0,0.0
VE010103,Caracas,Candelaria,,,,VE010103,Libertador,,,,VE0101,Distrito Capital,,,,VE01,Venezuela (República Bolivariana de),,,,VE,2021/02/23,,1.31842686,v01,es,,,,Venezuela (Bolivarian Republic of),Candelaria,10.5073545,-66.90575015,IV,0.0,0,0,0.0
VE010103,Caracas,Candelaria,,,,VE010103,Libertador,,,,VE0101,Distrito Capital,,,,VE01,Venezuela (República Bolivariana de),,,,VE,2021/02/23,,1.31842686,v01,es,,,,Venezuela (Bolivarian Republic of),Candelaria,10.5073545,-66.90575015,V,0.0,0,0,0.0
VE010103,Caracas,Candelaria,,,,VE010103,Libertador,,,,VE0101,Distrito Capital,,,,VE01,Venezuela (República Bolivariana de),,,,VE,2021/02/23,,1.31842686,v01,es,,,,Venezuela (Bolivarian Republic of),Candelaria,10.5073545,-66.90575015,VI,0.0,0,0,0.0
VE010103,Caracas,Candelaria,,,,VE010103,Libertador,,,,VE0101,Distrito Capital,,,,VE01,Venezuela (República Bolivariana de),,,,VE,2021/02/23,,1.31842686,v01,es,,,,Venezuela (Bolivarian Republic of),Candelaria,10.5073545,-66.90575015,VII,0.0,0,0,0.0
VE010103,Caracas,Candelaria,,,,VE010103,Libertador,,,,VE0101,Distrito Capital,,,,VE01,Venezuela (República Bolivariana de),,,,VE,2021/02/23,,1.31842686,v01,es,,,,Venezuela (Bolivarian Republic of),Candelaria,10.5073545,-66.90575015,VIII,1.327,3097,567,19141.0
VE010103,Caracas,Candelaria,,,,VE010103,Libertador,,,,VE0101,Distrito Capital,,,,VE01,Venezuela (República Bolivariana de),,,,VE,2021/02/23,,1.31842686,v01,es,,,,Venezuela (Bolivarian Republic of),Candelaria,10.5073545,-66.90575015,IX,0.0,0,0,0.0
VE010103,Caracas,Candelaria,,,,VE010103,Libertador,,,,VE0101,Distrito Capital,,,,VE01,Venezuela (República Bolivariana de),,,,VE,2021/02/23,,1.31842686,v01,es,,,,Venezuela (Bolivarian Republic of),Candelaria,10.5073545,-66.90575015,X+,0.0,0,0,0.0
VE010104,Caracas,Caricuao,,,,VE010104,Libertador,,,,VE0101,Distrito Capital,,,,VE01,Venezuela (República Bolivariana de),,,,VE,2021/02/23,,24.00620624,v01,es,,,,Venezuela (Bolivarian Republic of),Caricuao,10.4252285,-66.98067361,I,0.0,0,0,0.0
VE010104,Caracas,Caricuao,,,,VE010104,Libertador,,,,VE0101,Distrito Capital,,,,VE01,Venezuela (República Bolivariana de),,,,VE,2021/02/23,,24.00620624,v01,es,,,,Venezuela (Bolivarian Republic of),Caricuao,10.4252285,-66.98067361,II-III,0.0,0,0,0.0
VE010104,Caracas,Caricuao,,,,VE010104,Libertador,,,,VE0101,Distrito Capital,,,,VE01,Venezuela (República Bolivariana de),,,,VE,2021/02/23,,24.00620624,v01,es,,,,Venezuela (Bolivarian Republic of),Caricuao,10.4252285,-66.98067361,IV,0.0,0,0,0.0
VE010104,Caracas,Caricuao,,,,VE010104,Libertador,,,,VE0101,Distrito Capital,,,,VE01,Venezuela (República Bolivariana de),,,,VE,2021/02/23,,24.00620624,v01,es,,,,Venezuela (Bolivarian Republic of),Caricuao,10.4252285,-66.98067361,V,0.0,0,0,0.0
VE010104,Caracas,Caricuao,,,,VE010104,Libertador,,,,VE0101,Distrito Capital,,,,VE01,Venezuela (República Bolivariana de),,,,VE,2021/02/23,,24.00620624,v01,es,,,,Venezuela (Bolivarian Republic of),Caricuao,10.4252285,-66.98067361,VI,0.042,0,0,0.0
VE010104,Caracas,Caricuao,,,,VE010104,Libertador,,,,VE0101,Distrito Capital,,,,VE01,Venezuela (República Bolivariana de),,,,VE,2021/02/23,,24.00620624,v01,es,,,,Venezuela (Bolivarian Republic of),Caricuao,10.4252285,-66.98067361,VII,0.0,0,0,0.0
VE010104,Caracas,Caricuao,,,,VE010104,Libertador,,,,VE0101,Distrito Capital,,,,VE01,Venezuela (República Bolivariana de),,,,VE,2021/02/23,,24.00620624,v01,es,,,,Venezuela (Bolivarian Republic of),Caricuao,10.4252285,-66.98067361,VIII,0.0,0,0,0.0
VE010104,Caracas,Caricuao,,,,VE010104,Libertador,,,,VE0101,Distrito Capital,,,,VE01,Venezuela (República Bolivariana de),,,,VE,2021/02/23,,24.00620624,v01,es,,,,Venezuela (Bolivarian Republic of),Caricuao,10.4252285,-66.98067361,IX,0.0,0,0,0.0
VE010104,Caracas,Caricuao,,,,VE010104,Libertador,,,,VE0101,Distrito Capital,,,,VE01,Venezuela (República Bolivariana de),,,,VE,2021/02/23,,24.00620624,v01,es,,,,Venezuela (Bolivarian Republic of),Caricuao,10.4252285,-66.98067361,X+,0.0,0,0,0.0
VE010105,Caracas,Catedral,,,,VE010105,Libertador,,,,VE0101,Distrito Capital,,,,VE01,Venezuela (República Bolivariana de),,,,VE,2021/02/23,,0.84258876,v01,es,,,,Venezuela (Bolivarian Republic of),Catedral,10.5060175,-66.91666592,I,0.0,0,0,0.0
VE010105,Caracas,Catedral,,,,VE010105,Libertador,,,,VE0101,Distrito Capital,,,,VE01,Venezuela (República Bolivariana de),,,,VE,2021/02/23,,0.84258876,v01,es,,,,Venezuela (Bolivarian Republic of),Catedral,10.5060175,-66.91666592,II-III,0.0,0,0,0.0
VE010105,Caracas,Catedral,,,,VE010105,Libertador,,,,VE0101,Distrito Capital,,,,VE01,Venezuela (República Bolivariana de),,,,VE,2021/02/23,,0.84258876,v01,es,,,,Venezuela (Bolivarian Republic of),Catedral,10.5060175,-66.91666592,IV,0.0,0,0,0.0
VE010105,Caracas,Catedral,,,,VE010105,Libertador,,,,VE0101,Distrito Capital,,,,VE01,Venezuela (República Bolivariana de),,,,VE,2021/02/23,,0.84258876,v01,es,,,,Venezuela (Bolivarian Republic of),Catedral,10.5060175,-66.91666592,V,0.0,0,0,0.0
VE010105,Caracas,Catedral,,,,VE010105,Libertador,,,,VE0101,Distrito Capital,,,,VE01,Venezuela (República Bolivariana de),,,,VE,2021/02/23,,0.84258876,v01,es,,,,Venezuela (Bolivarian Republic of),Catedral,10.5060175,-66.91666592,VI,0.0,0,0,0.0
VE010105,Caracas,Catedral,,,,VE010105,Libertador,,,,VE0101,Distrito Capital,,,,VE01,Venezuela (República Bolivariana de),,,,VE,2021/02/23,,0.84258876,v01,es,,,,Venezuela (Bolivarian Republic of),Catedral,10.5060175,-66.91666592,VII,0.0,0,0,0.0
VE010105,Caracas,Catedral,,,,VE010105,Libertador,,,,VE0101,Distrito Capital,,,,VE01,Venezuela (República Bolivariana de),,,,VE,2021/02/23,,0.84258876,v01,es,,,,Venezuela (Bolivarian Republic of),Catedral,10.5060175,-66.91666592,VIII,0.848,1086,258,8170.0
VE010105,Caracas,Catedral,,,,VE010105,Libertador,,,,VE0101,Distrito Capital,,,,VE01,Venezuela (República Bolivariana de),,,,VE,2021/02/23,,0.84258876,v01,es,,,,Venezuela (Bolivarian Republic of),Catedral,10.5060175,-66.91666592,IX,0.0,0,0,0.0
VE010105,Caracas,Catedral,,,,VE010105,Libertador,,,,VE0101,Distrito Capital,,,,VE01,Venezuela (República Bolivariana de),,,,VE,2021/02/23,,0.84258876,v01,es,,,,Venezuela (Bolivarian Republic of),Catedral,10.5060175,-66.91666592,X+,0.0,0,0,0.0
VE010106,Caracas,Coche,,,,VE010106,Libertador,,,,VE0101,Distrito Capital,,,,VE01,Venezuela (República Bolivariana de),,,,VE,2021/02/23,,12.29543577,v01,es,,,,Venezuela (Bolivarian Republic of),Coche,10.4336575,-66.93741391,I,0.0,0,0,0.0
VE010106,Caracas,Coche,,,,VE010106,Libertador,,,,VE0101,Distrito Capital,,,,VE01,Venezuela (República Bolivariana de),,,,VE,2021/02/23,,12.29543577,v01,es,,,,Venezuela (Bolivarian Republic of),Coche,10.4336575,-66.93741391,II-III,0.0,0,0,0.0
VE010106,Caracas,Coche,,,,VE010106,Libertador,,,,VE0101,Distrito Capital,,,,VE01,Venezuela (República Bolivariana de),,,,VE,2021/02/23,,12.29543577,v01,es,,,,Venezuela (Bolivarian Republic of),Coche,10.4336575,-66.93741391,IV,0.0,0,0,0.0
VE010106,Caracas,Coche,,,,VE010106,Libertador,,,,VE0101,Distrito Capital,,,,VE01,Venezuela (República Bolivariana de),,,,VE,2021/02/23,,12.29543577,v01,es,,,,Venezuela (Bolivarian Republic of),Coche,10.4336575,-66.93741391,V,0.0,0,0,0.0
VE010106,Caracas,Coche,,,,VE010106,Libertador,,,,VE0101,Distrito Capital,,,,VE01,Venezuela (República Bolivariana de),,,,VE,2021/02/23,,12.29543577,v01,es,,,,Venezuela (Bolivarian Republic of),Coche,10.4336575,-66.93741391,VI,9.194,7451,329,45711.0
VE010106,Caracas,Coche,,,,VE010106,Libertador,,,,VE0101,Distrito Capital,,,,VE01,Venezuela (República Bolivariana de),,,,VE,2021/02/23,,12.29543577,v01,es,,,,Venezuela (Bolivarian Republic of),Coche,10.4336575,-66.93741391,VII,0.656,685,31,7081.0
VE010106,Caracas,Coche,,,,VE010106,Libertador,,,,VE0101,Distrito Capital,,,,VE01,Venezuela (República Bolivariana de),,,,VE,2021/02/23,,12.29543577,v01,es,,,,Venezuela (Bolivarian Republic of),Coche,10.4336575,-66.93741391,VIII,0.0,0,0,0.0
VE010106,Caracas,Coche,,,,VE010106,Libertador,,,,VE0101,Distrito Capital,,,,VE01,Venezuela (República Bolivariana de),,,,VE,2021/02/23,,12.29543577,v01,es,,,,Venezuela (Bolivarian Republic of),Coche,10.4336575,-66.93741391,IX,0.0,0,0,0.0
VE010106,Caracas,Coche,,,,VE010106,Libertador,,,,VE0101,Distrito Capital,,,,VE01,Venezuela (República Bolivariana de),,,,VE,2021/02/23,,12.29543577,v01,es,,,,Venezuela (Bolivarian Republic of),Coche,10.4336575,-66.93741391,X+,0.0,0,0,0.0
VE010108,Caracas,El Paraíso,,,,VE010108,Libertador,,,,VE0101,Distrito Capital,,,,VE01,Venezuela (República Bolivariana de),,,,VE,2021/02/23,,10.3434603,v01,es,,,,Venezuela (Bolivarian Republic of),El Paraiso,10.485052,-66.94562126,I,0.0,0,0,0.0
VE010108,Caracas,El Paraíso,,,,VE010108,Libertador,,,,VE0101,Distrito Capital,,,,VE01,Venezuela (República Bolivariana de),,,,VE,2021/02/23,,10.3434603,v01,es,,,,Venezuela (Bolivarian Republic of),El Paraiso,10.485052,-66.94562126,II-III,0.0,0,0,0.0
VE010108,Caracas,El Paraíso,,,,VE010108,Libertador,,,,VE0101,Distrito Capital,,,,VE01,Venezuela (República Bolivariana de),,,,VE,2021/02/23,,10.3434603,v01,es,,,,Venezuela (Bolivarian Republic of),El Paraiso,10.485052,-66.94562126,IV,0.0,0,0,0.0
VE010108,Caracas,El Paraíso,,,,VE010108,Libertador,,,,VE0101,Distrito Capital,,,,VE01,Venezuela (República Bolivariana de),,,,VE,2021/02/23,,10.3434603,v01,es,,,,Venezuela (Bolivarian Republic of),El Paraiso,10.485052,-66.94562126,V,0.0,0,0,0.0
VE010108,Caracas,El Paraíso,,,,VE010108,Libertador,,,,VE0101,Distrito Capital,,,,VE01,Venezuela (República Bolivariana de),,,,VE,2021/02/23,,10.3434603,v01,es,,,,Venezuela (Bolivarian Republic of),El Paraiso,10.485052,-66.94562126,VI,0.0,0,0,0.0
VE010108,Caracas,El Paraíso,,,,VE010108,Libertador,,,,VE0101,Distrito Capital,,,,VE01,Venezuela (República Bolivariana de),,,,VE,2021/02/23,,10.3434603,v01,es,,,,Venezuela (Bolivarian Republic of),El Paraiso,10.485052,-66.94562126,VII,1.771,3516,217,19817.0
VE010108,Caracas,El Paraíso,,,,VE010108,Libertador,,,,VE0101,Distrito Capital,,,,VE01,Venezuela (República Bolivariana de),,,,VE,2021/02/23,,10.3434603,v01,es,,,,Venezuela (Bolivarian Republic of),El Paraiso,10.485052,-66.94562126,VIII,0.116,79,31,696.0
VE010108,Caracas,El Paraíso,,,,VE010108,Libertador,,,,VE0101,Distrito Capital,,,,VE01,Venezuela (República Bolivariana de),,,,VE,2021/02/23,,10.3434603,v01,es,,,,Venezuela (Bolivarian Republic of),El Paraiso,10.485052,-66.94562126,IX,0.0,0,0,0.0
VE010108,Caracas,El Paraíso,,,,VE010108,Libertador,,,,VE0101,Distrito Capital,,,,VE01,Venezuela (República Bolivariana de),,,,VE,2021/02/23,,10.3434603,v01,es,,,,Venezuela (Bolivarian Republic of),El Paraiso,10.485052,-66.94562126,X+,0.0,0,0,0.0
VE010109,Caracas,El Recreo,,,,VE010109,Libertador,,,,VE0101,Distrito Capital,,,,VE01,Venezuela (República Bolivariana de),,,,VE,2021/02/23,,15.54573253,v01,es,,,,Venezuela (Bolivarian Republic of),El Recreo,10.51615966,-66.87732569,I,0.0,0,0,0.0
VE010109,Caracas,El Recreo,,,,VE010109,Libertador,,,,VE0101,Distrito Capital,,,,VE01,Venezuela (República Bolivariana de),,,,VE,2021/02/23,,15.54573253,v01,es,,,,Venezuela (Bolivarian Republic of),El Recreo,10.51615966,-66.87732569,II-III,0.0,0,0,0.0
VE010109,Caracas,El Recreo,,,,VE010109,Libertador,,,,VE0101,Distrito Capital,,,,VE01,Venezuela (República Bolivariana de),,,,VE,2021/02/23,,15.54573253,v01,es,,,,Venezuela (Bolivarian Republic of),El Recreo,10.51615966,-66.87732569,IV,0.0,0,0,0.0
VE010109,Caracas,El Recreo,,,,VE010109,Libertador,,,,VE0101,Distrito Capital,,,,VE01,Venezuela (República Bolivariana de),,,,VE,2021/02/23,,15.54573253,v01,es,,,,Venezuela (Bolivarian Republic of),El Recreo,10.51615966,-66.87732569,V,0.0,0,0,0.0
VE010109,Caracas,El Recreo,,,,VE010109,Libertador,,,,VE0101,Distrito Capital,,,,VE01,Venezuela (República Bolivariana de),,,,VE,2021/02/23,,15.54573253,v01,es,,,,Venezuela (Bolivarian Republic of),El Recreo,10.51615966,-66.87732569,VI,0.0,0,0,0.0
VE010109,Caracas,El Recreo,,,,VE010109,Libertador,,,,VE0101,Distrito Capital,,,,VE01,Venezuela (República Bolivariana de),,,,VE,2021/02/23,,15.54573253,v01,es,,,,Venezuela (Bolivarian Republic of),El Recreo,10.51615966,-66.87732569,VII,6.686,7775,1418,56763.0
VE010109,Caracas,El Recreo,,,,VE010109,Libertador,,,,VE0101,Distrito Capital,,,,VE01,Venezuela (República Bolivariana de),,,,VE,2021/02/23,,15.54573253,v01,es,,,,Venezuela (Bolivarian Republic of),El Recreo,10.51615966,-66.87732569,VIII,1.602,3586,97,15651.0
VE010109,Caracas,El Recreo,,,,VE010109,Libertador,,,,VE0101,Distrito Capital,,,,VE01,Venezuela (República Bolivariana de),,,,VE,2021/02/23,,15.54573253,v01,es,,,,Venezuela (Bolivarian Republic of),El Recreo,10.51615966,-66.87732569,IX,0.0,0,0,0.0
VE010109,Caracas,El Recreo,,,,VE010109,Libertador,,,,VE0101,Distrito Capital,,,,VE01,Venezuela (República Bolivariana de),,,,VE,2021/02/23,,15.54573253,v01,es,,,,Venezuela (Bolivarian Republic of),El Recreo,10.51615966,-66.87732569,X+,0.0,0,0,0.0
VE010110,Caracas,El Valle,,,,VE010110,Libertador,,,,VE0101,Distrito Capital,,,,VE01,Venezuela (República Bolivariana de),,,,VE,2021/02/23,,20.85087021,v01,es,,,,Venezuela (Bolivarian Republic of),El Valle,10.44314877,-66.91011781,I,0.0,0,0,0.0
VE010110,Caracas,El Valle,,,,VE010110,Libertador,,,,VE0101,Distrito Capital,,,,VE01,Venezuela (República Bolivariana de),,,,VE,2021/02/23,,20.85087021,v01,es,,,,Venezuela (Bolivarian Republic of),El Valle,10.44314877,-66.91011781,II-III,0.0,0,0,0.0
VE010110,Caracas,El Valle,,,,VE010110,Libertador,,,,VE0101,Distrito Capital,,,,VE01,Venezuela (República Bolivariana de),,,,VE,2021/02/23,,20.85087021,v01,es,,,,Venezuela (Bolivarian Republic of),El Valle,10.44314877,-66.91011781,IV,0.0,0,0,0.0
VE010110,Caracas,El Valle,,,,VE010110,Libertador,,,,VE0101,Distrito Capital,,,,VE01,Venezuela (República Bolivariana de),,,,VE,2021/02/23,,20.85087021,v01,es,,,,Venezuela (Bolivarian Republic of),El Valle,10.44314877,-66.91011781,V,0.0,0,0,0.0
VE010110,Caracas,El Valle,,,,VE010110,Libertador,,,,VE0101,Distrito Capital,,,,VE01,Venezuela (República Bolivariana de),,,,VE,2021/02/23,,20.85087021,v01,es,,,,Venezuela (Bolivarian Republic of),El Valle,10.44314877,-66.91011781,VI,5.801,778,178,4280.0
VE010110,Caracas,El Valle,,,,VE010110,Libertador,,,,VE0101,Distrito Capital,,,,VE01,Venezuela (República Bolivariana de),,,,VE,2021/02/23,,20.85087021,v01,es,,,,Venezuela (Bolivarian Republic of),El Valle,10.44314877,-66.91011781,VII,12.052,15049,703,72006.0
VE010110,Caracas,El Valle,,,,VE010110,Libertador,,,,VE0101,Distrito Capital,,,,VE01,Venezuela (República Bolivariana de),,,,VE,2021/02/23,,20.85087021,v01,es,,,,Venezuela (Bolivarian Republic of),El Valle,10.44314877,-66.91011781,VIII,0.0,0,0,0.0
VE010110,Caracas,El Valle,,,,VE010110,Libertador,,,,VE0101,Distrito Capital,,,,VE01,Venezuela (República Bolivariana de),,,,VE,2021/02/23,,20.85087021,v01,es,,,,Venezuela (Bolivarian Republic of),El Valle,10.44314877,-66.91011781,IX,0.0,0,0,0.0
VE010110,Caracas,El Valle,,,,VE010110,Libertador,,,,VE0101,Distrito Capital,,,,VE01,Venezuela (República Bolivariana de),,,,VE,2021/02/23,,20.85087021,v01,es,,,,Venezuela (Bolivarian Republic of),El Valle,10.44314877,-66.91011781,X+,0.0,0,0,0.0
VE010111,Caracas,La Pastora,,,,VE010111,Libertador,,,,VE0101,Distrito Capital,,,,VE01,Venezuela (República Bolivariana de),,,,VE,2021/02/23,,7.51928825,v01,es,,,,Venezuela (Bolivarian Republic of),La Pastora,10.531556,-66.92450243,I,0.0,0,0,0.0
VE010111,Caracas,La Pastora,,,,VE010111,Libertador,,,,VE0101,Distrito Capital,,,,VE01,Venezuela (República Bolivariana de),,,,VE,2021/02/23,,7.51928825,v01,es,,,,Venezuela (Bolivarian Republic of),La Pastora,10.531556,-66.92450243,II-III,0.0,0,0,0.0
VE010111,Caracas,La Pastora,,,,VE010111,Libertador,,,,VE0101,Distrito Capital,,,,VE01,Venezuela (República Bolivariana de),,,,VE,2021/02/23,,7.51928825,v01,es,,,,Venezuela (Bolivarian Republic of),La Pastora,10.531556,-66.92450243,IV,0.0,0,0,0.0
VE010111,Caracas,La Pastora,,,,VE010111,Libertador,,,,VE0101,Distrito Capital,,,,VE01,Venezuela (República Bolivariana de),,,,VE,2021/02/23,,7.51928825,v01,es,,,,Venezuela (Bolivarian Republic of),La Pastora,10.531556,-66.92450243,V,0.0,0,0,0.0
VE010111,Caracas,La Pastora,,,,VE010111,Libertador,,,,VE0101,Distrito Capital,,,,VE01,Venezuela (República Bolivariana de),,,,VE,2021/02/23,,7.51928825,v01,es,,,,Venezuela (Bolivarian Republic of),La Pastora,10.531556,-66.92450243,VI,0.0,0,0,0.0
VE010111,Caracas,La Pastora,,,,VE010111,Libertador,,,,VE0101,Distrito Capital,,,,VE01,Venezuela (República Bolivariana de),,,,VE,2021/02/23,,7.51928825,v01,es,,,,Venezuela (Bolivarian Republic of),La Pastora,10.531556,-66.92450243,VII,0.0,0,0,0.0
VE010111,Caracas,La Pastora,,,,VE010111,Libertador,,,,VE0101,Distrito Capital,,,,VE01,Venezuela (República Bolivariana de),,,,VE,2021/02/23,,7.51928825,v01,es,,,,Venezuela (Bolivarian Republic of),La Pastora,10.531556,-66.92450243,VIII,3.599,7961,57,60401.0
VE010111,Caracas,La Pastora,,,,VE010111,Libertador,,,,VE0101,Distrito Capital,,,,VE01,Venezuela (República Bolivariana de),,,,VE,2021/02/23,,7.51928825,v01,es,,,,Venezuela (Bolivarian Republic of),La Pastora,10.531556,-66.92450243,IX,0.0,0,0,0.0
VE010111,Caracas,La Pastora,,,,VE010111,Libertador,,,,VE0101,Distrito Capital,,,,VE01,Venezuela (República Bolivariana de),,,,VE,2021/02/23,,7.51928825,v01,es,,,,Venezuela (Bolivarian Republic of),La Pastora,10.531556,-66.92450243,X+,0.0,0,0,0.0
VE010114,Caracas,San Agustín,,,,VE010114,Libertador,,,,VE0101,Distrito Capital,,,,VE01,Venezuela (República Bolivariana de),,,,VE,2021/02/23,,1.55371325,v01,es,,,,Venezuela (Bolivarian Republic of),San Agustin,10.4962395,-66.90472062,I,0.0,0,0,0.0
VE010114,Caracas,San Agustín,,,,VE010114,Libertador,,,,VE0101,Distrito Capital,,,,VE01,Venezuela (República Bolivariana de),,,,VE,2021/02/23,,1.55371325,v01,es,,,,Venezuela (Bolivarian Republic of),San Agustin,10.4962395,-66.90472062,II-III,0.0,0,0,0.0
VE010114,Caracas,San Agustín,,,,VE010114,Libertador,,,,VE0101,Distrito Capital,,,,VE01,Venezuela (República Bolivariana de),,,,VE,2021/02/23,,1.55371325,v01,es,,,,Venezuela (Bolivarian Republic of),San Agustin,10.4962395,-66.90472062,IV,0.0,0,0,0.0
VE010114,Caracas,San Agustín,,,,VE010114,Libertador,,,,VE0101,Distrito Capital,,,,VE01,Venezuela (República Bolivariana de),,,,VE,2021/02/23,,1.55371325,v01,es,,,,Venezuela (Bolivarian Republic of),San Agustin,10.4962395,-66.90472062,V,0.0,0,0,0.0
VE010114,Caracas,San Agustín,,,,VE010114,Libertador,,,,VE0101,Distrito Capital,,,,VE01,Venezuela (República Bolivariana de),,,,VE,2021/02/23,,1.55371325,v01,es,,,,Venezuela (Bolivarian Republic of),San Agustin,10.4962395,-66.90472062,VI,0.0,0,0,0.0
VE010114,Caracas,San Agustín,,,,VE010114,Libertador,,,,VE0101,Distrito Capital,,,,VE01,Venezuela (República Bolivariana de),,,,VE,2021/02/23,,1.55371325,v01,es,,,,Venezuela (Bolivarian Republic of),San Agustin,10.4962395,-66.90472062,VII,0.156,675,0,3395.0
VE010114,Caracas,San Agustín,,,,VE010114,Libertador,,,,VE0101,Distrito Capital,,,,VE01,Venezuela (República Bolivariana de),,,,VE,2021/02/23,,1.55371325,v01,es,,,,Venezuela (Bolivarian Republic of),San Agustin,10.4962395,-66.90472062,VIII,1.407,2244,144,16090.0
VE010114,Caracas,San Agustín,,,,VE010114,Libertador,,,,VE0101,Distrito Capital,,,,VE01,Venezuela (República Bolivariana de),,,,VE,2021/02/23,,1.55371325,v01,es,,,,Venezuela (Bolivarian Republic of),San Agustin,10.4962395,-66.90472062,IX,0.0,0,0,0.0
VE010114,Caracas,San Agustín,,,,VE010114,Libertador,,,,VE0101,Distrito Capital,,,,VE01,Venezuela (República Bolivariana de),,,,VE,2021/02/23,,1.55371325,v01,es,,,,Venezuela (Bolivarian Republic of),San Agustin,10.4962395,-66.90472062,X+,0.0,0,0,0.0
VE010115,Caracas,San Bernandino,,,,VE010115,Libertador,,,,VE0101,Distrito Capital,,,,VE01,Venezuela (República Bolivariana de),,,,VE,2021/02/23,,7.61041906,v01,es,,,,Venezuela (Bolivarian Republic of),San Bernandino,10.53176661,-66.89874842,I,0.0,0,0,0.0
VE010115,Caracas,San Bernandino,,,,VE010115,Libertador,,,,VE0101,Distrito Capital,,,,VE01,Venezuela (República Bolivariana de),,,,VE,2021/02/23,,7.61041906,v01,es,,,,Venezuela (Bolivarian Republic of),San Bernandino,10.53176661,-66.89874842,II-III,0.0,0,0,0.0
VE010115,Caracas,San Bernandino,,,,VE010115,Libertador,,,,VE0101,Distrito Capital,,,,VE01,Venezuela (República Bolivariana de),,,,VE,2021/02/23,,7.61041906,v01,es,,,,Venezuela (Bolivarian Republic of),San Bernandino,10.53176661,-66.89874842,IV,0.0,0,0,0.0
VE010115,Caracas,San Bernandino,,,,VE010115,Libertador,,,,VE0101,Distrito Capital,,,,VE01,Venezuela (República Bolivariana de),,,,VE,2021/02/23,,7.61041906,v01,es,,,,Venezuela (Bolivarian Republic of),San Bernandino,10.53176661,-66.89874842,V,0.0,0,0,0.0
VE010115,Caracas,San Bernandino,,,,VE010115,Libertador,,,,VE0101,Distrito Capital,,,,VE01,Venezuela (República Bolivariana de),,,,VE,2021/02/23,,7.61041906,v01,es,,,,Venezuela (Bolivarian Republic of),San Bernandino,10.53176661,-66.89874842,VI,0.0,0,0,0.0
VE010115,Caracas,San Bernandino,,,,VE010115,Libertador,,,,VE0101,Distrito Capital,,,,VE01,Venezuela (República Bolivariana de),,,,VE,2021/02/23,,7.61041906,v01,es,,,,Venezuela (Bolivarian Republic of),San Bernandino,10.53176661,-66.89874842,VII,0.0,0,0,0.0
VE010115,Caracas,San Bernandino,,,,VE010115,Libertador,,,,VE0101,Distrito Capital,,,,VE01,Venezuela (República Bolivariana de),,,,VE,2021/02/23,,7.61041906,v01,es,,,,Venezuela (Bolivarian Republic of),San Bernandino,10.53176661,-66.89874842,VIII,2.361,3076,2470,21036.0
VE010115,Caracas,San Bernandino,,,,VE010115,Libertador,,,,VE0101,Distrito Capital,,,,VE01,Venezuela (República Bolivariana de),,,,VE,2021/02/23,,7.61041906,v01,es,,,,Venezuela (Bolivarian Republic of),San Bernandino,10.53176661,-66.89874842,IX,0.0,0,0,0.0
VE010115,Caracas,San Bernandino,,,,VE010115,Libertador,,,,VE0101,Distrito Capital,,,,VE01,Venezuela (República Bolivariana de),,,,VE,2021/02/23,,7.61041906,v01,es,,,,Venezuela (Bolivarian Republic of),San Bernandino,10.53176661,-66.89874842,X+,0.0,0,0,0.0
VE010116,Caracas,San José,,,,VE010116,Libertador,,,,VE0101,Distrito Capital,,,,VE01,Venezuela (República Bolivariana de),,,,VE,2021/02/23,,2.4127559,v01,es,,,,Venezuela (Bolivarian Republic of),San Jose,10.53193052,-66.90899264,I,0.0,0,0,0.0
VE010116,Caracas,San José,,,,VE010116,Libertador,,,,VE0101,Distrito Capital,,,,VE01,Venezuela (República Bolivariana de),,,,VE,2021/02/23,,2.4127559,v01,es,,,,Venezuela (Bolivarian Republic of),San Jose,10.53193052,-66.90899264,II-III,0.0,0,0,0.0
VE010116,Caracas,San José,,,,VE010116,Libertador,,,,VE0101,Distrito Capital,,,,VE01,Venezuela (República Bolivariana de),,,,VE,2021/02/23,,2.4127559,v01,es,,,,Venezuela (Bolivarian Republic of),San Jose,10.53193052,-66.90899264,IV,0.0,0,0,0.0
VE010116,Caracas,San José,,,,VE010116,Libertador,,,,VE0101,Distrito Capital,,,,VE01,Venezuela (República Bolivariana de),,,,VE,2021/02/23,,2.4127559,v01,es,,,,Venezuela (Bolivarian Republic of),San Jose,10.53193052,-66.90899264,V,0.0,0,0,0.0
VE010116,Caracas,San José,,,,VE010116,Libertador,,,,VE0101,Distrito Capital,,,,VE01,Venezuela (República Bolivariana de),,,,VE,2021/02/23,,2.4127559,v01,es,,,,Venezuela (Bolivarian Republic of),San Jose,10.53193052,-66.90899264,VI,0.0,0,0,0.0
VE010116,Caracas,San José,,,,VE010116,Libertador,,,,VE0101,Distrito Capital,,,,VE01,Venezuela (República Bolivariana de),,,,VE,2021/02/23,,2.4127559,v01,es,,,,Venezuela (Bolivarian Republic of),San Jose,10.53193052,-66.90899264,VII,0.0,0,0,0.0
VE010116,Caracas,San José,,,,VE010116,Libertador,,,,VE0101,Distrito Capital,,,,VE01,Venezuela (República Bolivariana de),,,,VE,2021/02/23,,2.4127559,v01,es,,,,Venezuela (Bolivarian Republic of),San Jose,10.53193052,-66.90899264,VIII,1.078,3010,202,17154.0
VE010116,Caracas,San José,,,,VE010116,Libertador,,,,VE0101,Distrito Capital,,,,VE01,Venezuela (República Bolivariana de),,,,VE,2021/02/23,,2.4127559,v01,es,,,,Venezuela (Bolivarian Republic of),San Jose,10.53193052,-66.90899264,IX,0.0,0,0,0.0
VE010116,Caracas,San José,,,,VE010116,Libertador,,,,VE0101,Distrito Capital,,,,VE01,Venezuela (República Bolivariana de),,,,VE,2021/02/23,,2.4127559,v01,es,,,,Venezuela (Bolivarian Republic of),San Jose,10.53193052,-66.90899264,X+,0.0,0,0,0.0
VE010117,Caracas,San Juan,,,,VE010117,Libertador,,,,VE0101,Distrito Capital,,,,VE01,Venezuela (República Bolivariana de),,,,VE,2021/02/23,,3.21184248,v01,es,,,,Venezuela (Bolivarian Republic of),San Juan,10.4973285,-66.9317725,I,0.0,0,0,0.0
VE010117,Caracas,San Juan,,,,VE010117,Libertador,,,,VE0101,Distrito Capital,,,,VE01,Venezuela (República Bolivariana de),,,,VE,2021/02/23,,3.21184248,v01,es,,,,Venezuela (Bolivarian Republic of),San Juan,10.4973285,-66.9317725,II-III,0.0,0,0,0.0
VE010117,Caracas,San Juan,,,,VE010117,Libertador,,,,VE0101,Distrito Capital,,,,VE01,Venezuela (República Bolivariana de),,,,VE,2021/02/23,,3.21184248,v01,es,,,,Venezuela (Bolivarian Republic of),San Juan,10.4973285,-66.9317725,IV,0.0,0,0,0.0
VE010117,Caracas,San Juan,,,,VE010117,Libertador,,,,VE0101,Distrito Capital,,,,VE01,Venezuela (República Bolivariana de),,,,VE,2021/02/23,,3.21184248,v01,es,,,,Venezuela (Bolivarian Republic of),San Juan,10.4973285,-66.9317725,V,0.0,0,0,0.0
VE010117,Caracas,San Juan,,,,VE010117,Libertador,,,,VE0101,Distrito Capital,,,,VE01,Venezuela (República Bolivariana de),,,,VE,2021/02/23,,3.21184248,v01,es,,,,Venezuela (Bolivarian Republic of),San Juan,10.4973285,-66.9317725,VI,0.0,0,0,0.0
VE010117,Caracas,San Juan,,,,VE010117,Libertador,,,,VE0101,Distrito Capital,,,,VE01,Venezuela (República Bolivariana de),,,,VE,2021/02/23,,3.21184248,v01,es,,,,Venezuela (Bolivarian Republic of),San Juan,10.4973285,-66.9317725,VII,0.087,63,5,301.0
VE010117,Caracas,San Juan,,,,VE010117,Libertador,,,,VE0101,Distrito Capital,,,,VE01,Venezuela (República Bolivariana de),,,,VE,2021/02/23,,3.21184248,v01,es,,,,Venezuela (Bolivarian Republic of),San Juan,10.4973285,-66.9317725,VIII,1.802,4263,117,30990.0
VE010117,Caracas,San Juan,,,,VE010117,Libertador,,,,VE0101,Distrito Capital,,,,VE01,Venezuela (República Bolivariana de),,,,VE,2021/02/23,,3.21184248,v01,es,,,,Venezuela (Bolivarian Republic of),San Juan,10.4973285,-66.9317725,IX,0.0,0,0,0.0
VE010117,Caracas,San Juan,,,,VE010117,Libertador,,,,VE0101,Distrito Capital,,,,VE01,Venezuela (República Bolivariana de),,,,VE,2021/02/23,,3.21184248,v01,es,,,,Venezuela (Bolivarian Republic of),San Juan,10.4973285,-66.9317725,X+,0.0,0,0,0.0
VE010118,Caracas,San Pedro,,,,VE010118,Libertador,,,,VE0101,Distrito Capital,,,,VE01,Venezuela (República Bolivariana de),,,,VE,2021/02/23,,6.55567204,v01,es,,,,Venezuela (Bolivarian Republic of),San Pedro,10.48110062,-66.89322909,I,0.0,0,0,0.0
VE010118,Caracas,San Pedro,,,,VE010118,Libertador,,,,VE0101,Distrito Capital,,,,VE01,Venezuela (República Bolivariana de),,,,VE,2021/02/23,,6.55567204,v01,es,,,,Venezuela (Bolivarian Republic of),San Pedro,10.48110062,-66.89322909,II-III,0.0,0,0,0.0
VE010118,Caracas,San Pedro,,,,VE010118,Libertador,,,,VE0101,Distrito Capital,,,,VE01,Venezuela (República Bolivariana de),,,,VE,2021/02/23,,6.55567204,v01,es,,,,Venezuela (Bolivarian Republic of),San Pedro,10.48110062,-66.89322909,IV,0.0,0,0,0.0
VE010118,Caracas,San Pedro,,,,VE010118,Libertador,,,,VE0101,Distrito Capital,,,,VE01,Venezuela (República Bolivariana de),,,,VE,2021/02/23,,6.55567204,v01,es,,,,Venezuela (Bolivarian Republic of),San Pedro,10.48110062,-66.89322909,V,0.0,0,0,0.0
VE010118,Caracas,San Pedro,,,,VE010118,Libertador,,,,VE0101,Distrito Capital,,,,VE01,Venezuela (República Bolivariana de),,,,VE,2021/02/23,,6.55567204,v01,es,,,,Venezuela (Bolivarian Republic of),San Pedro,10.48110062,-66.89322909,VI,0.0,0,0,0.0
VE010118,Caracas,San Pedro,,,,VE010118,Libertador,,,,VE0101,Distrito Capital,,,,VE01,Venezuela (República Bolivariana de),,,,VE,2021/02/23,,6.55567204,v01,es,,,,Venezuela (Bolivarian Republic of),San Pedro,10.48110062,-66.89322909,VII,6.333,7083,589,57451.0
VE010118,Caracas,San Pedro,,,,VE010118,Libertador,,,,VE0101,Distrito Capital,,,,VE01,Venezuela (República Bolivariana de),,,,VE,2021/02/23,,6.55567204,v01,es,,,,Venezuela (Bolivarian Republic of),San Pedro,10.48110062,-66.89322909,VIII,0.264,23,1,226.0
VE010118,Caracas,San Pedro,,,,VE010118,Libertador,,,,VE0101,Distrito Capital,,,,VE01,Venezuela (República Bolivariana de),,,,VE,2021/02/23,,6.55567204,v01,es,,,,Venezuela (Bolivarian Republic of),San Pedro,10.48110062,-66.89322909,IX,0.0,0,0,0.0
VE010118,Caracas,San Pedro,,,,VE010118,Libertador,,,,VE0101,Distrito Capital,,,,VE01,Venezuela (República Bolivariana de),,,,VE,2021/02/23,,6.55567204,v01,es,,,,Venezuela (Bolivarian Republic of),San Pedro,10.48110062,-66.89322909,X+,0.0,0,0,0.0
VE010119,Caracas,Santa Rosalía,,,,VE010119,Libertador,,,,VE0101,Distrito Capital,,,,VE01,Venezuela (República Bolivariana de),,,,VE,2021/02/23,,6.21578897,v01,es,,,,Venezuela (Bolivarian Republic of),Santa Rosalia,10.483391,-66.91663839,I,0.0,0,0,0.0
VE010119,Caracas,Santa Rosalía,,,,VE010119,Libertador,,,,VE0101,Distrito Capital,,,,VE01,Venezuela (República Bolivariana de),,,,VE,2021/02/23,,6.21578897,v01,es,,,,Venezuela (Bolivarian Republic of),Santa Rosalia,10.483391,-66.91663839,II-III,0.0,0,0,0.0
VE010119,Caracas,Santa Rosalía,,,,VE010119,Libertador,,,,VE0101,Distrito Capital,,,,VE01,Venezuela (República Bolivariana de),,,,VE,2021/02/23,,6.21578897,v01,es,,,,Venezuela (Bolivarian Republic of),Santa Rosalia,10.483391,-66.91663839,IV,0.0,0,0,0.0
VE010119,Caracas,Santa Rosalía,,,,VE010119,Libertador,,,,VE0101,Distrito Capital,,,,VE01,Venezuela (República Bolivariana de),,,,VE,2021/02/23,,6.21578897,v01,es,,,,Venezuela (Bolivarian Republic of),Santa Rosalia,10.483391,-66.91663839,V,0.0,0,0,0.0
VE010119,Caracas,Santa Rosalía,,,,VE010119,Libertador,,,,VE0101,Distrito Capital,,,,VE01,Venezuela (República Bolivariana de),,,,VE,2021/02/23,,6.21578897,v01,es,,,,Venezuela (Bolivarian Republic of),Santa Rosalia,10.483391,-66.91663839,VI,0.0,0,0,0.0
VE010119,Caracas,Santa Rosalía,,,,VE010119,Libertador,,,,VE0101,Distrito Capital,,,,VE01,Venezuela (República Bolivariana de),,,,VE,2021/02/23,,6.21578897,v01,es,,,,Venezuela (Bolivarian Republic of),Santa Rosalia,10.483391,-66.91663839,VII,4.836,13016,78,76727.0
VE010119,Caracas,Santa Rosalía,,,,VE010119,Libertador,,,,VE0101,Distrito Capital,,,,VE01,Venezuela (República Bolivariana de),,,,VE,2021/02/23,,6.21578897,v01,es,,,,Venezuela (Bolivarian Republic of),Santa Rosalia,10.483391,-66.91663839,VIII,0.454,1346,26,7322.0
VE010119,Caracas,Santa Rosalía,,,,VE010119,Libertador,,,,VE0101,Distrito Capital,,,,VE01,Venezuela (República Bolivariana de),,,,VE,2021/02/23,,6.21578897,v01,es,,,,Venezuela (Bolivarian Republic of),Santa Rosalia,10.483391,-66.91663839,IX,0.0,0,0,0.0
VE010119,Caracas,Santa Rosalía,,,,VE010119,Libertador,,,,VE0101,Distrito Capital,,,,VE01,Venezuela (República Bolivariana de),,,,VE,2021/02/23,,6.21578897,v01,es,,,,Venezuela (Bolivarian Republic of),Santa Rosalia,10.483391,-66.91663839,X+,0.0,0,0,0.0
VE010120,Caracas,Santa Teresa,,,,VE010120,Libertador,,,,VE0101,Distrito Capital,,,,VE01,Venezuela (República Bolivariana de),,,,VE,2021/02/23,,0.66299781,v01,es,,,,Venezuela (Bolivarian Republic of),Santa Teresa,10.496518,-66.91705106,I,0.0,0,0,0.0
VE010120,Caracas,Santa Teresa,,,,VE010120,Libertador,,,,VE0101,Distrito Capital,,,,VE01,Venezuela (República Bolivariana de),,,,VE,2021/02/23,,0.66299781,v01,es,,,,Venezuela (Bolivarian Republic of),Santa Teresa,10.496518,-66.91705106,II-III,0.0,0,0,0.0
VE010120,Caracas,Santa Teresa,,,,VE010120,Libertador,,,,VE0101,Distrito Capital,,,,VE01,Venezuela (República Bolivariana de),,,,VE,2021/02/23,,0.66299781,v01,es,,,,Venezuela (Bolivarian Republic of),Santa Teresa,10.496518,-66.91705106,IV,0.0,0,0,0.0
VE010120,Caracas,Santa Teresa,,,,VE010120,Libertador,,,,VE0101,Distrito Capital,,,,VE01,Venezuela (República Bolivariana de),,,,VE,2021/02/23,,0.66299781,v01,es,,,,Venezuela (Bolivarian Republic of),Santa Teresa,10.496518,-66.91705106,V,0.0,0,0,0.0
VE010120,Caracas,Santa Teresa,,,,VE010120,Libertador,,,,VE0101,Distrito Capital,,,,VE01,Venezuela (República Bolivariana de),,,,VE,2021/02/23,,0.66299781,v01,es,,,,Venezuela (Bolivarian Republic of),Santa Teresa,10.496518,-66.91705106,VI,0.0,0,0,0.0
VE010120,Caracas,Santa Teresa,,,,VE010120,Libertador,,,,VE0101,Distrito Capital,,,,VE01,Venezuela (República Bolivariana de),,,,VE,2021/02/23,,0.66299781,v01,es,,,,Venezuela (Bolivarian Republic of),Santa Teresa,10.496518,-66.91705106,VII,0.073,65,8,388.0
VE010120,Caracas,Santa Teresa,,,,VE010120,Libertador,,,,VE0101,Distrito Capital,,,,VE01,Venezuela (República Bolivariana de),,,,VE,2021/02/23,,0.66299781,v01,es,,,,Venezuela (Bolivarian Republic of),Santa Teresa,10.496518,-66.91705106,VIII,0.595,1735,114,8676.0
VE010120,Caracas,Santa Teresa,,,,VE010120,Libertador,,,,VE0101,Distrito Capital,,,,VE01,Venezuela (República Bolivariana de),,,,VE,2021/02/23,,0.66299781,v01,es,,,,Venezuela (Bolivarian Republic of),Santa Teresa,10.496518,-66.91705106,IX,0.0,0,0,0.0
VE010120,Caracas,Santa Teresa,,,,VE010120,Libertador,,,,VE0101,Distrito Capital,,,,VE01,Venezuela (República Bolivariana de),,,,VE,2021/02/23,,0.66299781,v01,es,,,,Venezuela (Bolivarian Republic of),Santa Teresa,10.496518,-66.91705106,X+,0.0,0,0,0.0
VE010121,Caracas,Sucre,,,,VE010121,Libertador,,,,VE0101,Distrito Capital,,,,VE01,Venezuela (República Bolivariana de),,,,VE,2021/02/23,,50.70001361,v01,es,,,,Venezuela (Bolivarian Republic of),Sucre,10.5278695,-66.9656894,I,0.0,0,0,0.0
VE010121,Caracas,Sucre,,,,VE010121,Libertador,,,,VE0101,Distrito Capital,,,,VE01,Venezuela (República Bolivariana de),,,,VE,2021/02/23,,50.70001361,v01,es,,,,Venezuela (Bolivarian Republic of),Sucre,10.5278695,-66.9656894,II-III,0.0,0,0,0.0
VE010121,Caracas,Sucre,,,,VE010121,Libertador,,,,VE0101,Distrito Capital,,,,VE01,Venezuela (República Bolivariana de),,,,VE,2021/02/23,,50.70001361,v01,es,,,,Venezuela (Bolivarian Republic of),Sucre,10.5278695,-66.9656894,IV,0.0,0,0,0.0
VE010121,Caracas,Sucre,,,,VE010121,Libertador,,,,VE0101,Distrito Capital,,,,VE01,Venezuela (República Bolivariana de),,,,VE,2021/02/23,,50.70001361,v01,es,,,,Venezuela (Bolivarian Republic of),Sucre,10.5278695,-66.9656894,V,0.0,0,0,0.0
VE010121,Caracas,Sucre,,,,VE010121,Libertador,,,,VE0101,Distrito Capital,,,,VE01,Venezuela (República Bolivariana de),,,,VE,2021/02/23,,50.70001361,v01,es,,,,Venezuela (Bolivarian Republic of),Sucre,10.5278695,-66.9656894,VI,0.0,0,0,0.0
VE010121,Caracas,Sucre,,,,VE010121,Libertador,,,,VE0101,Distrito Capital,,,,VE01,Venezuela (República Bolivariana de),,,,VE,2021/02/23,,50.70001361,v01,es,,,,Venezuela (Bolivarian Republic of),Sucre,10.5278695,-66.9656894,VII,0.0,0,0,0.0
VE010121,Caracas,Sucre,,,,VE010121,Libertador,,,,VE0101,Distrito Capital,,,,VE01,Venezuela (República Bolivariana de),,,,VE,2021/02/23,,50.70001361,v01,es,,,,Venezuela (Bolivarian Republic of),Sucre,10.5278695,-66.9656894,VIII,2.487,4342,60,37206.0
VE010121,Caracas,Sucre,,,,VE010121,Libertador,,,,VE0101,Distrito Capital,,,,VE01,Venezuela (República Bolivariana de),,,,VE,2021/02/23,,50.70001361,v01,es,,,,Venezuela (Bolivarian Republic of),Sucre,10.5278695,-66.9656894,IX,0.0,0,0,0.0
VE010121,Caracas,Sucre,,,,VE010121,Libertador,,,,VE0101,Distrito Capital,,,,VE01,Venezuela (República Bolivariana de),,,,VE,2021/02/23,,50.70001361,v01,es,,,,Venezuela (Bolivarian Republic of),Sucre,10.5278695,-66.9656894,X+,0.0,0,0,0.0
VE010122,Caracas,23 de Enero,,,,VE010122,Libertador,,,,VE0101,Distrito Capital,,,,VE01,Venezuela (República Bolivariana de),,,,VE,2021/02/23,,2.24878105,v01,es,,,,Venezuela (Bolivarian Republic of),23 de Enero,10.506788,-66.93119152,I,0.0,0,0,0.0
VE010122,Caracas,23 de Enero,,,,VE010122,Libertador,,,,VE0101,Distrito Capital,,,,VE01,Venezuela (República Bolivariana de),,,,VE,2021/02/23,,2.24878105,v01,es,,,,Venezuela (Bolivarian Republic of),23 de Enero,10.506788,-66.93119152,II-III,0.0,0,0,0.0
VE010122,Caracas,23 de Enero,,,,VE010122,Libertador,,,,VE0101,Distrito Capital,,,,VE01,Venezuela (República Bolivariana de),,,,VE,2021/02/23,,2.24878105,v01,es,,,,Venezuela (Bolivarian Republic of),23 de Enero,10.506788,-66.93119152,IV,0.0,0,0,0.0
VE010122,Caracas,23 de Enero,,,,VE010122,Libertador,,,,VE0101,Distrito Capital,,,,VE01,Venezuela (República Bolivariana de),,,,VE,2021/02/23,,2.24878105,v01,es,,,,Venezuela (Bolivarian Republic of),23 de Enero,10.506788,-66.93119152,V,0.0,0,0,0.0
VE010122,Caracas,23 de Enero,,,,VE010122,Libertador,,,,VE0101,Distrito Capital,,,,VE01,Venezuela (República Bolivariana de),,,,VE,2021/02/23,,2.24878105,v01,es,,,,Venezuela (Bolivarian Republic of),23 de Enero,10.506788,-66.93119152,VI,0.0,0,0,0.0
VE010122,Caracas,23 de Enero,,,,VE010122,Libertador,,,,VE0101,Distrito Capital,,,,VE01,Venezuela (República Bolivariana de),,,,VE,2021/02/23,,2.24878105,v01,es,,,,Venezuela (Bolivarian Republic of),23 de Enero,10.506788,-66.93119152,VII,0.0,0,0,0.0
VE010122,Caracas,23 de Enero,,,,VE010122,Libertador,,,,VE0101,Distrito Capital,,,,VE01,Venezuela (República Bolivariana de),,,,VE,2021/02/23,,2.24878105,v01,es,,,,Venezuela (Bolivarian Republic of),23 de Enero,10.506788,-66.93119152,VIII,1.563,2317,158,20484.0
VE010122,Caracas,23 de Enero,,,,VE010122,Libertador,,,,VE0101,Distrito Capital,,,,VE01,Venezuela (República Bolivariana de),,,,VE,2021/02/23,,2.24878105,v01,es,,,,Venezuela (Bolivarian Republic of),23 de Enero,10.506788,-66.93119152,IX,0.0,0,0,0.0
VE010122,Caracas,23 de Enero,,,,VE010122,Libertador,,,,VE0101,Distrito Capital,,,,VE01,Venezuela (República Bolivariana de),,,,VE,2021/02/23,,2.24878105,v01,es,,,,Venezuela (Bolivarian Republic of),23 de Enero,10.506788,-66.93119152,X+,0.0,0,0,0.0
VE080501,Moron,Urbana Morón,,,,VE080501,Juan José Mora,,,,VE0805,Carabobo,,,,VE08,Venezuela (República Bolivariana de),,,,VE,2021/02/23,,316.41761415,v01,es,,,,Venezuela (Bolivarian Republic of),Urbana Moron,10.439713,-68.22007201,I,0.0,0,0,0.0
VE080501,Moron,Urbana Morón,,,,VE080501,Juan José Mora,,,,VE0805,Carabobo,,,,VE08,Venezuela (República Bolivariana de),,,,VE,2021/02/23,,316.41761415,v01,es,,,,Venezuela (Bolivarian Republic of),Urbana Moron,10.439713,-68.22007201,II-III,0.0,0,0,0.0
VE080501,Moron,Urbana Morón,,,,VE080501,Juan José Mora,,,,VE0805,Carabobo,,,,VE08,Venezuela (República Bolivariana de),,,,VE,2021/02/23,,316.41761415,v01,es,,,,Venezuela (Bolivarian Republic of),Urbana Moron,10.439713,-68.22007201,IV,0.0,0,0,0.0
VE080501,Moron,Urbana Morón,,,,VE080501,Juan José Mora,,,,VE0805,Carabobo,,,,VE08,Venezuela (República Bolivariana de),,,,VE,2021/02/23,,316.41761415,v01,es,,,,Venezuela (Bolivarian Republic of),Urbana Moron,10.439713,-68.22007201,V,0.0,0,0,0.0
VE080501,Moron,Urbana Morón,,,,VE080501,Juan José Mora,,,,VE0805,Carabobo,,,,VE08,Venezuela (República Bolivariana de),,,,VE,2021/02/23,,316.41761415,v01,es,,,,Venezuela (Bolivarian Republic of),Urbana Moron,10.439713,-68.22007201,VI,0.0,0,0,0.0
VE080501,Moron,Urbana Morón,,,,VE080501,Juan José Mora,,,,VE0805,Carabobo,,,,VE08,Venezuela (República Bolivariana de),,,,VE,2021/02/23,,316.41761415,v01,es,,,,Venezuela (Bolivarian Republic of),Urbana Moron,10.439713,-68.22007201,VII,0.0,0,0,0.0
VE080501,Moron,Urbana Morón,,,,VE080501,Juan José Mora,,,,VE0805,Carabobo,,,,VE08,Venezuela (República Bolivariana de),,,,VE,2021/02/23,,316.41761415,v01,es,,,,Venezuela (Bolivarian Republic of),Urbana Moron,10.439713,-68.22007201,VIII,10.842,3055,2491,6960.0
VE080501,Moron,Urbana Morón,,,,VE080501,Juan José Mora,,,,VE0805,Carabobo,,,,VE08,Venezuela (República Bolivariana de),,,,VE,2021/02/23,,316.41761415,v01,es,,,,Venezuela (Bolivarian Republic of),Urbana Moron,10.439713,-68.22007201,IX,27.648,15508,15179,45715.0
VE080501,Moron,Urbana Morón,,,,VE080501,Juan José Mora,,,,VE0805,Carabobo,,,,VE08,Venezuela (República Bolivariana de),,,,VE,2021/02/23,,316.41761415,v01,es,,,,Venezuela (Bolivarian Republic of),Urbana Moron,10.439713,-68.22007201,X+,0.0,0,0,0.0
VE150301,Caracas,Nuestra Señora del Rosario de Baruta,,,,VE150301,Baruta,,,,VE1503,Miranda,,,,VE15,Venezuela (República Bolivariana de),,,,VE,2021/02/23,,80.85138044,v01,es,,,,Venezuela (Bolivarian Republic of),Nuestra Senora del Rosario de Baruta,10.4157765,-66.87300327,I,0.0,0,0,0.0
VE150301,Caracas,Nuestra Señora del Rosario de Baruta,,,,VE150301,Baruta,,,,VE1503,Miranda,,,,VE15,Venezuela (República Bolivariana de),,,,VE,2021/02/23,,80.85138044,v01,es,,,,Venezuela (Bolivarian Republic of),Nuestra Senora del Rosario de Baruta,10.4157765,-66.87300327,II-III,0.0,0,0,0.0
VE150301,Caracas,Nuestra Señora del Rosario de Baruta,,,,VE150301,Baruta,,,,VE1503,Miranda,,,,VE15,Venezuela (República Bolivariana de),,,,VE,2021/02/23,,80.85138044,v01,es,,,,Venezuela (Bolivarian Republic of),Nuestra Senora del Rosario de Baruta,10.4157765,-66.87300327,IV,0.0,0,0,0.0
VE150301,Caracas,Nuestra Señora del Rosario de Baruta,,,,VE150301,Baruta,,,,VE1503,Miranda,,,,VE15,Venezuela (República Bolivariana de),,,,VE,2021/02/23,,80.85138044,v01,es,,,,Venezuela (Bolivarian Republic of),Nuestra Senora del Rosario de Baruta,10.4157765,-66.87300327,V,0.0,0,0,0.0
VE150301,Caracas,Nuestra Señora del Rosario de Baruta,,,,VE150301,Baruta,,,,VE1503,Miranda,,,,VE15,Venezuela (República Bolivariana de),,,,VE,2021/02/23,,80.85138044,v01,es,,,,Venezuela (Bolivarian Republic of),Nuestra Senora del Rosario de Baruta,10.4157765,-66.87300327,VI,6.222,1202,113,8535.0
VE150301,Caracas,Nuestra Señora del Rosario de Baruta,,,,VE150301,Baruta,,,,VE1503,Miranda,,,,VE15,Venezuela (República Bolivariana de),,,,VE,2021/02/23,,80.85138044,v01,es,,,,Venezuela (Bolivarian Republic of),Nuestra Senora del Rosario de Baruta,10.4157765,-66.87300327,VII,24.058,20032,3359,147808.0
VE150301,Caracas,Nuestra Señora del Rosario de Baruta,,,,VE150301,Baruta,,,,VE1503,Miranda,,,,VE15,Venezuela (República Bolivariana de),,,,VE,2021/02/23,,80.85138044,v01,es,,,,Venezuela (Bolivarian Republic of),Nuestra Senora del Rosario de Baruta,10.4157765,-66.87300327,VIII,0.0,0,0,0.0
VE150301,Caracas,Nuestra Señora del Rosario de Baruta,,,,VE150301,Baruta,,,,VE1503,Miranda,,,,VE15,Venezuela (República Bolivariana de),,,,VE,2021/02/23,,80.85138044,v01,es,,,,Venezuela (Bolivarian Republic of),Nuestra Senora del Rosario de Baruta,10.4157765,-66.87300327,IX,0.0,0,0,0.0
VE150301,Caracas,Nuestra Señora del Rosario de Baruta,,,,VE150301,Baruta,,,,VE1503,Miranda,,,,VE15,Venezuela (República Bolivariana de),,,,VE,2021/02/23,,80.85138044,v01,es,,,,Venezuela (Bolivarian Republic of),Nuestra Senora del Rosario de Baruta,10.4157765,-66.87300327,X+,0.0,0,0,0.0
VE150303,Caracas,Las Minas de Baruta,,,,VE150303,Baruta,,,,VE1503,Miranda,,,,VE15,Venezuela (República Bolivariana de),,,,VE,2021/02/23,,4.36348258,v01,es,,,,Venezuela (Bolivarian Republic of),Las Minas de Baruta,10.461111,-66.85937374,I,0.0,0,0,0.0
VE150303,Caracas,Las Minas de Baruta,,,,VE150303,Baruta,,,,VE1503,Miranda,,,,VE15,Venezuela (República Bolivariana de),,,,VE,2021/02/23,,4.36348258,v01,es,,,,Venezuela (Bolivarian Republic of),Las Minas de Baruta,10.461111,-66.85937374,II-III,0.0,0,0,0.0
VE150303,Caracas,Las Minas de Baruta,,,,VE150303,Baruta,,,,VE1503,Miranda,,,,VE15,Venezuela (República Bolivariana de),,,,VE,2021/02/23,,4.36348258,v01,es,,,,Venezuela (Bolivarian Republic of),Las Minas de Baruta,10.461111,-66.85937374,IV,0.0,0,0,0.0
VE150303,Caracas,Las Minas de Baruta,,,,VE150303,Baruta,,,,VE1503,Miranda,,,,VE15,Venezuela (República Bolivariana de),,,,VE,2021/02/23,,4.36348258,v01,es,,,,Venezuela (Bolivarian Republic of),Las Minas de Baruta,10.461111,-66.85937374,V,0.0,0,0,0.0
VE150303,Caracas,Las Minas de Baruta,,,,VE150303,Baruta,,,,VE1503,Miranda,,,,VE15,Venezuela (República Bolivariana de),,,,VE,2021/02/23,,4.36348258,v01,es,,,,Venezuela (Bolivarian Republic of),Las Minas de Baruta,10.461111,-66.85937374,VI,0.0,0,0,0.0
VE150303,Caracas,Las Minas de Baruta,,,,VE150303,Baruta,,,,VE1503,Miranda,,,,VE15,Venezuela (República Bolivariana de),,,,VE,2021/02/23,,4.36348258,v01,es,,,,Venezuela (Bolivarian Republic of),Las Minas de Baruta,10.461111,-66.85937374,VII,0.002,0,0,0.0
VE150303,Caracas,Las Minas de Baruta,,,,VE150303,Baruta,,,,VE1503,Miranda,,,,VE15,Venezuela (República Bolivariana de),,,,VE,2021/02/23,,4.36348258,v01,es,,,,Venezuela (Bolivarian Republic of),Las Minas de Baruta,10.461111,-66.85937374,VIII,0.0,0,0,0.0
VE150303,Caracas,Las Minas de Baruta,,,,VE150303,Baruta,,,,VE1503,Miranda,,,,VE15,Venezuela (República Bolivariana de),,,,VE,2021/02/23,,4.36348258,v01,es,,,,Venezuela (Bolivarian Republic of),Las Minas de Baruta,10.461111,-66.85937374,IX,0.0,0,0,0.0
VE150303,Caracas,Las Minas de Baruta,,,,VE150303,Baruta,,,,VE1503,Miranda,,,,VE15,Venezuela (República Bolivariana de),,,,VE,2021/02/23,,4.36348258,v01,es,,,,Venezuela (Bolivarian Republic of),Las Minas de Baruta,10.461111,-66.85937374,X+,0.0,0,0,0.0
VE150701,Caracas,Chacao,,,,VE150701,Chacao,,,,VE1507,Miranda,,,,VE15,Venezuela (República Bolivariana de),,,,VE,2021/02/23,,19.34472955,v01,es,,,,Venezuela (Bolivarian Republic of),Chacao,10.516405,-66.85111069,I,0.0,0,0,0.0
VE150701,Caracas,Chacao,,,,VE150701,Chacao,,,,VE1507,Miranda,,,,VE15,Venezuela (República Bolivariana de),,,,VE,2021/02/23,,19.34472955,v01,es,,,,Venezuela (Bolivarian Republic of),Chacao,10.516405,-66.85111069,II-III,0.0,0,0,0.0
VE150701,Caracas,Chacao,,,,VE150701,Chacao,,,,VE1507,Miranda,,,,VE15,Venezuela (República Bolivariana de),,,,VE,2021/02/23,,19.34472955,v01,es,,,,Venezuela (Bolivarian Republic of),Chacao,10.516405,-66.85111069,IV,0.0,0,0,0.0
VE150701,Caracas,Chacao,,,,VE150701,Chacao,,,,VE1507,Miranda,,,,VE15,Venezuela (República Bolivariana de),,,,VE,2021/02/23,,19.34472955,v01,es,,,,Venezuela (Bolivarian Republic of),Chacao,10.516405,-66.85111069,V,0.0,0,0,0.0
VE150701,Caracas,Chacao,,,,VE150701,Chacao,,,,VE1507,Miranda,,,,VE15,Venezuela (República Bolivariana de),,,,VE,2021/02/23,,19.34472955,v01,es,,,,Venezuela (Bolivarian Republic of),Chacao,10.516405,-66.85111069,VI,0.0,0,0,0.0
VE150701,Caracas,Chacao,,,,VE150701,Chacao,,,,VE1507,Miranda,,,,VE15,Venezuela (República Bolivariana de),,,,VE,2021/02/23,,19.34472955,v01,es,,,,Venezuela (Bolivarian Republic of),Chacao,10.516405,-66.85111069,VII,0.631,548,92,4034.0
VE150701,Caracas,Chacao,,,,VE150701,Chacao,,,,VE1507,Miranda,,,,VE15,Venezuela (República Bolivariana de),,,,VE,2021/02/23,,19.34472955,v01,es,,,,Venezuela (Bolivarian Republic of),Chacao,10.516405,-66.85111069,VIII,0.0,0,0,0.0
VE150701,Caracas,Chacao,,,,VE150701,Chacao,,,,VE1507,Miranda,,,,VE15,Venezuela (República Bolivariana de),,,,VE,2021/02/23,,19.34472955,v01,es,,,,Venezuela (Bolivarian Republic of),Chacao,10.516405,-66.85111069,IX,0.0,0,0,0.0
VE150701,Caracas,Chacao,,,,VE150701,Chacao,,,,VE1507,Miranda,,,,VE15,Venezuela (República Bolivariana de),,,,VE,2021/02/23,,19.34472955,v01,es,,,,Venezuela (Bolivarian Republic of),Chacao,10.516405,-66.85111069,X+,0.0,0,0,0.0
VE151301,Caracas,San Antonio de los Altos,,,,VE151301,Los Salías,,,,VE1513,Miranda,,,,VE15,Venezuela (República Bolivariana de),,,,VE,2021/02/23,,57.3234601,v01,es,,,,Venezuela (Bolivarian Republic of),San Antonio de los Altos,10.3848485,-66.95892837,I,0.0,0,0,0.0
VE151301,Caracas,San Antonio de los Altos,,,,VE151301,Los Salías,,,,VE1513,Miranda,,,,VE15,Venezuela (República Bolivariana de),,,,VE,2021/02/23,,57.3234601,v01,es,,,,Venezuela (Bolivarian Republic of),San Antonio de los Altos,10.3848485,-66.95892837,II-III,0.0,0,0,0.0
VE151301,Caracas,San Antonio de los Altos,,,,VE151301,Los Salías,,,,VE1513,Miranda,,,,VE15,Venezuela (República Bolivariana de),,,,VE,2021/02/23,,57.3234601,v01,es,,,,Venezuela (Bolivarian Republic of),San Antonio de los Altos,10.3848485,-66.95892837,IV,0.0,0,0,0.0
VE151301,Caracas,San Antonio de los Altos,,,,VE151301,Los Salías,,,,VE1513,Miranda,,,,VE15,Venezuela (República Bolivariana de),,,,VE,2021/02/23,,57.3234601,v01,es,,,,Venezuela (Bolivarian Republic of),San Antonio de los Altos,10.3848485,-66.95892837,V,0.0,0,0,0.0
VE151301,Caracas,San Antonio de los Altos,,,,VE151301,Los Salías,,,,VE1513,Miranda,,,,VE15,Venezuela (República Bolivariana de),,,,VE,2021/02/23,,57.3234601,v01,es,,,,Venezuela (Bolivarian Republic of),San Antonio de los Altos,10.3848485,-66.95892837,VI,0.38,32,7,214.0
VE151301,Caracas,San Antonio de los Altos,,,,VE151301,Los Salías,,,,VE1513,Miranda,,,,VE15,Venezuela (República Bolivariana de),,,,VE,2021/02/23,,57.3234601,v01,es,,,,Venezuela (Bolivarian Republic of),San Antonio de los Altos,10.3848485,-66.95892837,VII,0.0,0,0,0.0
VE151301,Caracas,San Antonio de los Altos,,,,VE151301,Los Salías,,,,VE1513,Miranda,,,,VE15,Venezuela (República Bolivariana de),,,,VE,2021/02/23,,57.3234601,v01,es,,,,Venezuela (Bolivarian Republic of),San Antonio de los Altos,10.3848485,-66.95892837,VIII,0.0,0,0,0.0
VE151301,Caracas,San Antonio de los Altos,,,,VE151301,Los Salías,,,,VE1513,Miranda,,,,VE15,Venezuela (República Bolivariana de),,,,VE,2021/02/23,,57.3234601,v01,es,,,,Venezuela (Bolivarian Republic of),San Antonio de los Altos,10.3848485,-66.95892837,IX,0.0,0,0,0.0
VE151301,Caracas,San Antonio de los Altos,,,,VE151301,Los Salías,,,,VE1513,Miranda,,,,VE15,Venezuela (República Bolivariana de),,,,VE,2021/02/23,,57.3234601,v01,es,,,,Venezuela (Bolivarian Republic of),San Antonio de los Altos,10.3848485,-66.95892837,X+,0.0,0,0,0.0
VE220101,San Felipe,Arístides Bastidas,,,,VE220101,Arístides Bastidas,,,,VE2201,Yaracuy,,,,VE22,Venezuela (República Bolivariana de),,,,VE,2021/02/23,,64.12467442,v01,es,,,,Venezuela (Bolivarian Republic of),Aristides Bastidas,10.255794,-68.86161871,I,0.0,0,0,0.0
VE220101,San Felipe,Arístides Bastidas,,,,VE220101,Arístides Bastidas,,,,VE2201,Yaracuy,,,,VE22,Venezuela (República Bolivariana de),,,,VE,2021/02/23,,64.12467442,v01,es,,,,Venezuela (Bolivarian Republic of),Aristides Bastidas,10.255794,-68.86161871,II-III,0.0,0,0,0.0
VE220101,San Felipe,Arístides Bastidas,,,,VE220101,Arístides Bastidas,,,,VE2201,Yaracuy,,,,VE22,Venezuela (República Bolivariana de),,,,VE,2021/02/23,,64.12467442,v01,es,,,,Venezuela (Bolivarian Republic of),Aristides Bastidas,10.255794,-68.86161871,IV,0.0,0,0,0.0
VE220101,San Felipe,Arístides Bastidas,,,,VE220101,Arístides Bastidas,,,,VE2201,Yaracuy,,,,VE22,Venezuela (República Bolivariana de),,,,VE,2021/02/23,,64.12467442,v01,es,,,,Venezuela (Bolivarian Republic of),Aristides Bastidas,10.255794,-68.86161871,V,0.0,0,0,0.0
VE220101,San Felipe,Arístides Bastidas,,,,VE220101,Arístides Bastidas,,,,VE2201,Yaracuy,,,,VE22,Venezuela (República Bolivariana de),,,,VE,2021/02/23,,64.12467442,v01,es,,,,Venezuela (Bolivarian Republic of),Aristides Bastidas,10.255794,-68.86161871,VI,0.0,0,0,0.0
VE220101,San Felipe,Arístides Bastidas,,,,VE220101,Arístides Bastidas,,,,VE2201,Yaracuy,,,,VE22,Venezuela (República Bolivariana de),,,,VE,2021/02/23,,64.12467442,v01,es,,,,Venezuela (Bolivarian Republic of),Aristides Bastidas,10.255794,-68.86161871,VII,3.375,4529,0,8237.0
VE220101,San Felipe,Arístides Bastidas,,,,VE220101,Arístides Bastidas,,,,VE2201,Yaracuy,,,,VE22,Venezuela (República Bolivariana de),,,,VE,2021/02/23,,64.12467442,v01,es,,,,Venezuela (Bolivarian Republic of),Aristides Bastidas,10.255794,-68.86161871,VIII,0.0,0,0,0.0
VE220101,San Felipe,Arístides Bastidas,,,,VE220101,Arístides Bastidas,,,,VE2201,Yaracuy,,,,VE22,Venezuela (República Bolivariana de),,,,VE,2021/02/23,,64.12467442,v01,es,,,,Venezuela (Bolivarian Republic of),Aristides Bastidas,10.255794,-68.86161871,IX,0.0,0,0,0.0
VE220101,San Felipe,Arístides Bastidas,,,,VE220101,Arístides Bastidas,,,,VE2201,Yaracuy,,,,VE22,Venezuela (República Bolivariana de),,,,VE,2021/02/23,,64.12467442,v01,es,,,,Venezuela (Bolivarian Republic of),Aristides Bastidas,10.255794,-68.86161871,X+,0.0,0,0,0.0
VE220401,San Felipe,Cocorote,,,,VE220401,Cocorote,,,,VE2204,Yaracuy,,,,VE22,Venezuela (República Bolivariana de),,,,VE,2021/02/23,,86.88822145,v01,es,,,,Venezuela (Bolivarian Republic of),Cocorote,10.2958905,-68.78378455,I,0.0,0,0,0.0
VE220401,San Felipe,Cocorote,,,,VE220401,Cocorote,,,,VE2204,Yaracuy,,,,VE22,Venezuela (República Bolivariana de),,,,VE,2021/02/23,,86.88822145,v01,es,,,,Venezuela (Bolivarian Republic of),Cocorote,10.2958905,-68.78378455,II-III,0.0,0,0,0.0
VE220401,San Felipe,Cocorote,,,,VE220401,Cocorote,,,,VE2204,Yaracuy,,,,VE22,Venezuela (República Bolivariana de),,,,VE,2021/02/23,,86.88822145,v01,es,,,,Venezuela (Bolivarian Republic of),Cocorote,10.2958905,-68.78378455,IV,0.0,0,0,0.0
VE220401,San Felipe,Cocorote,,,,VE220401,Cocorote,,,,VE2204,Yaracuy,,,,VE22,Venezuela (República Bolivariana de),,,,VE,2021/02/23,,86.88822145,v01,es,,,,Venezuela (Bolivarian Republic of),Cocorote,10.2958905,-68.78378455,V,0.0,0,0,0.0
VE220401,San Felipe,Cocorote,,,,VE220401,Cocorote,,,,VE2204,Yaracuy,,,,VE22,Venezuela (República Bolivariana de),,,,VE,2021/02/23,,86.88822145,v01,es,,,,Venezuela (Bolivarian Republic of),Cocorote,10.2958905,-68.78378455,VI,0.0,0,0,0.0
VE220401,San Felipe,Cocorote,,,,VE220401,Cocorote,,,,VE2204,Yaracuy,,,,VE22,Venezuela (República Bolivariana de),,,,VE,2021/02/23,,86.88822145,v01,es,,,,Venezuela (Bolivarian Republic of),Cocorote,10.2958905,-68.78378455,VII,9.775,11310,7062,25200.0
VE220401,San Felipe,Cocorote,,,,VE220401,Cocorote,,,,VE2204,Yaracuy,,,,VE22,Venezuela (República Bolivariana de),,,,VE,2021/02/23,,86.88822145,v01,es,,,,Venezuela (Bolivarian Republic of),Cocorote,10.2958905,-68.78378455,VIII,0.0,0,0,0.0
VE220401,San Felipe,Cocorote,,,,VE220401,Cocorote,,,,VE2204,Yaracuy,,,,VE22,Venezuela (República Bolivariana de),,,,VE,2021/02/23,,86.88822145,v01,es,,,,Venezuela (Bolivarian Republic of),Cocorote,10.2958905,-68.78378455,IX,0.0,0,0,0.0
VE220401,San Felipe,Cocorote,,,,VE220401,Cocorote,,,,VE2204,Yaracuy,,,,VE22,Venezuela (República Bolivariana de),,,,VE,2021/02/23,,86.88822145,v01,es,,,,Venezuela (Bolivarian Republic of),Cocorote,10.2958905,-68.78378455,X+,0.0,0,0,0.0
VE220501,San Felipe,Independencia,,,,VE220501,Independencia,,,,VE2205,Yaracuy,,,,VE22,Venezuela (República Bolivariana de),,,,VE,2021/02/23,,84.96095605,v01,es,,,,Venezuela (Bolivarian Republic of),Independencia,10.312383,-68.73241902,I,0.0,0,0,0.0
VE220501,San Felipe,Independencia,,,,VE220501,Independencia,,,,VE2205,Yaracuy,,,,VE22,Venezuela (República Bolivariana de),,,,VE,2021/02/23,,84.96095605,v01,es,,,,Venezuela (Bolivarian Republic of),Independencia,10.312383,-68.73241902,II-III,0.0,0,0,0.0
VE220501,San Felipe,Independencia,,,,VE220501,Independencia,,,,VE2205,Yaracuy,,,,VE22,Venezuela (República Bolivariana de),,,,VE,2021/02/23,,84.96095605,v01,es,,,,Venezuela (Bolivarian Republic of),Independencia,10.312383,-68.73241902,IV,0.0,0,0,0.0
VE220501,San Felipe,Independencia,,,,VE220501,Independencia,,,,VE2205,Yaracuy,,,,VE22,Venezuela (República Bolivariana de),,,,VE,2021/02/23,,84.96095605,v01,es,,,,Venezuela (Bolivarian Republic of),Independencia,10.312383,-68.73241902,V,0.0,0,0,0.0
VE220501,San Felipe,Independencia,,,,VE220501,Independencia,,,,VE2205,Yaracuy,,,,VE22,Venezuela (República Bolivariana de),,,,VE,2021/02/23,,84.96095605,v01,es,,,,Venezuela (Bolivarian Republic of),Independencia,10.312383,-68.73241902,VI,0.0,0,0,0.0
VE220501,San Felipe,Independencia,,,,VE220501,Independencia,,,,VE2205,Yaracuy,,,,VE22,Venezuela (República Bolivariana de),,,,VE,2021/02/23,,84.96095605,v01,es,,,,Venezuela (Bolivarian Republic of),Independencia,10.312383,-68.73241902,VII,4.739,6389,4318,16870.0
VE220501,San Felipe,Independencia,,,,VE220501,Independencia,,,,VE2205,Yaracuy,,,,VE22,Venezuela (República Bolivariana de),,,,VE,2021/02/23,,84.96095605,v01,es,,,,Venezuela (Bolivarian Republic of),Independencia,10.312383,-68.73241902,VIII,13.246,13897,8069,37950.0
VE220501,San Felipe,Independencia,,,,VE220501,Independencia,,,,VE2205,Yaracuy,,,,VE22,Venezuela (República Bolivariana de),,,,VE,2021/02/23,,84.96095605,v01,es,,,,Venezuela (Bolivarian Republic of),Independencia,10.312383,-68.73241902,IX,0.0,0,0,0.0
VE220501,San Felipe,Independencia,,,,VE220501,Independencia,,,,VE2205,Yaracuy,,,,VE22,Venezuela (República Bolivariana de),,,,VE,2021/02/23,,84.96095605,v01,es,,,,Venezuela (Bolivarian Republic of),Independencia,10.312383,-68.73241902,X+,0.0,0,0,0.0
VE220701,San Felipe,La Trinidad,,,,VE220701,La Trinidad,,,,VE2207,Yaracuy,,,,VE22,Venezuela (República Bolivariana de),,,,VE,2021/02/23,,44.60525998,v01,es,,,,Venezuela (Bolivarian Republic of),La Trinidad,10.2347455,-68.74555551,I,0.0,0,0,0.0
VE220701,San Felipe,La Trinidad,,,,VE220701,La Trinidad,,,,VE2207,Yaracuy,,,,VE22,Venezuela (República Bolivariana de),,,,VE,2021/02/23,,44.60525998,v01,es,,,,Venezuela (Bolivarian Republic of),La Trinidad,10.2347455,-68.74555551,II-III,0.0,0,0,0.0
VE220701,San Felipe,La Trinidad,,,,VE220701,La Trinidad,,,,VE2207,Yaracuy,,,,VE22,Venezuela (República Bolivariana de),,,,VE,2021/02/23,,44.60525998,v01,es,,,,Venezuela (Bolivarian Republic of),La Trinidad,10.2347455,-68.74555551,IV,0.0,0,0,0.0
VE220701,San Felipe,La Trinidad,,,,VE220701,La Trinidad,,,,VE2207,Yaracuy,,,,VE22,Venezuela (República Bolivariana de),,,,VE,2021/02/23,,44.60525998,v01,es,,,,Venezuela (Bolivarian Republic of),La Trinidad,10.2347455,-68.74555551,V,0.0,0,0,0.0
VE220701,San Felipe,La Trinidad,,,,VE220701,La Trinidad,,,,VE2207,Yaracuy,,,,VE22,Venezuela (República Bolivariana de),,,,VE,2021/02/23,,44.60525998,v01,es,,,,Venezuela (Bolivarian Republic of),La Trinidad,10.2347455,-68.74555551,VI,0.0,0,0,0.0
VE220701,San Felipe,La Trinidad,,,,VE220701,La Trinidad,,,,VE2207,Yaracuy,,,,VE22,Venezuela (República Bolivariana de),,,,VE,2021/02/23,,44.60525998,v01,es,,,,Venezuela (Bolivarian Republic of),La Trinidad,10.2347455,-68.74555551,VII,6.443,6859,5,11139.0
VE220701,San Felipe,La Trinidad,,,,VE220701,La Trinidad,,,,VE2207,Yaracuy,,,,VE22,Venezuela (República Bolivariana de),,,,VE,2021/02/23,,44.60525998,v01,es,,,,Venezuela (Bolivarian Republic of),La Trinidad,10.2347455,-68.74555551,VIII,0.0,0,0,0.0
VE220701,San Felipe,La Trinidad,,,,VE220701,La Trinidad,,,,VE2207,Yaracuy,,,,VE22,Venezuela (República Bolivariana de),,,,VE,2021/02/23,,44.60525998,v01,es,,,,Venezuela (Bolivarian Republic of),La Trinidad,10.2347455,-68.74555551,IX,0.0,0,0,0.0
VE220701,San Felipe,La Trinidad,,,,VE220701,La Trinidad,,,,VE2207,Yaracuy,,,,VE22,Venezuela (República Bolivariana de),,,,VE,2021/02/23,,44.60525998,v01,es,,,,Venezuela (Bolivarian Republic of),La Trinidad,10.2347455,-68.74555551,X+,0.0,0,0,0.0
VE220801,San Felipe,Manuel Monge,,,,VE220801,Manuel Monge,,,,VE2208,Yaracuy,,,,VE22,Venezuela (República Bolivariana de),,,,VE,2021/02/23,,411.14101812,v01,es,,,,Venezuela (Bolivarian Republic of),Manuel Monge,10.61329365,-68.74726916,I,0.0,0,0,0.0
VE220801,San Felipe,Manuel Monge,,,,VE220801,Manuel Monge,,,,VE2208,Yaracuy,,,,VE22,Venezuela (República Bolivariana de),,,,VE,2021/02/23,,411.14101812,v01,es,,,,Venezuela (Bolivarian Republic of),Manuel Monge,10.61329365,-68.74726916,II-III,0.0,0,0,0.0
VE220801,San Felipe,Manuel Monge,,,,VE220801,Manuel Monge,,,,VE2208,Yaracuy,,,,VE22,Venezuela (República Bolivariana de),,,,VE,2021/02/23,,411.14101812,v01,es,,,,Venezuela (Bolivarian Republic of),Manuel Monge,10.61329365,-68.74726916,IV,0.0,0,0,0.0
VE220801,San Felipe,Manuel Monge,,,,VE220801,Manuel Monge,,,,VE2208,Yaracuy,,,,VE22,Venezuela (República Bolivariana de),,,,VE,2021/02/23,,411.14101812,v01,es,,,,Venezuela (Bolivarian Republic of),Manuel Monge,10.61329365,-68.74726916,V,0.0,0,0,0.0
VE220801,San Felipe,Manuel Monge,,,,VE220801,Manuel Monge,,,,VE2208,Yaracuy,,,,VE22,Venezuela (República Bolivariana de),,,,VE,2021/02/23,,411.14101812,v01,es,,,,Venezuela (Bolivarian Republic of),Manuel Monge,10.61329365,-68.74726916,VI,0.0,0,0,0.0
VE220801,San Felipe,Manuel Monge,,,,VE220801,Manuel Monge,,,,VE2208,Yaracuy,,,,VE22,Venezuela (República Bolivariana de),,,,VE,2021/02/23,,411.14101812,v01,es,,,,Venezuela (Bolivarian Republic of),Manuel Monge,10.61329365,-68.74726916,VII,0.0,0,0,0.0
VE220801,San Felipe,Manuel Monge,,,,VE220801,Manuel Monge,,,,VE2208,Yaracuy,,,,VE22,Venezuela (República Bolivariana de),,,,VE,2021/02/23,,411.14101812,v01,es,,,,Venezuela (Bolivarian Republic of),Manuel Monge,10.61329365,-68.74726916,VIII,7.766,1653,2,2725.0
VE220801,San Felipe,Manuel Monge,,,,VE220801,Manuel Monge,,,,VE2208,Yaracuy,,,,VE22,Venezuela (República Bolivariana de),,,,VE,2021/02/23,,411.14101812,v01,es,,,,Venezuela (Bolivarian Republic of),Manuel Monge,10.61329365,-68.74726916,IX,0.0,0,0,0.0
VE220801,San Felipe,Manuel Monge,,,,VE220801,Manuel Monge,,,,VE2208,Yaracuy,,,,VE22,Venezuela (República Bolivariana de),,,,VE,2021/02/23,,411.14101812,v01,es,,,,Venezuela (Bolivarian Republic of),Manuel Monge,10.61329365,-68.74726916,X+,0.0,0,0,0.0
VE221101,San Felipe,Capital San Felipe,,,,VE221101,San Felipe,,,,VE2211,Yaracuy,,,,VE22,Venezuela (República Bolivariana de),,,,VE,2021/02/23,,57.56651425,v01,es,,,,Venezuela (Bolivarian Republic of),Capital San Felipe,10.3560095,-68.73172943,I,0.0,0,0,0.0
VE221101,San Felipe,Capital San Felipe,,,,VE221101,San Felipe,,,,VE2211,Yaracuy,,,,VE22,Venezuela (República Bolivariana de),,,,VE,2021/02/23,,57.56651425,v01,es,,,,Venezuela (Bolivarian Republic of),Capital San Felipe,10.3560095,-68.73172943,II-III,0.0,0,0,0.0
VE221101,San Felipe,Capital San Felipe,,,,VE221101,San Felipe,,,,VE2211,Yaracuy,,,,VE22,Venezuela (República Bolivariana de),,,,VE,2021/02/23,,57.56651425,v01,es,,,,Venezuela (Bolivarian Republic of),Capital San Felipe,10.3560095,-68.73172943,IV,0.0,0,0,0.0
VE221101,San Felipe,Capital San Felipe,,,,VE221101,San Felipe,,,,VE2211,Yaracuy,,,,VE22,Venezuela (República Bolivariana de),,,,VE,2021/02/23,,57.56651425,v01,es,,,,Venezuela (Bolivarian Republic of),Capital San Felipe,10.3560095,-68.73172943,V,0.0,0,0,0.0
VE221101,San Felipe,Capital San Felipe,,,,VE221101,San Felipe,,,,VE2211,Yaracuy,,,,VE22,Venezuela (República Bolivariana de),,,,VE,2021/02/23,,57.56651425,v01,es,,,,Venezuela (Bolivarian Republic of),Capital San Felipe,10.3560095,-68.73172943,VI,0.0,0,0,0.0
VE221101,San Felipe,Capital San Felipe,,,,VE221101,San Felipe,,,,VE2211,Yaracuy,,,,VE22,Venezuela (República Bolivariana de),,,,VE,2021/02/23,,57.56651425,v01,es,,,,Venezuela (Bolivarian Republic of),Capital San Felipe,10.3560095,-68.73172943,VII,0.821,572,502,1530.0
VE221101,San Felipe,Capital San Felipe,,,,VE221101,San Felipe,,,,VE2211,Yaracuy,,,,VE22,Venezuela (República Bolivariana de),,,,VE,2021/02/23,,57.56651425,v01,es,,,,Venezuela (Bolivarian Republic of),Capital San Felipe,10.3560095,-68.73172943,VIII,14.116,18277,16950,47974.0
VE221101,San Felipe,Capital San Felipe,,,,VE221101,San Felipe,,,,VE2211,Yaracuy,,,,VE22,Venezuela (República Bolivariana de),,,,VE,2021/02/23,,57.56651425,v01,es,,,,Venezuela (Bolivarian Republic of),Capital San Felipe,10.3560095,-68.73172943,IX,0.0,0,0,0.0
VE221101,San Felipe,Capital San Felipe,,,,VE221101,San Felipe,,,,VE2211,Yaracuy,,,,VE22,Venezuela (República Bolivariana de),,,,VE,2021/02/23,,57.56651425,v01,es,,,,Venezuela (Bolivarian Republic of),Capital San Felipe,10.3560095,-68.73172943,X+,0.0,0,0,0.0
VE221102,San Felipe,Albarico,,,,VE221102,San Felipe,,,,VE2211,Yaracuy,,,,VE22,Venezuela (República Bolivariana de),,,,VE,2021/02/23,,224.98423964,v01,es,,,,Venezuela (Bolivarian Republic of),Albarico,10.487514,-68.65936521,I,0.0,0,0,0.0
VE221102,San Felipe,Albarico,,,,VE221102,San Felipe,,,,VE2211,Yaracuy,,,,VE22,Venezuela (República Bolivariana de),,,,VE,2021/02/23,,224.98423964,v01,es,,,,Venezuela (Bolivarian Republic of),Albarico,10.487514,-68.65936521,II-III,0.0,0,0,0.0
VE221102,San Felipe,Albarico,,,,VE221102,San Felipe,,,,VE2211,Yaracuy,,,,VE22,Venezuela (República Bolivariana de),,,,VE,2021/02/23,,224.98423964,v01,es,,,,Venezuela (Bolivarian Republic of),Albarico,10.487514,-68.65936521,IV,0.0,0,0,0.0
VE221102,San Felipe,Albarico,,,,VE221102,San Felipe,,,,VE2211,Yaracuy,,,,VE22,Venezuela (República Bolivariana de),,,,VE,2021/02/23,,224.98423964,v01,es,,,,Venezuela (Bolivarian Republic of),Albarico,10.487514,-68.65936521,V,0.0,0,0,0.0
VE221102,San Felipe,Albarico,,,,VE221102,San Felipe,,,,VE2211,Yaracuy,,,,VE22,Venezuela (República Bolivariana de),,,,VE,2021/02/23,,224.98423964,v01,es,,,,Venezuela (Bolivarian Republic of),Albarico,10.487514,-68.65936521,VI,0.0,0,0,0.0
VE221102,San Felipe,Albarico,,,,VE221102,San Felipe,,,,VE2211,Yaracuy,,,,VE22,Venezuela (República Bolivariana de),,,,VE,2021/02/23,,224.98423964,v01,es,,,,Venezuela (Bolivarian Republic of),Albarico,10.487514,-68.65936521,VII,0.0,0,0,0.0
VE221102,San Felipe,Albarico,,,,VE221102,San Felipe,,,,VE2211,Yaracuy,,,,VE22,Venezuela (República Bolivariana de),,,,VE,2021/02/23,,224.98423964,v01,es,,,,Venezuela (Bolivarian Republic of),Albarico,10.487514,-68.65936521,VIII,21.026,9904,8652,19722.0
VE221102,San Felipe,Albarico,,,,VE221102,San Felipe,,,,VE2211,Yaracuy,,,,VE22,Venezuela (República Bolivariana de),,,,VE,2021/02/23,,224.98423964,v01,es,,,,Venezuela (Bolivarian Republic of),Albarico,10.487514,-68.65936521,IX,2.431,36,10,85.0
VE221102,San Felipe,Albarico,,,,VE221102,San Felipe,,,,VE2211,Yaracuy,,,,VE22,Venezuela (República Bolivariana de),,,,VE,2021/02/23,,224.98423964,v01,es,,,,Venezuela (Bolivarian Republic of),Albarico,10.487514,-68.65936521,X+,0.0,0,0,0.0
VE221103,San Felipe,San Javier,,,,VE221103,San Felipe,,,,VE2211,Yaracuy,,,,VE22,Venezuela (República Bolivariana de),,,,VE,2021/02/23,,115.62041045,v01,es,,,,Venezuela (Bolivarian Republic of),San Javier,10.3022055,-68.65268789,I,0.0,0,0,0.0
VE221103,San Felipe,San Javier,,,,VE221103,San Felipe,,,,VE2211,Yaracuy,,,,VE22,Venezuela (República Bolivariana de),,,,VE,2021/02/23,,115.62041045,v01,es,,,,Venezuela (Bolivarian Republic of),San Javier,10.3022055,-68.65268789,II-III,0.0,0,0,0.0
VE221103,San Felipe,San Javier,,,,VE221103,San Felipe,,,,VE2211,Yaracuy,,,,VE22,Venezuela (República Bolivariana de),,,,VE,2021/02/23,,115.62041045,v01,es,,,,Venezuela (Bolivarian Republic of),San Javier,10.3022055,-68.65268789,IV,0.0,0,0,0.0
VE221103,San Felipe,San Javier,,,,VE221103,San Felipe,,,,VE2211,Yaracuy,,,,VE22,Venezuela (República Bolivariana de),,,,VE,2021/02/23,,115.62041045,v01,es,,,,Venezuela (Bolivarian Republic of),San Javier,10.3022055,-68.65268789,V,0.0,0,0,0.0
VE221103,San Felipe,San Javier,,,,VE221103,San Felipe,,,,VE2211,Yaracuy,,,,VE22,Venezuela (República Bolivariana de),,,,VE,2021/02/23,,115.62041045,v01,es,,,,Venezuela (Bolivarian Republic of),San Javier,10.3022055,-68.65268789,VI,0.0,0,0,0.0
VE221103,San Felipe,San Javier,,,,VE221103,San Felipe,,,,VE2211,Yaracuy,,,,VE22,Venezuela (República Bolivariana de),,,,VE,2021/02/23,,115.62041045,v01,es,,,,Venezuela (Bolivarian Republic of),San Javier,10.3022055,-68.65268789,VII,0.0,0,0,0.0
VE221103,San Felipe,San Javier,,,,VE221103,San Felipe,,,,VE2211,Yaracuy,,,,VE22,Venezuela (República Bolivariana de),,,,VE,2021/02/23,,115.62041045,v01,es,,,,Venezuela (Bolivarian Republic of),San Javier,10.3022055,-68.65268789,VIII,3.092,2976,3070,7609.0
VE221103,San Felipe,San Javier,,,,VE221103,San Felipe,,,,VE2211,Yaracuy,,,,VE22,Venezuela (República Bolivariana de),,,,VE,2021/02/23,,115.62041045,v01,es,,,,Venezuela (Bolivarian Republic of),San Javier,10.3022055,-68.65268789,IX,0.0,0,0,0.0
VE221103,San Felipe,San Javier,,,,VE221103,San Felipe,,,,VE2211,Yaracuy,,,,VE22,Venezuela (República Bolivariana de),,,,VE,2021/02/23,,115.62041045,v01,es,,,,Venezuela (Bolivarian Republic of),San Javier,10.3022055,-68.65268789,X+,0.0,0,0,0.0
VE221201,San Felipe,Sucre,,,,VE221201,Sucre,,,,VE2212,Yaracuy,,,,VE22,Venezuela (República Bolivariana de),,,,VE,2021/02/23,,142.49510054,v01,es,,,,Venezuela (Bolivarian Republic of),Sucre,10.254912,-68.81862092,I,0.0,0,0,0.0
VE221201,San Felipe,Sucre,,,,VE221201,Sucre,,,,VE2212,Yaracuy,,,,VE22,Venezuela (República Bolivariana de),,,,VE,2021/02/23,,142.49510054,v01,es,,,,Venezuela (Bolivarian Republic of),Sucre,10.254912,-68.81862092,II-III,0.0,0,0,0.0
VE221201,San Felipe,Sucre,,,,VE221201,Sucre,,,,VE2212,Yaracuy,,,,VE22,Venezuela (República Bolivariana de),,,,VE,2021/02/23,,142.49510054,v01,es,,,,Venezuela (Bolivarian Republic of),Sucre,10.254912,-68.81862092,IV,0.0,0,0,0.0
VE221201,San Felipe,Sucre,,,,VE221201,Sucre,,,,VE2212,Yaracuy,,,,VE22,Venezuela (República Bolivariana de),,,,VE,2021/02/23,,142.49510054,v01,es,,,,Venezuela (Bolivarian Republic of),Sucre,10.254912,-68.81862092,V,0.0,0,0,0.0
VE221201,San Felipe,Sucre,,,,VE221201,Sucre,,,,VE2212,Yaracuy,,,,VE22,Venezuela (República Bolivariana de),,,,VE,2021/02/23,,142.49510054,v01,es,,,,Venezuela (Bolivarian Republic of),Sucre,10.254912,-68.81862092,VI,0.0,0,0,0.0
VE221201,San Felipe,Sucre,,,,VE221201,Sucre,,,,VE2212,Yaracuy,,,,VE22,Venezuela (República Bolivariana de),,,,VE,2021/02/23,,142.49510054,v01,es,,,,Venezuela (Bolivarian Republic of),Sucre,10.254912,-68.81862092,VII,7.521,5179,0,9337.0
VE221201,San Felipe,Sucre,,,,VE221201,Sucre,,,,VE2212,Yaracuy,,,,VE22,Venezuela (República Bolivariana de),,,,VE,2021/02/23,,142.49510054,v01,es,,,,Venezuela (Bolivarian Republic of),Sucre,10.254912,-68.81862092,VIII,0.0,0,0,0.0
VE221201,San Felipe,Sucre,,,,VE221201,Sucre,,,,VE2212,Yaracuy,,,,VE22,Venezuela (República Bolivariana de),,,,VE,2021/02/23,,142.49510054,v01,es,,,,Venezuela (Bolivarian Republic of),Sucre,10.254912,-68.81862092,IX,0.0,0,0,0.0
VE221201,San Felipe,Sucre,,,,VE221201,Sucre,,,,VE2212,Yaracuy,,,,VE22,Venezuela (República Bolivariana de),,,,VE,2021/02/23,,142.49510054,v01,es,,,,Venezuela (Bolivarian Republic of),Sucre,10.254912,-68.81862092,X+,0.0,0,0,0.0
VE221401,San Felipe,Capital Veroes,,,,VE221401,Veroes,,,,VE2214,Yaracuy,,,,VE22,Venezuela (República Bolivariana de),,,,VE,2021/02/23,,394.95610298,v01,es,,,,Venezuela (Bolivarian Republic of),Capital Veroes,10.500152,-68.54916419,I,0.0,0,0,0.0
VE221401,San Felipe,Capital Veroes,,,,VE221401,Veroes,,,,VE2214,Yaracuy,,,,VE22,Venezuela (República Bolivariana de),,,,VE,2021/02/23,,394.95610298,v01,es,,,,Venezuela (Bolivarian Republic of),Capital Veroes,10.500152,-68.54916419,II-III,0.0,0,0,0.0
VE221401,San Felipe,Capital Veroes,,,,VE221401,Veroes,,,,VE2214,Yaracuy,,,,VE22,Venezuela (República Bolivariana de),,,,VE,2021/02/23,,394.95610298,v01,es,,,,Venezuela (Bolivarian Republic of),Capital Veroes,10.500152,-68.54916419,IV,0.0,0,0,0.0
VE221401,San Felipe,Capital Veroes,,,,VE221401,Veroes,,,,VE2214,Yaracuy,,,,VE22,Venezuela (República Bolivariana de),,,,VE,2021/02/23,,394.95610298,v01,es,,,,Venezuela (Bolivarian Republic of),Capital Veroes,10.500152,-68.54916419,V,0.0,0,0,0.0
VE221401,San Felipe,Capital Veroes,,,,VE221401,Veroes,,,,VE2214,Yaracuy,,,,VE22,Venezuela (República Bolivariana de),,,,VE,2021/02/23,,394.95610298,v01,es,,,,Venezuela (Bolivarian Republic of),Capital Veroes,10.500152,-68.54916419,VI,0.0,0,0,0.0
VE221401,San Felipe,Capital Veroes,,,,VE221401,Veroes,,,,VE2214,Yaracuy,,,,VE22,Venezuela (República Bolivariana de),,,,VE,2021/02/23,,394.95610298,v01,es,,,,Venezuela (Bolivarian Republic of),Capital Veroes,10.500152,-68.54916419,VII,1.696,0,0,0.0
VE221401,San Felipe,Capital Veroes,,,,VE221401,Veroes,,,,VE2214,Yaracuy,,,,VE22,Venezuela (República Bolivariana de),,,,VE,2021/02/23,,394.95610298,v01,es,,,,Venezuela (Bolivarian Republic of),Capital Veroes,10.500152,-68.54916419,VIII,12.501,240,0,406.0
VE221401,San Felipe,Capital Veroes,,,,VE221401,Veroes,,,,VE2214,Yaracuy,,,,VE22,Venezuela (República Bolivariana de),,,,VE,2021/02/23,,394.95610298,v01,es,,,,Venezuela (Bolivarian Republic of),Capital Veroes,10.500152,-68.54916419,IX,27.067,3347,441,6017.0
VE221401,San Felipe,Capital Veroes,,,,VE221401,Veroes,,,,VE2214,Yaracuy,,,,VE22,Venezuela (República Bolivariana de),,,,VE,2021/02/23,,394.95610298,v01,es,,,,Venezuela (Bolivarian Republic of),Capital Veroes,10.500152,-68.54916419,X+,0.0,0,0,0.0
VE221402,San Felipe,El Guayabo,,,,VE221402,Veroes,,,,VE2214,Yaracuy,,,,VE22,Venezuela (República Bolivariana de),,,,VE,2021/02/23,,573.36032415,v01,es,,,,Venezuela (Bolivarian Republic of),El Guayabo,10.37065888,-68.5143455,I,0.0,0,0,0.0
VE221402,San Felipe,El Guayabo,,,,VE221402,Veroes,,,,VE2214,Yaracuy,,,,VE22,Venezuela (República Bolivariana de),,,,VE,2021/02/23,,573.36032415,v01,es,,,,Venezuela (Bolivarian Republic of),El Guayabo,10.37065888,-68.5143455,II-III,0.0,0,0,0.0
VE221402,San Felipe,El Guayabo,,,,VE221402,Veroes,,,,VE2214,Yaracuy,,,,VE22,Venezuela (República Bolivariana de),,,,VE,2021/02/23,,573.36032415,v01,es,,,,Venezuela (Bolivarian Republic of),El Guayabo,10.37065888,-68.5143455,IV,0.0,0,0,0.0
VE221402,San Felipe,El Guayabo,,,,VE221402,Veroes,,,,VE2214,Yaracuy,,,,VE22,Venezuela (República Bolivariana de),,,,VE,2021/02/23,,573.36032415,v01,es,,,,Venezuela (Bolivarian Republic of),El Guayabo,10.37065888,-68.5143455,V,0.0,0,0,0.0
VE221402,San Felipe,El Guayabo,,,,VE221402,Veroes,,,,VE2214,Yaracuy,,,,VE22,Venezuela (República Bolivariana de),,,,VE,2021/02/23,,573.36032415,v01,es,,,,Venezuela (Bolivarian Republic of),El Guayabo,10.37065888,-68.5143455,VI,0.0,0,0,0.0
VE221402,San Felipe,El Guayabo,,,,VE221402,Veroes,,,,VE2214,Yaracuy,,,,VE22,Venezuela (República Bolivariana de),,,,VE,2021/02/23,,573.36032415,v01,es,,,,Venezuela (Bolivarian Republic of),El Guayabo,10.37065888,-68.5143455,VII,0.0,0,0,0.0
VE221402,San Felipe,El Guayabo,,,,VE221402,Veroes,,,,VE2214,Yaracuy,,,,VE22,Venezuela (República Bolivariana de),,,,VE,2021/02/23,,573.36032415,v01,es,,,,Venezuela (Bolivarian Republic of),El Guayabo,10.37065888,-68.5143455,VIII,5.441,650,1,725.0
VE221402,San Felipe,El Guayabo,,,,VE221402,Veroes,,,,VE2214,Yaracuy,,,,VE22,Venezuela (República Bolivariana de),,,,VE,2021/02/23,,573.36032415,v01,es,,,,Venezuela (Bolivarian Republic of),El Guayabo,10.37065888,-68.5143455,IX,20.995,3807,12,3663.0
VE221402,San Felipe,El Guayabo,,,,VE221402,Veroes,,,,VE2214,Yaracuy,,,,VE22,Venezuela (República Bolivariana de),,,,VE,2021/02/23,,573.36032415,v01,es,,,,Venezuela (Bolivarian Republic of),El Guayabo,10.37065888,-68.5143455,X+,0.0,0,0,0.0
VE240101,caraballeda,Caraballeda,,,,VE240101,Vargas,,,,VE2401,La Guaira,,,,VE24,Venezuela (República Bolivariana de),,,,VE,2021/02/23,,66.23536386,v01,es,,,,Venezuela (Bolivarian Republic of),Caraballeda,10.5799045,-66.82506624,I,0.0,0,0,0.0
VE240101,caraballeda,Caraballeda,,,,VE240101,Vargas,,,,VE2401,La Guaira,,,,VE24,Venezuela (República Bolivariana de),,,,VE,2021/02/23,,66.23536386,v01,es,,,,Venezuela (Bolivarian Republic of),Caraballeda,10.5799045,-66.82506624,II-III,0.0,0,0,0.0
VE240101,caraballeda,Caraballeda,,,,VE240101,Vargas,,,,VE2401,La Guaira,,,,VE24,Venezuela (República Bolivariana de),,,,VE,2021/02/23,,66.23536386,v01,es,,,,Venezuela (Bolivarian Republic of),Caraballeda,10.5799045,-66.82506624,IV,0.0,0,0,0.0
VE240101,caraballeda,Caraballeda,,,,VE240101,Vargas,,,,VE2401,La Guaira,,,,VE24,Venezuela (República Bolivariana de),,,,VE,2021/02/23,,66.23536386,v01,es,,,,Venezuela (Bolivarian Republic of),Caraballeda,10.5799045,-66.82506624,V,0.0,0,0,0.0
VE240101,caraballeda,Caraballeda,,,,VE240101,Vargas,,,,VE2401,La Guaira,,,,VE24,Venezuela (República Bolivariana de),,,,VE,2021/02/23,,66.23536386,v01,es,,,,Venezuela (Bolivarian Republic of),Caraballeda,10.5799045,-66.82506624,VI,0.0,0,0,0.0
VE240101,caraballeda,Caraballeda,,,,VE240101,Vargas,,,,VE2401,La Guaira,,,,VE24,Venezuela (República Bolivariana de),,,,VE,2021/02/23,,66.23536386,v01,es,,,,Venezuela (Bolivarian Republic of),Caraballeda,10.5799045,-66.82506624,VII,0.0,0,0,0.0
VE240101,caraballeda,Caraballeda,,,,VE240101,Vargas,,,,VE2401,La Guaira,,,,VE24,Venezuela (República Bolivariana de),,,,VE,2021/02/23,,66.23536386,v01,es,,,,Venezuela (Bolivarian Republic of),Caraballeda,10.5799045,-66.82506624,VIII,4.477,620,621,1975.0
VE240101,caraballeda,Caraballeda,,,,VE240101,Vargas,,,,VE2401,La Guaira,,,,VE24,Venezuela (República Bolivariana de),,,,VE,2021/02/23,,66.23536386,v01,es,,,,Venezuela (Bolivarian Republic of),Caraballeda,10.5799045,-66.82506624,IX,7.483,10455,7618,40022.0
VE240101,caraballeda,Caraballeda,,,,VE240101,Vargas,,,,VE2401,La Guaira,,,,VE24,Venezuela (República Bolivariana de),,,,VE,2021/02/23,,66.23536386,v01,es,,,,Venezuela (Bolivarian Republic of),Caraballeda,10.5799045,-66.82506624,X+,0.0,0,0,0.0
VE240104,catia_la_mar,Catia la Mar,,,,VE240104,Vargas,,,,VE2401,La Guaira,,,,VE24,Venezuela (República Bolivariana de),,,,VE,2021/02/23,,40.74114323,v01,es,,,,Venezuela (Bolivarian Republic of),Catia la Mar,10.578645,-67.05331721,I,0.0,0,0,0.0
VE240104,catia_la_mar,Catia la Mar,,,,VE240104,Vargas,,,,VE2401,La Guaira,,,,VE24,Venezuela (República Bolivariana de),,,,VE,2021/02/23,,40.74114323,v01,es,,,,Venezuela (Bolivarian Republic of),Catia la Mar,10.578645,-67.05331721,II-III,0.0,0,0,0.0
VE240104,catia_la_mar,Catia la Mar,,,,VE240104,Vargas,,,,VE2401,La Guaira,,,,VE24,Venezuela (República Bolivariana de),,,,VE,2021/02/23,,40.74114323,v01,es,,,,Venezuela (Bolivarian Republic of),Catia la Mar,10.578645,-67.05331721,IV,0.0,0,0,0.0
VE240104,catia_la_mar,Catia la Mar,,,,VE240104,Vargas,,,,VE2401,La Guaira,,,,VE24,Venezuela (República Bolivariana de),,,,VE,2021/02/23,,40.74114323,v01,es,,,,Venezuela (Bolivarian Republic of),Catia la Mar,10.578645,-67.05331721,V,0.0,0,0,0.0
VE240104,catia_la_mar,Catia la Mar,,,,VE240104,Vargas,,,,VE2401,La Guaira,,,,VE24,Venezuela (República Bolivariana de),,,,VE,2021/02/23,,40.74114323,v01,es,,,,Venezuela (Bolivarian Republic of),Catia la Mar,10.578645,-67.05331721,VI,0.0,0,0,0.0
VE240104,catia_la_mar,Catia la Mar,,,,VE240104,Vargas,,,,VE2401,La Guaira,,,,VE24,Venezuela (República Bolivariana de),,,,VE,2021/02/23,,40.74114323,v01,es,,,,Venezuela (Bolivarian Republic of),Catia la Mar,10.578645,-67.05331721,VII,0.0,0,0,0.0
VE240104,catia_la_mar,Catia la Mar,,,,VE240104,Vargas,,,,VE2401,La Guaira,,,,VE24,Venezuela (República Bolivariana de),,,,VE,2021/02/23,,40.74114323,v01,es,,,,Venezuela (Bolivarian Republic of),Catia la Mar,10.578645,-67.05331721,VIII,10.245,11476,10905,50062.0
VE240104,catia_la_mar,Catia la Mar,,,,VE240104,Vargas,,,,VE2401,La Guaira,,,,VE24,Venezuela (República Bolivariana de),,,,VE,2021/02/23,,40.74114323,v01,es,,,,Venezuela (Bolivarian Republic of),Catia la Mar,10.578645,-67.05331721,IX,4.825,8093,6915,45900.0
VE240104,catia_la_mar,Catia la Mar,,,,VE240104,Vargas,,,,VE2401,La Guaira,,,,VE24,Venezuela (República Bolivariana de),,,,VE,2021/02/23,,40.74114323,v01,es,,,,Venezuela (Bolivarian Republic of),Catia la Mar,10.578645,-67.05331721,X+,0.0,0,0,0.0
VE240106,la_guaira,La Guaira,,,,VE240106,Vargas,,,,VE2401,La Guaira,,,,VE24,Venezuela (República Bolivariana de),,,,VE,2021/02/23,,11.58897699,v01,es,,,,Venezuela (Bolivarian Republic of),La Guaira,10.5842865,-66.92512897,I,0.0,0,0,0.0
VE240106,la_guaira,La Guaira,,,,VE240106,Vargas,,,,VE2401,La Guaira,,,,VE24,Venezuela (República Bolivariana de),,,,VE,2021/02/23,,11.58897699,v01,es,,,,Venezuela (Bolivarian Republic of),La Guaira,10.5842865,-66.92512897,II-III,0.0,0,0,0.0
VE240106,la_guaira,La Guaira,,,,VE240106,Vargas,,,,VE2401,La Guaira,,,,VE24,Venezuela (República Bolivariana de),,,,VE,2021/02/23,,11.58897699,v01,es,,,,Venezuela (Bolivarian Republic of),La Guaira,10.5842865,-66.92512897,IV,0.0,0,0,0.0
VE240106,la_guaira,La Guaira,,,,VE240106,Vargas,,,,VE2401,La Guaira,,,,VE24,Venezuela (República Bolivariana de),,,,VE,2021/02/23,,11.58897699,v01,es,,,,Venezuela (Bolivarian Republic of),La Guaira,10.5842865,-66.92512897,V,0.0,0,0,0.0
VE240106,la_guaira,La Guaira,,,,VE240106,Vargas,,,,VE2401,La Guaira,,,,VE24,Venezuela (República Bolivariana de),,,,VE,2021/02/23,,11.58897699,v01,es,,,,Venezuela (Bolivarian Republic of),La Guaira,10.5842865,-66.92512897,VI,0.0,0,0,0.0
VE240106,la_guaira,La Guaira,,,,VE240106,Vargas,,,,VE2401,La Guaira,,,,VE24,Venezuela (República Bolivariana de),,,,VE,2021/02/23,,11.58897699,v01,es,,,,Venezuela (Bolivarian Republic of),La Guaira,10.5842865,-66.92512897,VII,0.0,0,0,0.0
VE240106,la_guaira,La Guaira,,,,VE240106,Vargas,,,,VE2401,La Guaira,,,,VE24,Venezuela (República Bolivariana de),,,,VE,2021/02/23,,11.58897699,v01,es,,,,Venezuela (Bolivarian Republic of),La Guaira,10.5842865,-66.92512897,VIII,1.93,593,469,2754.0
VE240106,la_guaira,La Guaira,,,,VE240106,Vargas,,,,VE2401,La Guaira,,,,VE24,Venezuela (República Bolivariana de),,,,VE,2021/02/23,,11.58897699,v01,es,,,,Venezuela (Bolivarian Republic of),La Guaira,10.5842865,-66.92512897,IX,2.129,4124,5055,20638.0
VE240106,la_guaira,La Guaira,,,,VE240106,Vargas,,,,VE2401,La Guaira,,,,VE24,Venezuela (República Bolivariana de),,,,VE,2021/02/23,,11.58897699,v01,es,,,,Venezuela (Bolivarian Republic of),La Guaira,10.5842865,-66.92512897,X+,0.0,0,0,0.0
VE240107,caraballeda,Macuto,,,,VE240107,Vargas,,,,VE2401,La Guaira,,,,VE24,Venezuela (República Bolivariana de),,,,VE,2021/02/23,,32.05647248,v01,es,,,,Venezuela (Bolivarian Republic of),Macuto,10.5773205,-66.88930243,I,0.0,0,0,0.0
VE240107,caraballeda,Macuto,,,,VE240107,Vargas,,,,VE2401,La Guaira,,,,VE24,Venezuela (República Bolivariana de),,,,VE,2021/02/23,,32.05647248,v01,es,,,,Venezuela (Bolivarian Republic of),Macuto,10.5773205,-66.88930243,II-III,0.0,0,0,0.0
VE240107,caraballeda,Macuto,,,,VE240107,Vargas,,,,VE2401,La Guaira,,,,VE24,Venezuela (República Bolivariana de),,,,VE,2021/02/23,,32.05647248,v01,es,,,,Venezuela (Bolivarian Republic of),Macuto,10.5773205,-66.88930243,IV,0.0,0,0,0.0
VE240107,caraballeda,Macuto,,,,VE240107,Vargas,,,,VE2401,La Guaira,,,,VE24,Venezuela (República Bolivariana de),,,,VE,2021/02/23,,32.05647248,v01,es,,,,Venezuela (Bolivarian Republic of),Macuto,10.5773205,-66.88930243,V,0.0,0,0,0.0
VE240107,caraballeda,Macuto,,,,VE240107,Vargas,,,,VE2401,La Guaira,,,,VE24,Venezuela (República Bolivariana de),,,,VE,2021/02/23,,32.05647248,v01,es,,,,Venezuela (Bolivarian Republic of),Macuto,10.5773205,-66.88930243,VI,0.0,0,0,0.0
VE240107,caraballeda,Macuto,,,,VE240107,Vargas,,,,VE2401,La Guaira,,,,VE24,Venezuela (República Bolivariana de),,,,VE,2021/02/23,,32.05647248,v01,es,,,,Venezuela (Bolivarian Republic of),Macuto,10.5773205,-66.88930243,VII,0.0,0,0,0.0
VE240107,caraballeda,Macuto,,,,VE240107,Vargas,,,,VE2401,La Guaira,,,,VE24,Venezuela (República Bolivariana de),,,,VE,2021/02/23,,32.05647248,v01,es,,,,Venezuela (Bolivarian Republic of),Macuto,10.5773205,-66.88930243,VIII,2.139,203,178,621.0
VE240107,caraballeda,Macuto,,,,VE240107,Vargas,,,,VE2401,La Guaira,,,,VE24,Venezuela (República Bolivariana de),,,,VE,2021/02/23,,32.05647248,v01,es,,,,Venezuela (Bolivarian Republic of),Macuto,10.5773205,-66.88930243,IX,2.741,2922,2891,14239.0
VE240107,caraballeda,Macuto,,,,VE240107,Vargas,,,,VE2401,La Guaira,,,,VE24,Venezuela (República Bolivariana de),,,,VE,2021/02/23,,32.05647248,v01,es,,,,Venezuela (Bolivarian Republic of),Macuto,10.5773205,-66.88930243,X+,0.0,0,0,0.0
VE240107,la_guaira,Macuto,,,,VE240107,Vargas,,,,VE2401,La Guaira,,,,VE24,Venezuela (República Bolivariana de),,,,VE,2021/02/23,,32.05647248,v01,es,,,,Venezuela (Bolivarian Republic of),Macuto,10.5773205,-66.88930243,I,0.0,0,0,0.0
VE240107,la_guaira,Macuto,,,,VE240107,Vargas,,,,VE2401,La Guaira,,,,VE24,Venezuela (República Bolivariana de),,,,VE,2021/02/23,,32.05647248,v01,es,,,,Venezuela (Bolivarian Republic of),Macuto,10.5773205,-66.88930243,II-III,0.0,0,0,0.0
VE240107,la_guaira,Macuto,,,,VE240107,Vargas,,,,VE2401,La Guaira,,,,VE24,Venezuela (República Bolivariana de),,,,VE,2021/02/23,,32.05647248,v01,es,,,,Venezuela (Bolivarian Republic of),Macuto,10.5773205,-66.88930243,IV,0.0,0,0,0.0
VE240107,la_guaira,Macuto,,,,VE240107,Vargas,,,,VE2401,La Guaira,,,,VE24,Venezuela (República Bolivariana de),,,,VE,2021/02/23,,32.05647248,v01,es,,,,Venezuela (Bolivarian Republic of),Macuto,10.5773205,-66.88930243,V,0.0,0,0,0.0
VE240107,la_guaira,Macuto,,,,VE240107,Vargas,,,,VE2401,La Guaira,,,,VE24,Venezuela (República Bolivariana de),,,,VE,2021/02/23,,32.05647248,v01,es,,,,Venezuela (Bolivarian Republic of),Macuto,10.5773205,-66.88930243,VI,0.0,0,0,0.0
VE240107,la_guaira,Macuto,,,,VE240107,Vargas,,,,VE2401,La Guaira,,,,VE24,Venezuela (República Bolivariana de),,,,VE,2021/02/23,,32.05647248,v01,es,,,,Venezuela (Bolivarian Republic of),Macuto,10.5773205,-66.88930243,VII,0.0,0,0,0.0
VE240107,la_guaira,Macuto,,,,VE240107,Vargas,,,,VE2401,La Guaira,,,,VE24,Venezuela (República Bolivariana de),,,,VE,2021/02/23,,32.05647248,v01,es,,,,Venezuela (Bolivarian Republic of),Macuto,10.5773205,-66.88930243,VIII,2.139,203,178,621.0
VE240107,la_guaira,Macuto,,,,VE240107,Vargas,,,,VE2401,La Guaira,,,,VE24,Venezuela (República Bolivariana de),,,,VE,2021/02/23,,32.05647248,v01,es,,,,Venezuela (Bolivarian Republic of),Macuto,10.5773205,-66.88930243,IX,2.741,2922,2891,14239.0
VE240107,la_guaira,Macuto,,,,VE240107,Vargas,,,,VE2401,La Guaira,,,,VE24,Venezuela (República Bolivariana de),,,,VE,2021/02/23,,32.05647248,v01,es,,,,Venezuela (Bolivarian Republic of),Macuto,10.5773205,-66.88930243,X+,0.0,0,0,0.0
VE240108,la_guaira,Maiquetía,,,,VE240108,Vargas,,,,VE2401,La Guaira,,,,VE24,Venezuela (República Bolivariana de),,,,VE,2021/02/23,,23.35649088,v01,es,,,,Venezuela (Bolivarian Republic of),Maiquetia,10.577393,-66.95035379,I,0.0,0,0,0.0
VE240108,la_guaira,Maiquetía,,,,VE240108,Vargas,,,,VE2401,La Guaira,,,,VE24,Venezuela (República Bolivariana de),,,,VE,2021/02/23,,23.35649088,v01,es,,,,Venezuela (Bolivarian Republic of),Maiquetia,10.577393,-66.95035379,II-III,0.0,0,0,0.0
VE240108,la_guaira,Maiquetía,,,,VE240108,Vargas,,,,VE2401,La Guaira,,,,VE24,Venezuela (República Bolivariana de),,,,VE,2021/02/23,,23.35649088,v01,es,,,,Venezuela (Bolivarian Republic of),Maiquetia,10.577393,-66.95035379,IV,0.0,0,0,0.0
VE240108,la_guaira,Maiquetía,,,,VE240108,Vargas,,,,VE2401,La Guaira,,,,VE24,Venezuela (República Bolivariana de),,,,VE,2021/02/23,,23.35649088,v01,es,,,,Venezuela (Bolivarian Republic of),Maiquetia,10.577393,-66.95035379,V,0.0,0,0,0.0
VE240108,la_guaira,Maiquetía,,,,VE240108,Vargas,,,,VE2401,La Guaira,,,,VE24,Venezuela (República Bolivariana de),,,,VE,2021/02/23,,23.35649088,v01,es,,,,Venezuela (Bolivarian Republic of),Maiquetia,10.577393,-66.95035379,VI,0.0,0,0,0.0
VE240108,la_guaira,Maiquetía,,,,VE240108,Vargas,,,,VE2401,La Guaira,,,,VE24,Venezuela (República Bolivariana de),,,,VE,2021/02/23,,23.35649088,v01,es,,,,Venezuela (Bolivarian Republic of),Maiquetia,10.577393,-66.95035379,VII,0.0,0,0,0.0
VE240108,la_guaira,Maiquetía,,,,VE240108,Vargas,,,,VE2401,La Guaira,,,,VE24,Venezuela (República Bolivariana de),,,,VE,2021/02/23,,23.35649088,v01,es,,,,Venezuela (Bolivarian Republic of),Maiquetia,10.577393,-66.95035379,VIII,0.652,467,668,3073.0
VE240108,la_guaira,Maiquetía,,,,VE240108,Vargas,,,,VE2401,La Guaira,,,,VE24,Venezuela (República Bolivariana de),,,,VE,2021/02/23,,23.35649088,v01,es,,,,Venezuela (Bolivarian Republic of),Maiquetia,10.577393,-66.95035379,IX,3.658,6612,6872,34442.0
VE240108,la_guaira,Maiquetía,,,,VE240108,Vargas,,,,VE2401,La Guaira,,,,VE24,Venezuela (República Bolivariana de),,,,VE,2021/02/23,,23.35649088,v01,es,,,,Venezuela (Bolivarian Republic of),Maiquetia,10.577393,-66.95035379,X+,0.0,0,0,0.0
VE240110,catia_la_mar,Urimare,,,,VE240110,Vargas,,,,VE2401,La Guaira,,,,VE24,Venezuela (República Bolivariana de),,,,VE,2021/02/23,,26.03871913,v01,es,,,,Venezuela (Bolivarian Republic of),Urimare,10.5839595,-66.99816571,I,0.0,0,0,0.0
VE240110,catia_la_mar,Urimare,,,,VE240110,Vargas,,,,VE2401,La Guaira,,,,VE24,Venezuela (República Bolivariana de),,,,VE,2021/02/23,,26.03871913,v01,es,,,,Venezuela (Bolivarian Republic of),Urimare,10.5839595,-66.99816571,II-III,0.0,0,0,0.0
VE240110,catia_la_mar,Urimare,,,,VE240110,Vargas,,,,VE2401,La Guaira,,,,VE24,Venezuela (República Bolivariana de),,,,VE,2021/02/23,,26.03871913,v01,es,,,,Venezuela (Bolivarian Republic of),Urimare,10.5839595,-66.99816571,IV,0.0,0,0,0.0
VE240110,catia_la_mar,Urimare,,,,VE240110,Vargas,,,,VE2401,La Guaira,,,,VE24,Venezuela (República Bolivariana de),,,,VE,2021/02/23,,26.03871913,v01,es,,,,Venezuela (Bolivarian Republic of),Urimare,10.5839595,-66.99816571,V,0.0,0,0,0.0
VE240110,catia_la_mar,Urimare,,,,VE240110,Vargas,,,,VE2401,La Guaira,,,,VE24,Venezuela (República Bolivariana de),,,,VE,2021/02/23,,26.03871913,v01,es,,,,Venezuela (Bolivarian Republic of),Urimare,10.5839595,-66.99816571,VI,0.0,0,0,0.0
VE240110,catia_la_mar,Urimare,,,,VE240110,Vargas,,,,VE2401,La Guaira,,,,VE24,Venezuela (República Bolivariana de),,,,VE,2021/02/23,,26.03871913,v01,es,,,,Venezuela (Bolivarian Republic of),Urimare,10.5839595,-66.99816571,VII,0.0,0,0,0.0
VE240110,catia_la_mar,Urimare,,,,VE240110,Vargas,,,,VE2401,La Guaira,,,,VE24,Venezuela (República Bolivariana de),,,,VE,2021/02/23,,26.03871913,v01,es,,,,Venezuela (Bolivarian Republic of),Urimare,10.5839595,-66.99816571,VIII,0.36,67,69,572.0
VE240110,catia_la_mar,Urimare,,,,VE240110,Vargas,,,,VE2401,La Guaira,,,,VE24,Venezuela (República Bolivariana de),,,,VE,2021/02/23,,26.03871913,v01,es,,,,Venezuela (Bolivarian Republic of),Urimare,10.5839595,-66.99816571,IX,13.679,10161,8416,54821.0
VE240110,catia_la_mar,Urimare,,,,VE240110,Vargas,,,,VE2401,La Guaira,,,,VE24,Venezuela (República Bolivariana de),,,,VE,2021/02/23,,26.03871913,v01,es,,,,Venezuela (Bolivarian Republic of),Urimare,10.5839595,-66.99816571,X+,0.0,0,0,0.0
VE240110,la_guaira,Urimare,,,,VE240110,Vargas,,,,VE2401,La Guaira,,,,VE24,Venezuela (República Bolivariana de),,,,VE,2021/02/23,,26.03871913,v01,es,,,,Venezuela (Bolivarian Republic of),Urimare,10.5839595,-66.99816571,I,0.0,0,0,0.0
VE240110,la_guaira,Urimare,,,,VE240110,Vargas,,,,VE2401,La Guaira,,,,VE24,Venezuela (República Bolivariana de),,,,VE,2021/02/23,,26.03871913,v01,es,,,,Venezuela (Bolivarian Republic of),Urimare,10.5839595,-66.99816571,II-III,0.0,0,0,0.0
VE240110,la_guaira,Urimare,,,,VE240110,Vargas,,,,VE2401,La Guaira,,,,VE24,Venezuela (República Bolivariana de),,,,VE,2021/02/23,,26.03871913,v01,es,,,,Venezuela (Bolivarian Republic of),Urimare,10.5839595,-66.99816571,IV,0.0,0,0,0.0
VE240110,la_guaira,Urimare,,,,VE240110,Vargas,,,,VE2401,La Guaira,,,,VE24,Venezuela (República Bolivariana de),,,,VE,2021/02/23,,26.03871913,v01,es,,,,Venezuela (Bolivarian Republic of),Urimare,10.5839595,-66.99816571,V,0.0,0,0,0.0
VE240110,la_guaira,Urimare,,,,VE240110,Vargas,,,,VE2401,La Guaira,,,,VE24,Venezuela (República Bolivariana de),,,,VE,2021/02/23,,26.03871913,v01,es,,,,Venezuela (Bolivarian Republic of),Urimare,10.5839595,-66.99816571,VI,0.0,0,0,0.0
VE240110,la_guaira,Urimare,,,,VE240110,Vargas,,,,VE2401,La Guaira,,,,VE24,Venezuela (República Bolivariana de),,,,VE,2021/02/23,,26.03871913,v01,es,,,,Venezuela (Bolivarian Republic of),Urimare,10.5839595,-66.99816571,VII,0.0,0,0,0.0
VE240110,la_guaira,Urimare,,,,VE240110,Vargas,,,,VE2401,La Guaira,,,,VE24,Venezuela (República Bolivariana de),,,,VE,2021/02/23,,26.03871913,v01,es,,,,Venezuela (Bolivarian Republic of),Urimare,10.5839595,-66.99816571,VIII,0.36,67,69,572.0
VE240110,la_guaira,Urimare,,,,VE240110,Vargas,,,,VE2401,La Guaira,,,,VE24,Venezuela (República Bolivariana de),,,,VE,2021/02/23,,26.03871913,v01,es,,,,Venezuela (Bolivarian Republic of),Urimare,10.5839595,-66.99816571,IX,13.679,10161,8416,54821.0
VE240110,la_guaira,Urimare,,,,VE240110,Vargas,,,,VE2401,La Guaira,,,,VE24,Venezuela (República Bolivariana de),,,,VE,2021/02/23,,26.03871913,v01,es,,,,Venezuela (Bolivarian Republic of),Urimare,10.5839595,-66.99816571,X+,0.0,0,0,0.0
VE240111,catia_la_mar,Carlos Soublette,,,,VE240111,Vargas,,,,VE2401,La Guaira,,,,VE24,Venezuela (República Bolivariana de),,,,VE,2021/02/23,,7.49074363,v01,es,,,,Venezuela (Bolivarian Republic of),Carlos Soublette,10.5759865,-66.97004871,I,0.0,0,0,0.0
VE240111,catia_la_mar,Carlos Soublette,,,,VE240111,Vargas,,,,VE2401,La Guaira,,,,VE24,Venezuela (República Bolivariana de),,,,VE,2021/02/23,,7.49074363,v01,es,,,,Venezuela (Bolivarian Republic of),Carlos Soublette,10.5759865,-66.97004871,II-III,0.0,0,0,0.0
VE240111,catia_la_mar,Carlos Soublette,,,,VE240111,Vargas,,,,VE2401,La Guaira,,,,VE24,Venezuela (República Bolivariana de),,,,VE,2021/02/23,,7.49074363,v01,es,,,,Venezuela (Bolivarian Republic of),Carlos Soublette,10.5759865,-66.97004871,IV,0.0,0,0,0.0
VE240111,catia_la_mar,Carlos Soublette,,,,VE240111,Vargas,,,,VE2401,La Guaira,,,,VE24,Venezuela (República Bolivariana de),,,,VE,2021/02/23,,7.49074363,v01,es,,,,Venezuela (Bolivarian Republic of),Carlos Soublette,10.5759865,-66.97004871,V,0.0,0,0,0.0
VE240111,catia_la_mar,Carlos Soublette,,,,VE240111,Vargas,,,,VE2401,La Guaira,,,,VE24,Venezuela (República Bolivariana de),,,,VE,2021/02/23,,7.49074363,v01,es,,,,Venezuela (Bolivarian Republic of),Carlos Soublette,10.5759865,-66.97004871,VI,0.0,0,0,0.0
VE240111,catia_la_mar,Carlos Soublette,,,,VE240111,Vargas,,,,VE2401,La Guaira,,,,VE24,Venezuela (República Bolivariana de),,,,VE,2021/02/23,,7.49074363,v01,es,,,,Venezuela (Bolivarian Republic of),Carlos Soublette,10.5759865,-66.97004871,VII,0.0,0,0,0.0
VE240111,catia_la_mar,Carlos Soublette,,,,VE240111,Vargas,,,,VE2401,La Guaira,,,,VE24,Venezuela (República Bolivariana de),,,,VE,2021/02/23,,7.49074363,v01,es,,,,Venezuela (Bolivarian Republic of),Carlos Soublette,10.5759865,-66.97004871,VIII,0.004,12,7,0.0
VE240111,catia_la_mar,Carlos Soublette,,,,VE240111,Vargas,,,,VE2401,La Guaira,,,,VE24,Venezuela (República Bolivariana de),,,,VE,2021/02/23,,7.49074363,v01,es,,,,Venezuela (Bolivarian Republic of),Carlos Soublette,10.5759865,-66.97004871,IX,1.826,4277,5360,25388.0
VE240111,catia_la_mar,Carlos Soublette,,,,VE240111,Vargas,,,,VE2401,La Guaira,,,,VE24,Venezuela (República Bolivariana de),,,,VE,2021/02/23,,7.49074363,v01,es,,,,Venezuela (Bolivarian Republic of),Carlos Soublette,10.5759865,-66.97004871,X+,0.0,0,0,0.0
VE240111,la_guaira,Carlos Soublette,,,,VE240111,Vargas,,,,VE2401,La Guaira,,,,VE24,Venezuela (República Bolivariana de),,,,VE,2021/02/23,,7.49074363,v01,es,,,,Venezuela (Bolivarian Republic of),Carlos Soublette,10.5759865,-66.97004871,I,0.0,0,0,0.0
VE240111,la_guaira,Carlos Soublette,,,,VE240111,Vargas,,,,VE2401,La Guaira,,,,VE24,Venezuela (República Bolivariana de),,,,VE,2021/02/23,,7.49074363,v01,es,,,,Venezuela (Bolivarian Republic of),Carlos Soublette,10.5759865,-66.97004871,II-III,0.0,0,0,0.0
VE240111,la_guaira,Carlos Soublette,,,,VE240111,Vargas,,,,VE2401,La Guaira,,,,VE24,Venezuela (República Bolivariana de),,,,VE,2021/02/23,,7.49074363,v01,es,,,,Venezuela (Bolivarian Republic of),Carlos Soublette,10.5759865,-66.97004871,IV,0.0,0,0,0.0
VE240111,la_guaira,Carlos Soublette,,,,VE240111,Vargas,,,,VE2401,La Guaira,,,,VE24,Venezuela (República Bolivariana de),,,,VE,2021/02/23,,7.49074363,v01,es,,,,Venezuela (Bolivarian Republic of),Carlos Soublette,10.5759865,-66.97004871,V,0.0,0,0,0.0
VE240111,la_guaira,Carlos Soublette,,,,VE240111,Vargas,,,,VE2401,La Guaira,,,,VE24,Venezuela (República Bolivariana de),,,,VE,2021/02/23,,7.49074363,v01,es,,,,Venezuela (Bolivarian Republic of),Carlos Soublette,10.5759865,-66.97004871,VI,0.0,0,0,0.0
VE240111,la_guaira,Carlos Soublette,,,,VE240111,Vargas,,,,VE2401,La Guaira,,,,VE24,Venezuela (República Bolivariana de),,,,VE,2021/02/23,,7.49074363,v01,es,,,,Venezuela (Bolivarian Republic of),Carlos Soublette,10.5759865,-66.97004871,VII,0.0,0,0,0.0
VE240111,la_guaira,Carlos Soublette,,,,VE240111,Vargas,,,,VE2401,La Guaira,,,,VE24,Venezuela (República Bolivariana de),,,,VE,2021/02/23,,7.49074363,v01,es,,,,Venezuela (Bolivarian Republic of),Carlos Soublette,10.5759865,-66.97004871,VIII,0.004,12,7,0.0
VE240111,la_guaira,Carlos Soublette,,,,VE240111,Vargas,,,,VE2401,La Guaira,,,,VE24,Venezuela (República Bolivariana de),,,,VE,2021/02/23,,7.49074363,v01,es,,,,Venezuela (Bolivarian Republic of),Carlos Soublette,10.5759865,-66.97004871,IX,1.826,4277,5360,25388.0
VE240111,la_guaira,Carlos Soublette,,,,VE240111,Vargas,,,,VE2401,La Guaira,,,,VE24,Venezuela (República Bolivariana de),,,,VE,2021/02/23,,7.49074363,v01,es,,,,Venezuela (Bolivarian Republic of),Carlos Soublette,10.5759865,-66.97004871,X+,0.0,0,0,0.0
