admin3_id,aoi_zone,adm3_name,adm3_name1,adm3_name2,adm3_name3,adm3_pcode,adm2_name,adm2_name1,adm2_name2,adm2_name3,adm2_pcode,adm1_name,adm1_name1,adm1_name2,adm1_name3,adm1_pcode,adm0_name,adm0_name1,adm0_name2,adm0_name3,adm0_pcode,valid_on,valid_to,area_sqkm,version,lang,lang1,lang2,lang3,adm0_en,adm3_ref_name,center_lat,center_lon,urban_area_km2,mmi_categorie,area_km2,n_buildings_overture,n_buildings_osm,population
VE010101,Caracas,Altagracia,,,,VE010101,Libertador,,,,VE0101,Distrito Capital,,,,VE01,Venezuela (República Bolivariana de),,,,VE,2021/02/23,,2.9508224,v01,es,,,,Venezuela (Bolivarian Republic of),Altagracia,10.53201028,-66.91336104,0.54,I,0.0,0,0,0.0
VE010101,Caracas,Altagracia,,,,VE010101,Libertador,,,,VE0101,Distrito Capital,,,,VE01,Venezuela (República Bolivariana de),,,,VE,2021/02/23,,2.9508224,v01,es,,,,Venezuela (Bolivarian Republic of),Altagracia,10.53201028,-66.91336104,0.54,II-III,0.0,0,0,0.0
VE010101,Caracas,Altagracia,,,,VE010101,Libertador,,,,VE0101,Distrito Capital,,,,VE01,Venezuela (República Bolivariana de),,,,VE,2021/02/23,,2.9508224,v01,es,,,,Venezuela (Bolivarian Republic of),Altagracia,10.53201028,-66.91336104,0.54,IV,0.0,0,0,0.0
VE010101,Caracas,Altagracia,,,,VE010101,Libertador,,,,VE0101,Distrito Capital,,,,VE01,Venezuela (República Bolivariana de),,,,VE,2021/02/23,,2.9508224,v01,es,,,,Venezuela (Bolivarian Republic of),Altagracia,10.53201028,-66.91336104,0.54,V,0.0,0,0,0.0
VE010101,Caracas,Altagracia,,,,VE010101,Libertador,,,,VE0101,Distrito Capital,,,,VE01,Venezuela (República Bolivariana de),,,,VE,2021/02/23,,2.9508224,v01,es,,,,Venezuela (Bolivarian Republic of),Altagracia,10.53201028,-66.91336104,0.54,VI,0.0,0,0,0.0
VE010101,Caracas,Altagracia,,,,VE010101,Libertador,,,,VE0101,Distrito Capital,,,,VE01,Venezuela (República Bolivariana de),,,,VE,2021/02/23,,2.9508224,v01,es,,,,Venezuela (Bolivarian Republic of),Altagracia,10.53201028,-66.91336104,0.54,VII,0.0,0,0,0.0
VE010101,Caracas,Altagracia,,,,VE010101,Libertador,,,,VE0101,Distrito Capital,,,,VE01,Venezuela (República Bolivariana de),,,,VE,2021/02/23,,2.9508224,v01,es,,,,Venezuela (Bolivarian Republic of),Altagracia,10.53201028,-66.91336104,0.54,VIII,2.969,3245,171,19948.0
VE010101,Caracas,Altagracia,,,,VE010101,Libertador,,,,VE0101,Distrito Capital,,,,VE01,Venezuela (República Bolivariana de),,,,VE,2021/02/23,,2.9508224,v01,es,,,,Venezuela (Bolivarian Republic of),Altagracia,10.53201028,-66.91336104,0.54,IX,0.0,0,0,0.0
VE010101,Caracas,Altagracia,,,,VE010101,Libertador,,,,VE0101,Distrito Capital,,,,VE01,Venezuela (República Bolivariana de),,,,VE,2021/02/23,,2.9508224,v01,es,,,,Venezuela (Bolivarian Republic of),Altagracia,10.53201028,-66.91336104,0.54,X+,0.0,0,0,0.0
VE010103,Caracas,Candelaria,,,,VE010103,Libertador,,,,VE0101,Distrito Capital,,,,VE01,Venezuela (República Bolivariana de),,,,VE,2021/02/23,,1.31842686,v01,es,,,,Venezuela (Bolivarian Republic of),Candelaria,10.5073545,-66.90575015,0.55,I,0.0,0,0,0.0
VE010103,Caracas,Candelaria,,,,VE010103,Libertador,,,,VE0101,Distrito Capital,,,,VE01,Venezuela (República Bolivariana de),,,,VE,2021/02/23,,1.31842686,v01,es,,,,Venezuela (Bolivarian Republic of),Candelaria,10.5073545,-66.90575015,0.55,II-III,0.0,0,0,0.0
VE010103,Caracas,Candelaria,,,,VE010103,Libertador,,,,VE0101,Distrito Capital,,,,VE01,Venezuela (República Bolivariana de),,,,VE,2021/02/23,,1.31842686,v01,es,,,,Venezuela (Bolivarian Republic of),Candelaria,10.5073545,-66.90575015,0.55,IV,0.0,0,0,0.0
VE010103,Caracas,Candelaria,,,,VE010103,Libertador,,,,VE0101,Distrito Capital,,,,VE01,Venezuela (República Bolivariana de),,,,VE,2021/02/23,,1.31842686,v01,es,,,,Venezuela (Bolivarian Republic of),Candelaria,10.5073545,-66.90575015,0.55,V,0.0,0,0,0.0
VE010103,Caracas,Candelaria,,,,VE010103,Libertador,,,,VE0101,Distrito Capital,,,,VE01,Venezuela (República Bolivariana de),,,,VE,2021/02/23,,1.31842686,v01,es,,,,Venezuela (Bolivarian Republic of),Candelaria,10.5073545,-66.90575015,0.55,VI,0.0,0,0,0.0
VE010103,Caracas,Candelaria,,,,VE010103,Libertador,,,,VE0101,Distrito Capital,,,,VE01,Venezuela (República Bolivariana de),,,,VE,2021/02/23,,1.31842686,v01,es,,,,Venezuela (Bolivarian Republic of),Candelaria,10.5073545,-66.90575015,0.55,VII,0.0,0,0,0.0
VE010103,Caracas,Candelaria,,,,VE010103,Libertador,,,,VE0101,Distrito Capital,,,,VE01,Venezuela (República Bolivariana de),,,,VE,2021/02/23,,1.31842686,v01,es,,,,Venezuela (Bolivarian Republic of),Candelaria,10.5073545,-66.90575015,0.55,VIII,1.327,3097,567,19141.0
VE010103,Caracas,Candelaria,,,,VE010103,Libertador,,,,VE0101,Distrito Capital,,,,VE01,Venezuela (República Bolivariana de),,,,VE,2021/02/23,,1.31842686,v01,es,,,,Venezuela (Bolivarian Republic of),Candelaria,10.5073545,-66.90575015,0.55,IX,0.0,0,0,0.0
VE010103,Caracas,Candelaria,,,,VE010103,Libertador,,,,VE0101,Distrito Capital,,,,VE01,Venezuela (República Bolivariana de),,,,VE,2021/02/23,,1.31842686,v01,es,,,,Venezuela (Bolivarian Republic of),Candelaria,10.5073545,-66.90575015,0.55,X+,0.0,0,0,0.0
VE010104,Caracas,Caricuao,,,,VE010104,Libertador,,,,VE0101,Distrito Capital,,,,VE01,Venezuela (República Bolivariana de),,,,VE,2021/02/23,,24.00620624,v01,es,,,,Venezuela (Bolivarian Republic of),Caricuao,10.4252285,-66.98067361,2.45,I,0.0,0,0,0.0
VE010104,Caracas,Caricuao,,,,VE010104,Libertador,,,,VE0101,Distrito Capital,,,,VE01,Venezuela (República Bolivariana de),,,,VE,2021/02/23,,24.00620624,v01,es,,,,Venezuela (Bolivarian Republic of),Caricuao,10.4252285,-66.98067361,2.45,II-III,0.0,0,0,0.0
VE010104,Caracas,Caricuao,,,,VE010104,Libertador,,,,VE0101,Distrito Capital,,,,VE01,Venezuela (República Bolivariana de),,,,VE,2021/02/23,,24.00620624,v01,es,,,,Venezuela (Bolivarian Republic of),Caricuao,10.4252285,-66.98067361,2.45,IV,0.0,0,0,0.0
VE010104,Caracas,Caricuao,,,,VE010104,Libertador,,,,VE0101,Distrito Capital,,,,VE01,Venezuela (República Bolivariana de),,,,VE,2021/02/23,,24.00620624,v01,es,,,,Venezuela (Bolivarian Republic of),Caricuao,10.4252285,-66.98067361,2.45,V,0.0,0,0,0.0
VE010104,Caracas,Caricuao,,,,VE010104,Libertador,,,,VE0101,Distrito Capital,,,,VE01,Venezuela (República Bolivariana de),,,,VE,2021/02/23,,24.00620624,v01,es,,,,Venezuela (Bolivarian Republic of),Caricuao,10.4252285,-66.98067361,2.45,VI,24.158,13614,317,74319.0
VE010104,Caracas,Caricuao,,,,VE010104,Libertador,,,,VE0101,Distrito Capital,,,,VE01,Venezuela (República Bolivariana de),,,,VE,2021/02/23,,24.00620624,v01,es,,,,Venezuela (Bolivarian Republic of),Caricuao,10.4252285,-66.98067361,2.45,VII,0.0,0,0,0.0
VE010104,Caracas,Caricuao,,,,VE010104,Libertador,,,,VE0101,Distrito Capital,,,,VE01,Venezuela (República Bolivariana de),,,,VE,2021/02/23,,24.00620624,v01,es,,,,Venezuela (Bolivarian Republic of),Caricuao,10.4252285,-66.98067361,2.45,VIII,0.0,0,0,0.0
VE010104,Caracas,Caricuao,,,,VE010104,Libertador,,,,VE0101,Distrito Capital,,,,VE01,Venezuela (República Bolivariana de),,,,VE,2021/02/23,,24.00620624,v01,es,,,,Venezuela (Bolivarian Republic of),Caricuao,10.4252285,-66.98067361,2.45,IX,0.0,0,0,0.0
VE010104,Caracas,Caricuao,,,,VE010104,Libertador,,,,VE0101,Distrito Capital,,,,VE01,Venezuela (República Bolivariana de),,,,VE,2021/02/23,,24.00620624,v01,es,,,,Venezuela (Bolivarian Republic of),Caricuao,10.4252285,-66.98067361,2.45,X+,0.0,0,0,0.0
VE010105,Caracas,Catedral,,,,VE010105,Libertador,,,,VE0101,Distrito Capital,,,,VE01,Venezuela (República Bolivariana de),,,,VE,2021/02/23,,0.84258876,v01,es,,,,Venezuela (Bolivarian Republic of),Catedral,10.5060175,-66.91666592,0.31,I,0.0,0,0,0.0
VE010105,Caracas,Catedral,,,,VE010105,Libertador,,,,VE0101,Distrito Capital,,,,VE01,Venezuela (República Bolivariana de),,,,VE,2021/02/23,,0.84258876,v01,es,,,,Venezuela (Bolivarian Republic of),Catedral,10.5060175,-66.91666592,0.31,II-III,0.0,0,0,0.0
VE010105,Caracas,Catedral,,,,VE010105,Libertador,,,,VE0101,Distrito Capital,,,,VE01,Venezuela (República Bolivariana de),,,,VE,2021/02/23,,0.84258876,v01,es,,,,Venezuela (Bolivarian Republic of),Catedral,10.5060175,-66.91666592,0.31,IV,0.0,0,0,0.0
VE010105,Caracas,Catedral,,,,VE010105,Libertador,,,,VE0101,Distrito Capital,,,,VE01,Venezuela (República Bolivariana de),,,,VE,2021/02/23,,0.84258876,v01,es,,,,Venezuela (Bolivarian Republic of),Catedral,10.5060175,-66.91666592,0.31,V,0.0,0,0,0.0
VE010105,Caracas,Catedral,,,,VE010105,Libertador,,,,VE0101,Distrito Capital,,,,VE01,Venezuela (República Bolivariana de),,,,VE,2021/02/23,,0.84258876,v01,es,,,,Venezuela (Bolivarian Republic of),Catedral,10.5060175,-66.91666592,0.31,VI,0.0,0,0,0.0
VE010105,Caracas,Catedral,,,,VE010105,Libertador,,,,VE0101,Distrito Capital,,,,VE01,Venezuela (República Bolivariana de),,,,VE,2021/02/23,,0.84258876,v01,es,,,,Venezuela (Bolivarian Republic of),Catedral,10.5060175,-66.91666592,0.31,VII,0.0,0,0,0.0
VE010105,Caracas,Catedral,,,,VE010105,Libertador,,,,VE0101,Distrito Capital,,,,VE01,Venezuela (República Bolivariana de),,,,VE,2021/02/23,,0.84258876,v01,es,,,,Venezuela (Bolivarian Republic of),Catedral,10.5060175,-66.91666592,0.31,VIII,0.848,1086,258,8170.0
VE010105,Caracas,Catedral,,,,VE010105,Libertador,,,,VE0101,Distrito Capital,,,,VE01,Venezuela (República Bolivariana de),,,,VE,2021/02/23,,0.84258876,v01,es,,,,Venezuela (Bolivarian Republic of),Catedral,10.5060175,-66.91666592,0.31,IX,0.0,0,0,0.0
VE010105,Caracas,Catedral,,,,VE010105,Libertador,,,,VE0101,Distrito Capital,,,,VE01,Venezuela (República Bolivariana de),,,,VE,2021/02/23,,0.84258876,v01,es,,,,Venezuela (Bolivarian Republic of),Catedral,10.5060175,-66.91666592,0.31,X+,0.0,0,0,0.0
VE010106,Caracas,Coche,,,,VE010106,Libertador,,,,VE0101,Distrito Capital,,,,VE01,Venezuela (República Bolivariana de),,,,VE,2021/02/23,,12.29543577,v01,es,,,,Venezuela (Bolivarian Republic of),Coche,10.4336575,-66.93741391,2.04,I,0.0,0,0,0.0
VE010106,Caracas,Coche,,,,VE010106,Libertador,,,,VE0101,Distrito Capital,,,,VE01,Venezuela (República Bolivariana de),,,,VE,2021/02/23,,12.29543577,v01,es,,,,Venezuela (Bolivarian Republic of),Coche,10.4336575,-66.93741391,2.04,II-III,0.0,0,0,0.0
VE010106,Caracas,Coche,,,,VE010106,Libertador,,,,VE0101,Distrito Capital,,,,VE01,Venezuela (República Bolivariana de),,,,VE,2021/02/23,,12.29543577,v01,es,,,,Venezuela (Bolivarian Republic of),Coche,10.4336575,-66.93741391,2.04,IV,0.0,0,0,0.0
VE010106,Caracas,Coche,,,,VE010106,Libertador,,,,VE0101,Distrito Capital,,,,VE01,Venezuela (República Bolivariana de),,,,VE,2021/02/23,,12.29543577,v01,es,,,,Venezuela (Bolivarian Republic of),Coche,10.4336575,-66.93741391,2.04,V,0.0,0,0,0.0
VE010106,Caracas,Coche,,,,VE010106,Libertador,,,,VE0101,Distrito Capital,,,,VE01,Venezuela (República Bolivariana de),,,,VE,2021/02/23,,12.29543577,v01,es,,,,Venezuela (Bolivarian Republic of),Coche,10.4336575,-66.93741391,2.04,VI,11.717,8467,330,50979.0
VE010106,Caracas,Coche,,,,VE010106,Libertador,,,,VE0101,Distrito Capital,,,,VE01,Venezuela (República Bolivariana de),,,,VE,2021/02/23,,12.29543577,v01,es,,,,Venezuela (Bolivarian Republic of),Coche,10.4336575,-66.93741391,2.04,VII,0.656,685,31,7081.0
VE010106,Caracas,Coche,,,,VE010106,Libertador,,,,VE0101,Distrito Capital,,,,VE01,Venezuela (República Bolivariana de),,,,VE,2021/02/23,,12.29543577,v01,es,,,,Venezuela (Bolivarian Republic of),Coche,10.4336575,-66.93741391,2.04,VIII,0.0,0,0,0.0
VE010106,Caracas,Coche,,,,VE010106,Libertador,,,,VE0101,Distrito Capital,,,,VE01,Venezuela (República Bolivariana de),,,,VE,2021/02/23,,12.29543577,v01,es,,,,Venezuela (Bolivarian Republic of),Coche,10.4336575,-66.93741391,2.04,IX,0.0,0,0,0.0
VE010106,Caracas,Coche,,,,VE010106,Libertador,,,,VE0101,Distrito Capital,,,,VE01,Venezuela (República Bolivariana de),,,,VE,2021/02/23,,12.29543577,v01,es,,,,Venezuela (Bolivarian Republic of),Coche,10.4336575,-66.93741391,2.04,X+,0.0,0,0,0.0
VE010108,Caracas,El Paraíso,,,,VE010108,Libertador,,,,VE0101,Distrito Capital,,,,VE01,Venezuela (República Bolivariana de),,,,VE,2021/02/23,,10.3434603,v01,es,,,,Venezuela (Bolivarian Republic of),El Paraiso,10.485052,-66.94562126,3.02,I,0.0,0,0,0.0
VE010108,Caracas,El Paraíso,,,,VE010108,Libertador,,,,VE0101,Distrito Capital,,,,VE01,Venezuela (República Bolivariana de),,,,VE,2021/02/23,,10.3434603,v01,es,,,,Venezuela (Bolivarian Republic of),El Paraiso,10.485052,-66.94562126,3.02,II-III,0.0,0,0,0.0
VE010108,Caracas,El Paraíso,,,,VE010108,Libertador,,,,VE0101,Distrito Capital,,,,VE01,Venezuela (República Bolivariana de),,,,VE,2021/02/23,,10.3434603,v01,es,,,,Venezuela (Bolivarian Republic of),El Paraiso,10.485052,-66.94562126,3.02,IV,0.0,0,0,0.0
VE010108,Caracas,El Paraíso,,,,VE010108,Libertador,,,,VE0101,Distrito Capital,,,,VE01,Venezuela (República Bolivariana de),,,,VE,2021/02/23,,10.3434603,v01,es,,,,Venezuela (Bolivarian Republic of),El Paraiso,10.485052,-66.94562126,3.02,V,0.0,0,0,0.0
VE010108,Caracas,El Paraíso,,,,VE010108,Libertador,,,,VE0101,Distrito Capital,,,,VE01,Venezuela (República Bolivariana de),,,,VE,2021/02/23,,10.3434603,v01,es,,,,Venezuela (Bolivarian Republic of),El Paraiso,10.485052,-66.94562126,3.02,VI,0.009,1,0,14.0
VE010108,Caracas,El Paraíso,,,,VE010108,Libertador,,,,VE0101,Distrito Capital,,,,VE01,Venezuela (República Bolivariana de),,,,VE,2021/02/23,,10.3434603,v01,es,,,,Venezuela (Bolivarian Republic of),El Paraiso,10.485052,-66.94562126,3.02,VII,10.284,13175,585,92975.0
VE010108,Caracas,El Paraíso,,,,VE010108,Libertador,,,,VE0101,Distrito Capital,,,,VE01,Venezuela (República Bolivariana de),,,,VE,2021/02/23,,10.3434603,v01,es,,,,Venezuela (Bolivarian Republic of),El Paraiso,10.485052,-66.94562126,3.02,VIII,0.116,79,31,696.0
VE010108,Caracas,El Paraíso,,,,VE010108,Libertador,,,,VE0101,Distrito Capital,,,,VE01,Venezuela (República Bolivariana de),,,,VE,2021/02/23,,10.3434603,v01,es,,,,Venezuela (Bolivarian Republic of),El Paraiso,10.485052,-66.94562126,3.02,IX,0.0,0,0,0.0
VE010108,Caracas,El Paraíso,,,,VE010108,Libertador,,,,VE0101,Distrito Capital,,,,VE01,Venezuela (República Bolivariana de),,,,VE,2021/02/23,,10.3434603,v01,es,,,,Venezuela (Bolivarian Republic of),El Paraiso,10.485052,-66.94562126,3.02,X+,0.0,0,0,0.0
VE010109,Caracas,El Recreo,,,,VE010109,Libertador,,,,VE0101,Distrito Capital,,,,VE01,Venezuela (República Bolivariana de),,,,VE,2021/02/23,,15.54573253,v01,es,,,,Venezuela (Bolivarian Republic of),El Recreo,10.51615966,-66.87732569,2.53,I,0.0,0,0,0.0
VE010109,Caracas,El Recreo,,,,VE010109,Libertador,,,,VE0101,Distrito Capital,,,,VE01,Venezuela (República Bolivariana de),,,,VE,2021/02/23,,15.54573253,v01,es,,,,Venezuela (Bolivarian Republic of),El Recreo,10.51615966,-66.87732569,2.53,II-III,0.0,0,0,0.0
VE010109,Caracas,El Recreo,,,,VE010109,Libertador,,,,VE0101,Distrito Capital,,,,VE01,Venezuela (República Bolivariana de),,,,VE,2021/02/23,,15.54573253,v01,es,,,,Venezuela (Bolivarian Republic of),El Recreo,10.51615966,-66.87732569,2.53,IV,0.0,0,0,0.0
VE010109,Caracas,El Recreo,,,,VE010109,Libertador,,,,VE0101,Distrito Capital,,,,VE01,Venezuela (República Bolivariana de),,,,VE,2021/02/23,,15.54573253,v01,es,,,,Venezuela (Bolivarian Republic of),El Recreo,10.51615966,-66.87732569,2.53,V,0.0,0,0,0.0
VE010109,Caracas,El Recreo,,,,VE010109,Libertador,,,,VE0101,Distrito Capital,,,,VE01,Venezuela (República Bolivariana de),,,,VE,2021/02/23,,15.54573253,v01,es,,,,Venezuela (Bolivarian Republic of),El Recreo,10.51615966,-66.87732569,2.53,VI,0.0,0,0,0.0
VE010109,Caracas,El Recreo,,,,VE010109,Libertador,,,,VE0101,Distrito Capital,,,,VE01,Venezuela (República Bolivariana de),,,,VE,2021/02/23,,15.54573253,v01,es,,,,Venezuela (Bolivarian Republic of),El Recreo,10.51615966,-66.87732569,2.53,VII,8.724,7780,1420,56776.0
VE010109,Caracas,El Recreo,,,,VE010109,Libertador,,,,VE0101,Distrito Capital,,,,VE01,Venezuela (República Bolivariana de),,,,VE,2021/02/23,,15.54573253,v01,es,,,,Venezuela (Bolivarian Republic of),El Recreo,10.51615966,-66.87732569,2.53,VIII,6.919,3623,101,15851.0
VE010109,Caracas,El Recreo,,,,VE010109,Libertador,,,,VE0101,Distrito Capital,,,,VE01,Venezuela (República Bolivariana de),,,,VE,2021/02/23,,15.54573253,v01,es,,,,Venezuela (Bolivarian Republic of),El Recreo,10.51615966,-66.87732569,2.53,IX,0.0,0,0,0.0
VE010109,Caracas,El Recreo,,,,VE010109,Libertador,,,,VE0101,Distrito Capital,,,,VE01,Venezuela (República Bolivariana de),,,,VE,2021/02/23,,15.54573253,v01,es,,,,Venezuela (Bolivarian Republic of),El Recreo,10.51615966,-66.87732569,2.53,X+,0.0,0,0,0.0
VE010110,Caracas,El Valle,,,,VE010110,Libertador,,,,VE0101,Distrito Capital,,,,VE01,Venezuela (República Bolivariana de),,,,VE,2021/02/23,,20.85087021,v01,es,,,,Venezuela (Bolivarian Republic of),El Valle,10.44314877,-66.91011781,3.44,I,0.0,0,0,0.0
VE010110,Caracas,El Valle,,,,VE010110,Libertador,,,,VE0101,Distrito Capital,,,,VE01,Venezuela (República Bolivariana de),,,,VE,2021/02/23,,20.85087021,v01,es,,,,Venezuela (Bolivarian Republic of),El Valle,10.44314877,-66.91011781,3.44,II-III,0.0,0,0,0.0
VE010110,Caracas,El Valle,,,,VE010110,Libertador,,,,VE0101,Distrito Capital,,,,VE01,Venezuela (República Bolivariana de),,,,VE,2021/02/23,,20.85087021,v01,es,,,,Venezuela (Bolivarian Republic of),El Valle,10.44314877,-66.91011781,3.44,IV,0.0,0,0,0.0
VE010110,Caracas,El Valle,,,,VE010110,Libertador,,,,VE0101,Distrito Capital,,,,VE01,Venezuela (República Bolivariana de),,,,VE,2021/02/23,,20.85087021,v01,es,,,,Venezuela (Bolivarian Republic of),El Valle,10.44314877,-66.91011781,3.44,V,0.0,0,0,0.0
VE010110,Caracas,El Valle,,,,VE010110,Libertador,,,,VE0101,Distrito Capital,,,,VE01,Venezuela (República Bolivariana de),,,,VE,2021/02/23,,20.85087021,v01,es,,,,Venezuela (Bolivarian Republic of),El Valle,10.44314877,-66.91011781,3.44,VI,8.347,822,180,4546.0
VE010110,Caracas,El Valle,,,,VE010110,Libertador,,,,VE0101,Distrito Capital,,,,VE01,Venezuela (República Bolivariana de),,,,VE,2021/02/23,,20.85087021,v01,es,,,,Venezuela (Bolivarian Republic of),El Valle,10.44314877,-66.91011781,3.44,VII,12.635,16079,703,76989.0
VE010110,Caracas,El Valle,,,,VE010110,Libertador,,,,VE0101,Distrito Capital,,,,VE01,Venezuela (República Bolivariana de),,,,VE,2021/02/23,,20.85087021,v01,es,,,,Venezuela (Bolivarian Republic of),El Valle,10.44314877,-66.91011781,3.44,VIII,0.0,0,0,0.0
VE010110,Caracas,El Valle,,,,VE010110,Libertador,,,,VE0101,Distrito Capital,,,,VE01,Venezuela (República Bolivariana de),,,,VE,2021/02/23,,20.85087021,v01,es,,,,Venezuela (Bolivarian Republic of),El Valle,10.44314877,-66.91011781,3.44,IX,0.0,0,0,0.0
VE010110,Caracas,El Valle,,,,VE010110,Libertador,,,,VE0101,Distrito Capital,,,,VE01,Venezuela (República Bolivariana de),,,,VE,2021/02/23,,20.85087021,v01,es,,,,Venezuela (Bolivarian Republic of),El Valle,10.44314877,-66.91011781,3.44,X+,0.0,0,0,0.0
VE010111,Caracas,La Pastora,,,,VE010111,Libertador,,,,VE0101,Distrito Capital,,,,VE01,Venezuela (República Bolivariana de),,,,VE,2021/02/23,,7.51928825,v01,es,,,,Venezuela (Bolivarian Republic of),La Pastora,10.531556,-66.92450243,1.05,I,0.0,0,0,0.0
VE010111,Caracas,La Pastora,,,,VE010111,Libertador,,,,VE0101,Distrito Capital,,,,VE01,Venezuela (República Bolivariana de),,,,VE,2021/02/23,,7.51928825,v01,es,,,,Venezuela (Bolivarian Republic of),La Pastora,10.531556,-66.92450243,1.05,II-III,0.0,0,0,0.0
VE010111,Caracas,La Pastora,,,,VE010111,Libertador,,,,VE0101,Distrito Capital,,,,VE01,Venezuela (República Bolivariana de),,,,VE,2021/02/23,,7.51928825,v01,es,,,,Venezuela (Bolivarian Republic of),La Pastora,10.531556,-66.92450243,1.05,IV,0.0,0,0,0.0
VE010111,Caracas,La Pastora,,,,VE010111,Libertador,,,,VE0101,Distrito Capital,,,,VE01,Venezuela (República Bolivariana de),,,,VE,2021/02/23,,7.51928825,v01,es,,,,Venezuela (Bolivarian Republic of),La Pastora,10.531556,-66.92450243,1.05,V,0.0,0,0,0.0
VE010111,Caracas,La Pastora,,,,VE010111,Libertador,,,,VE0101,Distrito Capital,,,,VE01,Venezuela (República Bolivariana de),,,,VE,2021/02/23,,7.51928825,v01,es,,,,Venezuela (Bolivarian Republic of),La Pastora,10.531556,-66.92450243,1.05,VI,0.0,0,0,0.0
VE010111,Caracas,La Pastora,,,,VE010111,Libertador,,,,VE0101,Distrito Capital,,,,VE01,Venezuela (República Bolivariana de),,,,VE,2021/02/23,,7.51928825,v01,es,,,,Venezuela (Bolivarian Republic of),La Pastora,10.531556,-66.92450243,1.05,VII,0.0,0,0,0.0
VE010111,Caracas,La Pastora,,,,VE010111,Libertador,,,,VE0101,Distrito Capital,,,,VE01,Venezuela (República Bolivariana de),,,,VE,2021/02/23,,7.51928825,v01,es,,,,Venezuela (Bolivarian Republic of),La Pastora,10.531556,-66.92450243,1.05,VIII,7.567,8161,58,61151.0
VE010111,Caracas,La Pastora,,,,VE010111,Libertador,,,,VE0101,Distrito Capital,,,,VE01,Venezuela (República Bolivariana de),,,,VE,2021/02/23,,7.51928825,v01,es,,,,Venezuela (Bolivarian Republic of),La Pastora,10.531556,-66.92450243,1.05,IX,0.0,0,0,0.0
VE010111,Caracas,La Pastora,,,,VE010111,Libertador,,,,VE0101,Distrito Capital,,,,VE01,Venezuela (República Bolivariana de),,,,VE,2021/02/23,,7.51928825,v01,es,,,,Venezuela (Bolivarian Republic of),La Pastora,10.531556,-66.92450243,1.05,X+,0.0,0,0,0.0
VE010114,Caracas,San Agustín,,,,VE010114,Libertador,,,,VE0101,Distrito Capital,,,,VE01,Venezuela (República Bolivariana de),,,,VE,2021/02/23,,1.55371325,v01,es,,,,Venezuela (Bolivarian Republic of),San Agustin,10.4962395,-66.90472062,0.48,I,0.0,0,0,0.0
VE010114,Caracas,San Agustín,,,,VE010114,Libertador,,,,VE0101,Distrito Capital,,,,VE01,Venezuela (República Bolivariana de),,,,VE,2021/02/23,,1.55371325,v01,es,,,,Venezuela (Bolivarian Republic of),San Agustin,10.4962395,-66.90472062,0.48,II-III,0.0,0,0,0.0
VE010114,Caracas,San Agustín,,,,VE010114,Libertador,,,,VE0101,Distrito Capital,,,,VE01,Venezuela (República Bolivariana de),,,,VE,2021/02/23,,1.55371325,v01,es,,,,Venezuela (Bolivarian Republic of),San Agustin,10.4962395,-66.90472062,0.48,IV,0.0,0,0,0.0
VE010114,Caracas,San Agustín,,,,VE010114,Libertador,,,,VE0101,Distrito Capital,,,,VE01,Venezuela (República Bolivariana de),,,,VE,2021/02/23,,1.55371325,v01,es,,,,Venezuela (Bolivarian Republic of),San Agustin,10.4962395,-66.90472062,0.48,V,0.0,0,0,0.0
VE010114,Caracas,San Agustín,,,,VE010114,Libertador,,,,VE0101,Distrito Capital,,,,VE01,Venezuela (República Bolivariana de),,,,VE,2021/02/23,,1.55371325,v01,es,,,,Venezuela (Bolivarian Republic of),San Agustin,10.4962395,-66.90472062,0.48,VI,0.0,0,0,0.0
VE010114,Caracas,San Agustín,,,,VE010114,Libertador,,,,VE0101,Distrito Capital,,,,VE01,Venezuela (República Bolivariana de),,,,VE,2021/02/23,,1.55371325,v01,es,,,,Venezuela (Bolivarian Republic of),San Agustin,10.4962395,-66.90472062,0.48,VII,0.156,675,0,3395.0
VE010114,Caracas,San Agustín,,,,VE010114,Libertador,,,,VE0101,Distrito Capital,,,,VE01,Venezuela (República Bolivariana de),,,,VE,2021/02/23,,1.55371325,v01,es,,,,Venezuela (Bolivarian Republic of),San Agustin,10.4962395,-66.90472062,0.48,VIII,1.407,2244,144,16090.0
VE010114,Caracas,San Agustín,,,,VE010114,Libertador,,,,VE0101,Distrito Capital,,,,VE01,Venezuela (República Bolivariana de),,,,VE,2021/02/23,,1.55371325,v01,es,,,,Venezuela (Bolivarian Republic of),San Agustin,10.4962395,-66.90472062,0.48,IX,0.0,0,0,0.0
VE010114,Caracas,San Agustín,,,,VE010114,Libertador,,,,VE0101,Distrito Capital,,,,VE01,Venezuela (República Bolivariana de),,,,VE,2021/02/23,,1.55371325,v01,es,,,,Venezuela (Bolivarian Republic of),San Agustin,10.4962395,-66.90472062,0.48,X+,0.0,0,0,0.0
VE010115,Caracas,San Bernandino,,,,VE010115,Libertador,,,,VE0101,Distrito Capital,,,,VE01,Venezuela (República Bolivariana de),,,,VE,2021/02/23,,7.61041906,v01,es,,,,Venezuela (Bolivarian Republic of),San Bernandino,10.53176661,-66.89874842,0.69,I,0.0,0,0,0.0
VE010115,Caracas,San Bernandino,,,,VE010115,Libertador,,,,VE0101,Distrito Capital,,,,VE01,Venezuela (República Bolivariana de),,,,VE,2021/02/23,,7.61041906,v01,es,,,,Venezuela (Bolivarian Republic of),San Bernandino,10.53176661,-66.89874842,0.69,II-III,0.0,0,0,0.0
VE010115,Caracas,San Bernandino,,,,VE010115,Libertador,,,,VE0101,Distrito Capital,,,,VE01,Venezuela (República Bolivariana de),,,,VE,2021/02/23,,7.61041906,v01,es,,,,Venezuela (Bolivarian Republic of),San Bernandino,10.53176661,-66.89874842,0.69,IV,0.0,0,0,0.0
VE010115,Caracas,San Bernandino,,,,VE010115,Libertador,,,,VE0101,Distrito Capital,,,,VE01,Venezuela (República Bolivariana de),,,,VE,2021/02/23,,7.61041906,v01,es,,,,Venezuela (Bolivarian Republic of),San Bernandino,10.53176661,-66.89874842,0.69,V,0.0,0,0,0.0
VE010115,Caracas,San Bernandino,,,,VE010115,Libertador,,,,VE0101,Distrito Capital,,,,VE01,Venezuela (República Bolivariana de),,,,VE,2021/02/23,,7.61041906,v01,es,,,,Venezuela (Bolivarian Republic of),San Bernandino,10.53176661,-66.89874842,0.69,VI,0.0,0,0,0.0
VE010115,Caracas,San Bernandino,,,,VE010115,Libertador,,,,VE0101,Distrito Capital,,,,VE01,Venezuela (República Bolivariana de),,,,VE,2021/02/23,,7.61041906,v01,es,,,,Venezuela (Bolivarian Republic of),San Bernandino,10.53176661,-66.89874842,0.69,VII,0.0,0,0,0.0
VE010115,Caracas,San Bernandino,,,,VE010115,Libertador,,,,VE0101,Distrito Capital,,,,VE01,Venezuela (República Bolivariana de),,,,VE,2021/02/23,,7.61041906,v01,es,,,,Venezuela (Bolivarian Republic of),San Bernandino,10.53176661,-66.89874842,0.69,VIII,7.658,3106,2482,21291.0
VE010115,Caracas,San Bernandino,,,,VE010115,Libertador,,,,VE0101,Distrito Capital,,,,VE01,Venezuela (República Bolivariana de),,,,VE,2021/02/23,,7.61041906,v01,es,,,,Venezuela (Bolivarian Republic of),San Bernandino,10.53176661,-66.89874842,0.69,IX,0.0,0,0,0.0
VE010115,Caracas,San Bernandino,,,,VE010115,Libertador,,,,VE0101,Distrito Capital,,,,VE01,Venezuela (República Bolivariana de),,,,VE,2021/02/23,,7.61041906,v01,es,,,,Venezuela (Bolivarian Republic of),San Bernandino,10.53176661,-66.89874842,0.69,X+,0.0,0,0,0.0
VE010116,Caracas,San José,,,,VE010116,Libertador,,,,VE0101,Distrito Capital,,,,VE01,Venezuela (República Bolivariana de),,,,VE,2021/02/23,,2.4127559,v01,es,,,,Venezuela (Bolivarian Republic of),San Jose,10.53193052,-66.90899264,0.37,I,0.0,0,0,0.0
VE010116,Caracas,San José,,,,VE010116,Libertador,,,,VE0101,Distrito Capital,,,,VE01,Venezuela (República Bolivariana de),,,,VE,2021/02/23,,2.4127559,v01,es,,,,Venezuela (Bolivarian Republic of),San Jose,10.53193052,-66.90899264,0.37,II-III,0.0,0,0,0.0
VE010116,Caracas,San José,,,,VE010116,Libertador,,,,VE0101,Distrito Capital,,,,VE01,Venezuela (República Bolivariana de),,,,VE,2021/02/23,,2.4127559,v01,es,,,,Venezuela (Bolivarian Republic of),San Jose,10.53193052,-66.90899264,0.37,IV,0.0,0,0,0.0
VE010116,Caracas,San José,,,,VE010116,Libertador,,,,VE0101,Distrito Capital,,,,VE01,Venezuela (República Bolivariana de),,,,VE,2021/02/23,,2.4127559,v01,es,,,,Venezuela (Bolivarian Republic of),San Jose,10.53193052,-66.90899264,0.37,V,0.0,0,0,0.0
VE010116,Caracas,San José,,,,VE010116,Libertador,,,,VE0101,Distrito Capital,,,,VE01,Venezuela (República Bolivariana de),,,,VE,2021/02/23,,2.4127559,v01,es,,,,Venezuela (Bolivarian Republic of),San Jose,10.53193052,-66.90899264,0.37,VI,0.0,0,0,0.0
VE010116,Caracas,San José,,,,VE010116,Libertador,,,,VE0101,Distrito Capital,,,,VE01,Venezuela (República Bolivariana de),,,,VE,2021/02/23,,2.4127559,v01,es,,,,Venezuela (Bolivarian Republic of),San Jose,10.53193052,-66.90899264,0.37,VII,0.0,0,0,0.0
VE010116,Caracas,San José,,,,VE010116,Libertador,,,,VE0101,Distrito Capital,,,,VE01,Venezuela (República Bolivariana de),,,,VE,2021/02/23,,2.4127559,v01,es,,,,Venezuela (Bolivarian Republic of),San Jose,10.53193052,-66.90899264,0.37,VIII,2.428,3014,206,17162.0
VE010116,Caracas,San José,,,,VE010116,Libertador,,,,VE0101,Distrito Capital,,,,VE01,Venezuela (República Bolivariana de),,,,VE,2021/02/23,,2.4127559,v01,es,,,,Venezuela (Bolivarian Republic of),San Jose,10.53193052,-66.90899264,0.37,IX,0.0,0,0,0.0
VE010116,Caracas,San José,,,,VE010116,Libertador,,,,VE0101,Distrito Capital,,,,VE01,Venezuela (República Bolivariana de),,,,VE,2021/02/23,,2.4127559,v01,es,,,,Venezuela (Bolivarian Republic of),San Jose,10.53193052,-66.90899264,0.37,X+,0.0,0,0,0.0
VE010117,Caracas,San Juan,,,,VE010117,Libertador,,,,VE0101,Distrito Capital,,,,VE01,Venezuela (República Bolivariana de),,,,VE,2021/02/23,,3.21184248,v01,es,,,,Venezuela (Bolivarian Republic of),San Juan,10.4973285,-66.9317725,1.21,I,0.0,0,0,0.0
VE010117,Caracas,San Juan,,,,VE010117,Libertador,,,,VE0101,Distrito Capital,,,,VE01,Venezuela (República Bolivariana de),,,,VE,2021/02/23,,3.21184248,v01,es,,,,Venezuela (Bolivarian Republic of),San Juan,10.4973285,-66.9317725,1.21,II-III,0.0,0,0,0.0
VE010117,Caracas,San Juan,,,,VE010117,Libertador,,,,VE0101,Distrito Capital,,,,VE01,Venezuela (República Bolivariana de),,,,VE,2021/02/23,,3.21184248,v01,es,,,,Venezuela (Bolivarian Republic of),San Juan,10.4973285,-66.9317725,1.21,IV,0.0,0,0,0.0
VE010117,Caracas,San Juan,,,,VE010117,Libertador,,,,VE0101,Distrito Capital,,,,VE01,Venezuela (República Bolivariana de),,,,VE,2021/02/23,,3.21184248,v01,es,,,,Venezuela (Bolivarian Republic of),San Juan,10.4973285,-66.9317725,1.21,V,0.0,0,0,0.0
VE010117,Caracas,San Juan,,,,VE010117,Libertador,,,,VE0101,Distrito Capital,,,,VE01,Venezuela (República Bolivariana de),,,,VE,2021/02/23,,3.21184248,v01,es,,,,Venezuela (Bolivarian Republic of),San Juan,10.4973285,-66.9317725,1.21,VI,0.0,0,0,0.0
VE010117,Caracas,San Juan,,,,VE010117,Libertador,,,,VE0101,Distrito Capital,,,,VE01,Venezuela (República Bolivariana de),,,,VE,2021/02/23,,3.21184248,v01,es,,,,Venezuela (Bolivarian Republic of),San Juan,10.4973285,-66.9317725,1.21,VII,0.95,1417,36,12147.0
VE010117,Caracas,San Juan,,,,VE010117,Libertador,,,,VE0101,Distrito Capital,,,,VE01,Venezuela (República Bolivariana de),,,,VE,2021/02/23,,3.21184248,v01,es,,,,Venezuela (Bolivarian Republic of),San Juan,10.4973285,-66.9317725,1.21,VIII,2.282,5181,129,38655.0
VE010117,Caracas,San Juan,,,,VE010117,Libertador,,,,VE0101,Distrito Capital,,,,VE01,Venezuela (República Bolivariana de),,,,VE,2021/02/23,,3.21184248,v01,es,,,,Venezuela (Bolivarian Republic of),San Juan,10.4973285,-66.9317725,1.21,IX,0.0,0,0,0.0
VE010117,Caracas,San Juan,,,,VE010117,Libertador,,,,VE0101,Distrito Capital,,,,VE01,Venezuela (República Bolivariana de),,,,VE,2021/02/23,,3.21184248,v01,es,,,,Venezuela (Bolivarian Republic of),San Juan,10.4973285,-66.9317725,1.21,X+,0.0,0,0,0.0
VE010118,Caracas,San Pedro,,,,VE010118,Libertador,,,,VE0101,Distrito Capital,,,,VE01,Venezuela (República Bolivariana de),,,,VE,2021/02/23,,6.55567204,v01,es,,,,Venezuela (Bolivarian Republic of),San Pedro,10.48110062,-66.89322909,2.0,I,0.0,0,0,0.0
VE010118,Caracas,San Pedro,,,,VE010118,Libertador,,,,VE0101,Distrito Capital,,,,VE01,Venezuela (República Bolivariana de),,,,VE,2021/02/23,,6.55567204,v01,es,,,,Venezuela (Bolivarian Republic of),San Pedro,10.48110062,-66.89322909,2.0,II-III,0.0,0,0,0.0
VE010118,Caracas,San Pedro,,,,VE010118,Libertador,,,,VE0101,Distrito Capital,,,,VE01,Venezuela (República Bolivariana de),,,,VE,2021/02/23,,6.55567204,v01,es,,,,Venezuela (Bolivarian Republic of),San Pedro,10.48110062,-66.89322909,2.0,IV,0.0,0,0,0.0
VE010118,Caracas,San Pedro,,,,VE010118,Libertador,,,,VE0101,Distrito Capital,,,,VE01,Venezuela (República Bolivariana de),,,,VE,2021/02/23,,6.55567204,v01,es,,,,Venezuela (Bolivarian Republic of),San Pedro,10.48110062,-66.89322909,2.0,V,0.0,0,0,0.0
VE010118,Caracas,San Pedro,,,,VE010118,Libertador,,,,VE0101,Distrito Capital,,,,VE01,Venezuela (República Bolivariana de),,,,VE,2021/02/23,,6.55567204,v01,es,,,,Venezuela (Bolivarian Republic of),San Pedro,10.48110062,-66.89322909,2.0,VI,0.0,0,0,0.0
VE010118,Caracas,San Pedro,,,,VE010118,Libertador,,,,VE0101,Distrito Capital,,,,VE01,Venezuela (República Bolivariana de),,,,VE,2021/02/23,,6.55567204,v01,es,,,,Venezuela (Bolivarian Republic of),San Pedro,10.48110062,-66.89322909,2.0,VII,6.333,7083,589,57451.0
VE010118,Caracas,San Pedro,,,,VE010118,Libertador,,,,VE0101,Distrito Capital,,,,VE01,Venezuela (República Bolivariana de),,,,VE,2021/02/23,,6.55567204,v01,es,,,,Venezuela (Bolivarian Republic of),San Pedro,10.48110062,-66.89322909,2.0,VIII,0.264,23,1,226.0
VE010118,Caracas,San Pedro,,,,VE010118,Libertador,,,,VE0101,Distrito Capital,,,,VE01,Venezuela (República Bolivariana de),,,,VE,2021/02/23,,6.55567204,v01,es,,,,Venezuela (Bolivarian Republic of),San Pedro,10.48110062,-66.89322909,2.0,IX,0.0,0,0,0.0
VE010118,Caracas,San Pedro,,,,VE010118,Libertador,,,,VE0101,Distrito Capital,,,,VE01,Venezuela (República Bolivariana de),,,,VE,2021/02/23,,6.55567204,v01,es,,,,Venezuela (Bolivarian Republic of),San Pedro,10.48110062,-66.89322909,2.0,X+,0.0,0,0,0.0
VE010119,Caracas,Santa Rosalía,,,,VE010119,Libertador,,,,VE0101,Distrito Capital,,,,VE01,Venezuela (República Bolivariana de),,,,VE,2021/02/23,,6.21578897,v01,es,,,,Venezuela (Bolivarian Republic of),Santa Rosalia,10.483391,-66.91663839,1.57,I,0.0,0,0,0.0
VE010119,Caracas,Santa Rosalía,,,,VE010119,Libertador,,,,VE0101,Distrito Capital,,,,VE01,Venezuela (República Bolivariana de),,,,VE,2021/02/23,,6.21578897,v01,es,,,,Venezuela (Bolivarian Republic of),Santa Rosalia,10.483391,-66.91663839,1.57,II-III,0.0,0,0,0.0
VE010119,Caracas,Santa Rosalía,,,,VE010119,Libertador,,,,VE0101,Distrito Capital,,,,VE01,Venezuela (República Bolivariana de),,,,VE,2021/02/23,,6.21578897,v01,es,,,,Venezuela (Bolivarian Republic of),Santa Rosalia,10.483391,-66.91663839,1.57,IV,0.0,0,0,0.0
VE010119,Caracas,Santa Rosalía,,,,VE010119,Libertador,,,,VE0101,Distrito Capital,,,,VE01,Venezuela (República Bolivariana de),,,,VE,2021/02/23,,6.21578897,v01,es,,,,Venezuela (Bolivarian Republic of),Santa Rosalia,10.483391,-66.91663839,1.57,V,0.0,0,0,0.0
VE010119,Caracas,Santa Rosalía,,,,VE010119,Libertador,,,,VE0101,Distrito Capital,,,,VE01,Venezuela (República Bolivariana de),,,,VE,2021/02/23,,6.21578897,v01,es,,,,Venezuela (Bolivarian Republic of),Santa Rosalia,10.483391,-66.91663839,1.57,VI,0.0,0,0,0.0
VE010119,Caracas,Santa Rosalía,,,,VE010119,Libertador,,,,VE0101,Distrito Capital,,,,VE01,Venezuela (República Bolivariana de),,,,VE,2021/02/23,,6.21578897,v01,es,,,,Venezuela (Bolivarian Republic of),Santa Rosalia,10.483391,-66.91663839,1.57,VII,5.801,13048,78,76912.0
VE010119,Caracas,Santa Rosalía,,,,VE010119,Libertador,,,,VE0101,Distrito Capital,,,,VE01,Venezuela (República Bolivariana de),,,,VE,2021/02/23,,6.21578897,v01,es,,,,Venezuela (Bolivarian Republic of),Santa Rosalia,10.483391,-66.91663839,1.57,VIII,0.454,1346,26,7322.0
VE010119,Caracas,Santa Rosalía,,,,VE010119,Libertador,,,,VE0101,Distrito Capital,,,,VE01,Venezuela (República Bolivariana de),,,,VE,2021/02/23,,6.21578897,v01,es,,,,Venezuela (Bolivarian Republic of),Santa Rosalia,10.483391,-66.91663839,1.57,IX,0.0,0,0,0.0
VE010119,Caracas,Santa Rosalía,,,,VE010119,Libertador,,,,VE0101,Distrito Capital,,,,VE01,Venezuela (República Bolivariana de),,,,VE,2021/02/23,,6.21578897,v01,es,,,,Venezuela (Bolivarian Republic of),Santa Rosalia,10.483391,-66.91663839,1.57,X+,0.0,0,0,0.0
VE010120,Caracas,Santa Teresa,,,,VE010120,Libertador,,,,VE0101,Distrito Capital,,,,VE01,Venezuela (República Bolivariana de),,,,VE,2021/02/23,,0.66299781,v01,es,,,,Venezuela (Bolivarian Republic of),Santa Teresa,10.496518,-66.91705106,0.27,I,0.0,0,0,0.0
VE010120,Caracas,Santa Teresa,,,,VE010120,Libertador,,,,VE0101,Distrito Capital,,,,VE01,Venezuela (República Bolivariana de),,,,VE,2021/02/23,,0.66299781,v01,es,,,,Venezuela (Bolivarian Republic of),Santa Teresa,10.496518,-66.91705106,0.27,II-III,0.0,0,0,0.0
VE010120,Caracas,Santa Teresa,,,,VE010120,Libertador,,,,VE0101,Distrito Capital,,,,VE01,Venezuela (República Bolivariana de),,,,VE,2021/02/23,,0.66299781,v01,es,,,,Venezuela (Bolivarian Republic of),Santa Teresa,10.496518,-66.91705106,0.27,IV,0.0,0,0,0.0
VE010120,Caracas,Santa Teresa,,,,VE010120,Libertador,,,,VE0101,Distrito Capital,,,,VE01,Venezuela (República Bolivariana de),,,,VE,2021/02/23,,0.66299781,v01,es,,,,Venezuela (Bolivarian Republic of),Santa Teresa,10.496518,-66.91705106,0.27,V,0.0,0,0,0.0
VE010120,Caracas,Santa Teresa,,,,VE010120,Libertador,,,,VE0101,Distrito Capital,,,,VE01,Venezuela (República Bolivariana de),,,,VE,2021/02/23,,0.66299781,v01,es,,,,Venezuela (Bolivarian Republic of),Santa Teresa,10.496518,-66.91705106,0.27,VI,0.0,0,0,0.0
VE010120,Caracas,Santa Teresa,,,,VE010120,Libertador,,,,VE0101,Distrito Capital,,,,VE01,Venezuela (República Bolivariana de),,,,VE,2021/02/23,,0.66299781,v01,es,,,,Venezuela (Bolivarian Republic of),Santa Teresa,10.496518,-66.91705106,0.27,VII,0.073,65,8,388.0
VE010120,Caracas,Santa Teresa,,,,VE010120,Libertador,,,,VE0101,Distrito Capital,,,,VE01,Venezuela (República Bolivariana de),,,,VE,2021/02/23,,0.66299781,v01,es,,,,Venezuela (Bolivarian Republic of),Santa Teresa,10.496518,-66.91705106,0.27,VIII,0.595,1735,114,8676.0
VE010120,Caracas,Santa Teresa,,,,VE010120,Libertador,,,,VE0101,Distrito Capital,,,,VE01,Venezuela (República Bolivariana de),,,,VE,2021/02/23,,0.66299781,v01,es,,,,Venezuela (Bolivarian Republic of),Santa Teresa,10.496518,-66.91705106,0.27,IX,0.0,0,0,0.0
VE010120,Caracas,Santa Teresa,,,,VE010120,Libertador,,,,VE0101,Distrito Capital,,,,VE01,Venezuela (República Bolivariana de),,,,VE,2021/02/23,,0.66299781,v01,es,,,,Venezuela (Bolivarian Republic of),Santa Teresa,10.496518,-66.91705106,0.27,X+,0.0,0,0,0.0
VE010121,Caracas,Sucre,,,,VE010121,Libertador,,,,VE0101,Distrito Capital,,,,VE01,Venezuela (República Bolivariana de),,,,VE,2021/02/23,,50.70001361,v01,es,,,,Venezuela (Bolivarian Republic of),Sucre,10.5278695,-66.9656894,5.43,I,0.0,0,0,0.0
VE010121,Caracas,Sucre,,,,VE010121,Libertador,,,,VE0101,Distrito Capital,,,,VE01,Venezuela (República Bolivariana de),,,,VE,2021/02/23,,50.70001361,v01,es,,,,Venezuela (Bolivarian Republic of),Sucre,10.5278695,-66.9656894,5.43,II-III,0.0,0,0,0.0
VE010121,Caracas,Sucre,,,,VE010121,Libertador,,,,VE0101,Distrito Capital,,,,VE01,Venezuela (República Bolivariana de),,,,VE,2021/02/23,,50.70001361,v01,es,,,,Venezuela (Bolivarian Republic of),Sucre,10.5278695,-66.9656894,5.43,IV,0.0,0,0,0.0
VE010121,Caracas,Sucre,,,,VE010121,Libertador,,,,VE0101,Distrito Capital,,,,VE01,Venezuela (República Bolivariana de),,,,VE,2021/02/23,,50.70001361,v01,es,,,,Venezuela (Bolivarian Republic of),Sucre,10.5278695,-66.9656894,5.43,V,0.0,0,0,0.0
VE010121,Caracas,Sucre,,,,VE010121,Libertador,,,,VE0101,Distrito Capital,,,,VE01,Venezuela (República Bolivariana de),,,,VE,2021/02/23,,50.70001361,v01,es,,,,Venezuela (Bolivarian Republic of),Sucre,10.5278695,-66.9656894,5.43,VI,0.0,0,0,0.0
VE010121,Caracas,Sucre,,,,VE010121,Libertador,,,,VE0101,Distrito Capital,,,,VE01,Venezuela (República Bolivariana de),,,,VE,2021/02/23,,50.70001361,v01,es,,,,Venezuela (Bolivarian Republic of),Sucre,10.5278695,-66.9656894,5.43,VII,13.066,18101,296,110599.0
VE010121,Caracas,Sucre,,,,VE010121,Libertador,,,,VE0101,Distrito Capital,,,,VE01,Venezuela (República Bolivariana de),,,,VE,2021/02/23,,50.70001361,v01,es,,,,Venezuela (Bolivarian Republic of),Sucre,10.5278695,-66.9656894,5.43,VIII,37.954,21294,2871,139086.0
VE010121,Caracas,Sucre,,,,VE010121,Libertador,,,,VE0101,Distrito Capital,,,,VE01,Venezuela (República Bolivariana de),,,,VE,2021/02/23,,50.70001361,v01,es,,,,Venezuela (Bolivarian Republic of),Sucre,10.5278695,-66.9656894,5.43,IX,0.0,0,0,0.0
VE010121,Caracas,Sucre,,,,VE010121,Libertador,,,,VE0101,Distrito Capital,,,,VE01,Venezuela (República Bolivariana de),,,,VE,2021/02/23,,50.70001361,v01,es,,,,Venezuela (Bolivarian Republic of),Sucre,10.5278695,-66.9656894,5.43,X+,0.0,0,0,0.0
VE010122,Caracas,23 de Enero,,,,VE010122,Libertador,,,,VE0101,Distrito Capital,,,,VE01,Venezuela (República Bolivariana de),,,,VE,2021/02/23,,2.24878105,v01,es,,,,Venezuela (Bolivarian Republic of),23 de Enero,10.506788,-66.93119152,0.79,I,0.0,0,0,0.0
VE010122,Caracas,23 de Enero,,,,VE010122,Libertador,,,,VE0101,Distrito Capital,,,,VE01,Venezuela (República Bolivariana de),,,,VE,2021/02/23,,2.24878105,v01,es,,,,Venezuela (Bolivarian Republic of),23 de Enero,10.506788,-66.93119152,0.79,II-III,0.0,0,0,0.0
VE010122,Caracas,23 de Enero,,,,VE010122,Libertador,,,,VE0101,Distrito Capital,,,,VE01,Venezuela (República Bolivariana de),,,,VE,2021/02/23,,2.24878105,v01,es,,,,Venezuela (Bolivarian Republic of),23 de Enero,10.506788,-66.93119152,0.79,IV,0.0,0,0,0.0
VE010122,Caracas,23 de Enero,,,,VE010122,Libertador,,,,VE0101,Distrito Capital,,,,VE01,Venezuela (República Bolivariana de),,,,VE,2021/02/23,,2.24878105,v01,es,,,,Venezuela (Bolivarian Republic of),23 de Enero,10.506788,-66.93119152,0.79,V,0.0,0,0,0.0
VE010122,Caracas,23 de Enero,,,,VE010122,Libertador,,,,VE0101,Distrito Capital,,,,VE01,Venezuela (República Bolivariana de),,,,VE,2021/02/23,,2.24878105,v01,es,,,,Venezuela (Bolivarian Republic of),23 de Enero,10.506788,-66.93119152,0.79,VI,0.0,0,0,0.0
VE010122,Caracas,23 de Enero,,,,VE010122,Libertador,,,,VE0101,Distrito Capital,,,,VE01,Venezuela (República Bolivariana de),,,,VE,2021/02/23,,2.24878105,v01,es,,,,Venezuela (Bolivarian Republic of),23 de Enero,10.506788,-66.93119152,0.79,VII,0.045,87,6,515.0
VE010122,Caracas,23 de Enero,,,,VE010122,Libertador,,,,VE0101,Distrito Capital,,,,VE01,Venezuela (República Bolivariana de),,,,VE,2021/02/23,,2.24878105,v01,es,,,,Venezuela (Bolivarian Republic of),23 de Enero,10.506788,-66.93119152,0.79,VIII,2.218,3090,178,27468.0
VE010122,Caracas,23 de Enero,,,,VE010122,Libertador,,,,VE0101,Distrito Capital,,,,VE01,Venezuela (República Bolivariana de),,,,VE,2021/02/23,,2.24878105,v01,es,,,,Venezuela (Bolivarian Republic of),23 de Enero,10.506788,-66.93119152,0.79,IX,0.0,0,0,0.0
VE010122,Caracas,23 de Enero,,,,VE010122,Libertador,,,,VE0101,Distrito Capital,,,,VE01,Venezuela (República Bolivariana de),,,,VE,2021/02/23,,2.24878105,v01,es,,,,Venezuela (Bolivarian Republic of),23 de Enero,10.506788,-66.93119152,0.79,X+,0.0,0,0,0.0
VE080501,Moron,Urbana Morón,,,,VE080501,Juan José Mora,,,,VE0805,Carabobo,,,,VE08,Venezuela (República Bolivariana de),,,,VE,2021/02/23,,316.41761415,v01,es,,,,Venezuela (Bolivarian Republic of),Urbana Moron,10.439713,-68.22007201,4.63,I,0.0,0,0,0.0
VE080501,Moron,Urbana Morón,,,,VE080501,Juan José Mora,,,,VE0805,Carabobo,,,,VE08,Venezuela (República Bolivariana de),,,,VE,2021/02/23,,316.41761415,v01,es,,,,Venezuela (Bolivarian Republic of),Urbana Moron,10.439713,-68.22007201,4.63,II-III,0.0,0,0,0.0
VE080501,Moron,Urbana Morón,,,,VE080501,Juan José Mora,,,,VE0805,Carabobo,,,,VE08,Venezuela (República Bolivariana de),,,,VE,2021/02/23,,316.41761415,v01,es,,,,Venezuela (Bolivarian Republic of),Urbana Moron,10.439713,-68.22007201,4.63,IV,0.0,0,0,0.0
VE080501,Moron,Urbana Morón,,,,VE080501,Juan José Mora,,,,VE0805,Carabobo,,,,VE08,Venezuela (República Bolivariana de),,,,VE,2021/02/23,,316.41761415,v01,es,,,,Venezuela (Bolivarian Republic of),Urbana Moron,10.439713,-68.22007201,4.63,V,0.0,0,0,0.0
VE080501,Moron,Urbana Morón,,,,VE080501,Juan José Mora,,,,VE0805,Carabobo,,,,VE08,Venezuela (República Bolivariana de),,,,VE,2021/02/23,,316.41761415,v01,es,,,,Venezuela (Bolivarian Republic of),Urbana Moron,10.439713,-68.22007201,4.63,VI,0.0,0,0,0.0
VE080501,Moron,Urbana Morón,,,,VE080501,Juan José Mora,,,,VE0805,Carabobo,,,,VE08,Venezuela (República Bolivariana de),,,,VE,2021/02/23,,316.41761415,v01,es,,,,Venezuela (Bolivarian Republic of),Urbana Moron,10.439713,-68.22007201,4.63,VII,95.229,7,0,5.0
VE080501,Moron,Urbana Morón,,,,VE080501,Juan José Mora,,,,VE0805,Carabobo,,,,VE08,Venezuela (República Bolivariana de),,,,VE,2021/02/23,,316.41761415,v01,es,,,,Venezuela (Bolivarian Republic of),Urbana Moron,10.439713,-68.22007201,4.63,VIII,139.413,4813,2491,8691.0
VE080501,Moron,Urbana Morón,,,,VE080501,Juan José Mora,,,,VE0805,Carabobo,,,,VE08,Venezuela (República Bolivariana de),,,,VE,2021/02/23,,316.41761415,v01,es,,,,Venezuela (Bolivarian Republic of),Urbana Moron,10.439713,-68.22007201,4.63,IX,83.75,17518,15201,49074.0
VE080501,Moron,Urbana Morón,,,,VE080501,Juan José Mora,,,,VE0805,Carabobo,,,,VE08,Venezuela (República Bolivariana de),,,,VE,2021/02/23,,316.41761415,v01,es,,,,Venezuela (Bolivarian Republic of),Urbana Moron,10.439713,-68.22007201,4.63,X+,0.0,0,0,0.0
VE150301,Caracas,Nuestra Señora del Rosario de Baruta,,,,VE150301,Baruta,,,,VE1503,Miranda,,,,VE15,Venezuela (República Bolivariana de),,,,VE,2021/02/23,,80.85138044,v01,es,,,,Venezuela (Bolivarian Republic of),Nuestra Senora del Rosario de Baruta,10.4157765,-66.87300327,8.1,I,0.0,0,0,0.0
VE150301,Caracas,Nuestra Señora del Rosario de Baruta,,,,VE150301,Baruta,,,,VE1503,Miranda,,,,VE15,Venezuela (República Bolivariana de),,,,VE,2021/02/23,,80.85138044,v01,es,,,,Venezuela (Bolivarian Republic of),Nuestra Senora del Rosario de Baruta,10.4157765,-66.87300327,8.1,II-III,0.0,0,0,0.0
VE150301,Caracas,Nuestra Señora del Rosario de Baruta,,,,VE150301,Baruta,,,,VE1503,Miranda,,,,VE15,Venezuela (República Bolivariana de),,,,VE,2021/02/23,,80.85138044,v01,es,,,,Venezuela (Bolivarian Republic of),Nuestra Senora del Rosario de Baruta,10.4157765,-66.87300327,8.1,IV,0.0,0,0,0.0
VE150301,Caracas,Nuestra Señora del Rosario de Baruta,,,,VE150301,Baruta,,,,VE1503,Miranda,,,,VE15,Venezuela (República Bolivariana de),,,,VE,2021/02/23,,80.85138044,v01,es,,,,Venezuela (Bolivarian Republic of),Nuestra Senora del Rosario de Baruta,10.4157765,-66.87300327,8.1,V,0.0,0,0,0.0
VE150301,Caracas,Nuestra Señora del Rosario de Baruta,,,,VE150301,Baruta,,,,VE1503,Miranda,,,,VE15,Venezuela (República Bolivariana de),,,,VE,2021/02/23,,80.85138044,v01,es,,,,Venezuela (Bolivarian Republic of),Nuestra Senora del Rosario de Baruta,10.4157765,-66.87300327,8.1,VI,39.488,7184,119,28775.0
VE150301,Caracas,Nuestra Señora del Rosario de Baruta,,,,VE150301,Baruta,,,,VE1503,Miranda,,,,VE15,Venezuela (República Bolivariana de),,,,VE,2021/02/23,,80.85138044,v01,es,,,,Venezuela (Bolivarian Republic of),Nuestra Senora del Rosario de Baruta,10.4157765,-66.87300327,8.1,VII,41.872,28766,3974,201607.0
VE150301,Caracas,Nuestra Señora del Rosario de Baruta,,,,VE150301,Baruta,,,,VE1503,Miranda,,,,VE15,Venezuela (República Bolivariana de),,,,VE,2021/02/23,,80.85138044,v01,es,,,,Venezuela (Bolivarian Republic of),Nuestra Senora del Rosario de Baruta,10.4157765,-66.87300327,8.1,VIII,0.0,0,0,0.0
VE150301,Caracas,Nuestra Señora del Rosario de Baruta,,,,VE150301,Baruta,,,,VE1503,Miranda,,,,VE15,Venezuela (República Bolivariana de),,,,VE,2021/02/23,,80.85138044,v01,es,,,,Venezuela (Bolivarian Republic of),Nuestra Senora del Rosario de Baruta,10.4157765,-66.87300327,8.1,IX,0.0,0,0,0.0
VE150301,Caracas,Nuestra Señora del Rosario de Baruta,,,,VE150301,Baruta,,,,VE1503,Miranda,,,,VE15,Venezuela (República Bolivariana de),,,,VE,2021/02/23,,80.85138044,v01,es,,,,Venezuela (Bolivarian Republic of),Nuestra Senora del Rosario de Baruta,10.4157765,-66.87300327,8.1,X+,0.0,0,0,0.0
VE150303,Caracas,Las Minas de Baruta,,,,VE150303,Baruta,,,,VE1503,Miranda,,,,VE15,Venezuela (República Bolivariana de),,,,VE,2021/02/23,,4.36348258,v01,es,,,,Venezuela (Bolivarian Republic of),Las Minas de Baruta,10.461111,-66.85937374,1.0,I,0.0,0,0,0.0
VE150303,Caracas,Las Minas de Baruta,,,,VE150303,Baruta,,,,VE1503,Miranda,,,,VE15,Venezuela (República Bolivariana de),,,,VE,2021/02/23,,4.36348258,v01,es,,,,Venezuela (Bolivarian Republic of),Las Minas de Baruta,10.461111,-66.85937374,1.0,II-III,0.0,0,0,0.0
VE150303,Caracas,Las Minas de Baruta,,,,VE150303,Baruta,,,,VE1503,Miranda,,,,VE15,Venezuela (República Bolivariana de),,,,VE,2021/02/23,,4.36348258,v01,es,,,,Venezuela (Bolivarian Republic of),Las Minas de Baruta,10.461111,-66.85937374,1.0,IV,0.0,0,0,0.0
VE150303,Caracas,Las Minas de Baruta,,,,VE150303,Baruta,,,,VE1503,Miranda,,,,VE15,Venezuela (República Bolivariana de),,,,VE,2021/02/23,,4.36348258,v01,es,,,,Venezuela (Bolivarian Republic of),Las Minas de Baruta,10.461111,-66.85937374,1.0,V,0.0,0,0,0.0
VE150303,Caracas,Las Minas de Baruta,,,,VE150303,Baruta,,,,VE1503,Miranda,,,,VE15,Venezuela (República Bolivariana de),,,,VE,2021/02/23,,4.36348258,v01,es,,,,Venezuela (Bolivarian Republic of),Las Minas de Baruta,10.461111,-66.85937374,1.0,VI,0.0,0,0,0.0
VE150303,Caracas,Las Minas de Baruta,,,,VE150303,Baruta,,,,VE1503,Miranda,,,,VE15,Venezuela (República Bolivariana de),,,,VE,2021/02/23,,4.36348258,v01,es,,,,Venezuela (Bolivarian Republic of),Las Minas de Baruta,10.461111,-66.85937374,1.0,VII,4.391,4098,378,26796.0
VE150303,Caracas,Las Minas de Baruta,,,,VE150303,Baruta,,,,VE1503,Miranda,,,,VE15,Venezuela (República Bolivariana de),,,,VE,2021/02/23,,4.36348258,v01,es,,,,Venezuela (Bolivarian Republic of),Las Minas de Baruta,10.461111,-66.85937374,1.0,VIII,0.0,0,0,0.0
VE150303,Caracas,Las Minas de Baruta,,,,VE150303,Baruta,,,,VE1503,Miranda,,,,VE15,Venezuela (República Bolivariana de),,,,VE,2021/02/23,,4.36348258,v01,es,,,,Venezuela (Bolivarian Republic of),Las Minas de Baruta,10.461111,-66.85937374,1.0,IX,0.0,0,0,0.0
VE150303,Caracas,Las Minas de Baruta,,,,VE150303,Baruta,,,,VE1503,Miranda,,,,VE15,Venezuela (República Bolivariana de),,,,VE,2021/02/23,,4.36348258,v01,es,,,,Venezuela (Bolivarian Republic of),Las Minas de Baruta,10.461111,-66.85937374,1.0,X+,0.0,0,0,0.0
VE150701,Caracas,Chacao,,,,VE150701,Chacao,,,,VE1507,Miranda,,,,VE15,Venezuela (República Bolivariana de),,,,VE,2021/02/23,,19.34472955,v01,es,,,,Venezuela (Bolivarian Republic of),Chacao,10.516405,-66.85111069,3.01,I,0.0,0,0,0.0
VE150701,Caracas,Chacao,,,,VE150701,Chacao,,,,VE1507,Miranda,,,,VE15,Venezuela (República Bolivariana de),,,,VE,2021/02/23,,19.34472955,v01,es,,,,Venezuela (Bolivarian Republic of),Chacao,10.516405,-66.85111069,3.01,II-III,0.0,0,0,0.0
VE150701,Caracas,Chacao,,,,VE150701,Chacao,,,,VE1507,Miranda,,,,VE15,Venezuela (República Bolivariana de),,,,VE,2021/02/23,,19.34472955,v01,es,,,,Venezuela (Bolivarian Republic of),Chacao,10.516405,-66.85111069,3.01,IV,0.0,0,0,0.0
VE150701,Caracas,Chacao,,,,VE150701,Chacao,,,,VE1507,Miranda,,,,VE15,Venezuela (República Bolivariana de),,,,VE,2021/02/23,,19.34472955,v01,es,,,,Venezuela (Bolivarian Republic of),Chacao,10.516405,-66.85111069,3.01,V,0.0,0,0,0.0
VE150701,Caracas,Chacao,,,,VE150701,Chacao,,,,VE1507,Miranda,,,,VE15,Venezuela (República Bolivariana de),,,,VE,2021/02/23,,19.34472955,v01,es,,,,Venezuela (Bolivarian Republic of),Chacao,10.516405,-66.85111069,3.01,VI,0.0,0,0,0.0
VE150701,Caracas,Chacao,,,,VE150701,Chacao,,,,VE1507,Miranda,,,,VE15,Venezuela (República Bolivariana de),,,,VE,2021/02/23,,19.34472955,v01,es,,,,Venezuela (Bolivarian Republic of),Chacao,10.516405,-66.85111069,3.01,VII,13.043,9588,1757,71963.0
VE150701,Caracas,Chacao,,,,VE150701,Chacao,,,,VE1507,Miranda,,,,VE15,Venezuela (República Bolivariana de),,,,VE,2021/02/23,,19.34472955,v01,es,,,,Venezuela (Bolivarian Republic of),Chacao,10.516405,-66.85111069,3.01,VIII,6.423,1,0,28.0
VE150701,Caracas,Chacao,,,,VE150701,Chacao,,,,VE1507,Miranda,,,,VE15,Venezuela (República Bolivariana de),,,,VE,2021/02/23,,19.34472955,v01,es,,,,Venezuela (Bolivarian Republic of),Chacao,10.516405,-66.85111069,3.01,IX,0.0,0,0,0.0
VE150701,Caracas,Chacao,,,,VE150701,Chacao,,,,VE1507,Miranda,,,,VE15,Venezuela (República Bolivariana de),,,,VE,2021/02/23,,19.34472955,v01,es,,,,Venezuela (Bolivarian Republic of),Chacao,10.516405,-66.85111069,3.01,X+,0.0,0,0,0.0
VE151301,Caracas,San Antonio de los Altos,,,,VE151301,Los Salías,,,,VE1513,Miranda,,,,VE15,Venezuela (República Bolivariana de),,,,VE,2021/02/23,,57.3234601,v01,es,,,,Venezuela (Bolivarian Republic of),San Antonio de los Altos,10.3848485,-66.95892837,3.66,I,0.0,0,0,0.0
VE151301,Caracas,San Antonio de los Altos,,,,VE151301,Los Salías,,,,VE1513,Miranda,,,,VE15,Venezuela (República Bolivariana de),,,,VE,2021/02/23,,57.3234601,v01,es,,,,Venezuela (Bolivarian Republic of),San Antonio de los Altos,10.3848485,-66.95892837,3.66,II-III,0.0,0,0,0.0
VE151301,Caracas,San Antonio de los Altos,,,,VE151301,Los Salías,,,,VE1513,Miranda,,,,VE15,Venezuela (República Bolivariana de),,,,VE,2021/02/23,,57.3234601,v01,es,,,,Venezuela (Bolivarian Republic of),San Antonio de los Altos,10.3848485,-66.95892837,3.66,IV,0.0,0,0,0.0
VE151301,Caracas,San Antonio de los Altos,,,,VE151301,Los Salías,,,,VE1513,Miranda,,,,VE15,Venezuela (República Bolivariana de),,,,VE,2021/02/23,,57.3234601,v01,es,,,,Venezuela (Bolivarian Republic of),San Antonio de los Altos,10.3848485,-66.95892837,3.66,V,0.0,0,0,0.0
VE151301,Caracas,San Antonio de los Altos,,,,VE151301,Los Salías,,,,VE1513,Miranda,,,,VE15,Venezuela (República Bolivariana de),,,,VE,2021/02/23,,57.3234601,v01,es,,,,Venezuela (Bolivarian Republic of),San Antonio de los Altos,10.3848485,-66.95892837,3.66,VI,57.647,15644,541,92740.0
VE151301,Caracas,San Antonio de los Altos,,,,VE151301,Los Salías,,,,VE1513,Miranda,,,,VE15,Venezuela (República Bolivariana de),,,,VE,2021/02/23,,57.3234601,v01,es,,,,Venezuela (Bolivarian Republic of),San Antonio de los Altos,10.3848485,-66.95892837,3.66,VII,0.038,3,0,2.0
VE151301,Caracas,San Antonio de los Altos,,,,VE151301,Los Salías,,,,VE1513,Miranda,,,,VE15,Venezuela (República Bolivariana de),,,,VE,2021/02/23,,57.3234601,v01,es,,,,Venezuela (Bolivarian Republic of),San Antonio de los Altos,10.3848485,-66.95892837,3.66,VIII,0.0,0,0,0.0
VE151301,Caracas,San Antonio de los Altos,,,,VE151301,Los Salías,,,,VE1513,Miranda,,,,VE15,Venezuela (República Bolivariana de),,,,VE,2021/02/23,,57.3234601,v01,es,,,,Venezuela (Bolivarian Republic of),San Antonio de los Altos,10.3848485,-66.95892837,3.66,IX,0.0,0,0,0.0
VE151301,Caracas,San Antonio de los Altos,,,,VE151301,Los Salías,,,,VE1513,Miranda,,,,VE15,Venezuela (República Bolivariana de),,,,VE,2021/02/23,,57.3234601,v01,es,,,,Venezuela (Bolivarian Republic of),San Antonio de los Altos,10.3848485,-66.95892837,3.66,X+,0.0,0,0,0.0
VE220101,San Felipe,Arístides Bastidas,,,,VE220101,Arístides Bastidas,,,,VE2201,Yaracuy,,,,VE22,Venezuela (República Bolivariana de),,,,VE,2021/02/23,,64.12467442,v01,es,,,,Venezuela (Bolivarian Republic of),Aristides Bastidas,10.255794,-68.86161871,0.84,I,0.0,0,0,0.0
VE220101,San Felipe,Arístides Bastidas,,,,VE220101,Arístides Bastidas,,,,VE2201,Yaracuy,,,,VE22,Venezuela (República Bolivariana de),,,,VE,2021/02/23,,64.12467442,v01,es,,,,Venezuela (Bolivarian Republic of),Aristides Bastidas,10.255794,-68.86161871,0.84,II-III,0.0,0,0,0.0
VE220101,San Felipe,Arístides Bastidas,,,,VE220101,Arístides Bastidas,,,,VE2201,Yaracuy,,,,VE22,Venezuela (República Bolivariana de),,,,VE,2021/02/23,,64.12467442,v01,es,,,,Venezuela (Bolivarian Republic of),Aristides Bastidas,10.255794,-68.86161871,0.84,IV,0.0,0,0,0.0
VE220101,San Felipe,Arístides Bastidas,,,,VE220101,Arístides Bastidas,,,,VE2201,Yaracuy,,,,VE22,Venezuela (República Bolivariana de),,,,VE,2021/02/23,,64.12467442,v01,es,,,,Venezuela (Bolivarian Republic of),Aristides Bastidas,10.255794,-68.86161871,0.84,V,0.0,0,0,0.0
VE220101,San Felipe,Arístides Bastidas,,,,VE220101,Arístides Bastidas,,,,VE2201,Yaracuy,,,,VE22,Venezuela (República Bolivariana de),,,,VE,2021/02/23,,64.12467442,v01,es,,,,Venezuela (Bolivarian Republic of),Aristides Bastidas,10.255794,-68.86161871,0.84,VI,19.569,734,0,515.0
VE220101,San Felipe,Arístides Bastidas,,,,VE220101,Arístides Bastidas,,,,VE2201,Yaracuy,,,,VE22,Venezuela (República Bolivariana de),,,,VE,2021/02/23,,64.12467442,v01,es,,,,Venezuela (Bolivarian Republic of),Aristides Bastidas,10.255794,-68.86161871,0.84,VII,44.962,8471,0,11226.0
VE220101,San Felipe,Arístides Bastidas,,,,VE220101,Arístides Bastidas,,,,VE2201,Yaracuy,,,,VE22,Venezuela (República Bolivariana de),,,,VE,2021/02/23,,64.12467442,v01,es,,,,Venezuela (Bolivarian Republic of),Aristides Bastidas,10.255794,-68.86161871,0.84,VIII,0.0,0,0,0.0
VE220101,San Felipe,Arístides Bastidas,,,,VE220101,Arístides Bastidas,,,,VE2201,Yaracuy,,,,VE22,Venezuela (República Bolivariana de),,,,VE,2021/02/23,,64.12467442,v01,es,,,,Venezuela (Bolivarian Republic of),Aristides Bastidas,10.255794,-68.86161871,0.84,IX,0.0,0,0,0.0
VE220101,San Felipe,Arístides Bastidas,,,,VE220101,Arístides Bastidas,,,,VE2201,Yaracuy,,,,VE22,Venezuela (República Bolivariana de),,,,VE,2021/02/23,,64.12467442,v01,es,,,,Venezuela (Bolivarian Republic of),Aristides Bastidas,10.255794,-68.86161871,0.84,X+,0.0,0,0,0.0
VE220401,San Felipe,Cocorote,,,,VE220401,Cocorote,,,,VE2204,Yaracuy,,,,VE22,Venezuela (República Bolivariana de),,,,VE,2021/02/23,,86.88822145,v01,es,,,,Venezuela (Bolivarian Republic of),Cocorote,10.2958905,-68.78378455,1.68,I,0.0,0,0,0.0
VE220401,San Felipe,Cocorote,,,,VE220401,Cocorote,,,,VE2204,Yaracuy,,,,VE22,Venezuela (República Bolivariana de),,,,VE,2021/02/23,,86.88822145,v01,es,,,,Venezuela (Bolivarian Republic of),Cocorote,10.2958905,-68.78378455,1.68,II-III,0.0,0,0,0.0
VE220401,San Felipe,Cocorote,,,,VE220401,Cocorote,,,,VE2204,Yaracuy,,,,VE22,Venezuela (República Bolivariana de),,,,VE,2021/02/23,,86.88822145,v01,es,,,,Venezuela (Bolivarian Republic of),Cocorote,10.2958905,-68.78378455,1.68,IV,0.0,0,0,0.0
VE220401,San Felipe,Cocorote,,,,VE220401,Cocorote,,,,VE2204,Yaracuy,,,,VE22,Venezuela (República Bolivariana de),,,,VE,2021/02/23,,86.88822145,v01,es,,,,Venezuela (Bolivarian Republic of),Cocorote,10.2958905,-68.78378455,1.68,V,0.0,0,0,0.0
VE220401,San Felipe,Cocorote,,,,VE220401,Cocorote,,,,VE2204,Yaracuy,,,,VE22,Venezuela (República Bolivariana de),,,,VE,2021/02/23,,86.88822145,v01,es,,,,Venezuela (Bolivarian Republic of),Cocorote,10.2958905,-68.78378455,1.68,VI,3.198,62,0,51.0
VE220401,San Felipe,Cocorote,,,,VE220401,Cocorote,,,,VE2204,Yaracuy,,,,VE22,Venezuela (República Bolivariana de),,,,VE,2021/02/23,,86.88822145,v01,es,,,,Venezuela (Bolivarian Republic of),Cocorote,10.2958905,-68.78378455,1.68,VII,84.24,13664,7081,28255.0
VE220401,San Felipe,Cocorote,,,,VE220401,Cocorote,,,,VE2204,Yaracuy,,,,VE22,Venezuela (República Bolivariana de),,,,VE,2021/02/23,,86.88822145,v01,es,,,,Venezuela (Bolivarian Republic of),Cocorote,10.2958905,-68.78378455,1.68,VIII,0.0,0,0,0.0
VE220401,San Felipe,Cocorote,,,,VE220401,Cocorote,,,,VE2204,Yaracuy,,,,VE22,Venezuela (República Bolivariana de),,,,VE,2021/02/23,,86.88822145,v01,es,,,,Venezuela (Bolivarian Republic of),Cocorote,10.2958905,-68.78378455,1.68,IX,0.0,0,0,0.0
VE220401,San Felipe,Cocorote,,,,VE220401,Cocorote,,,,VE2204,Yaracuy,,,,VE22,Venezuela (República Bolivariana de),,,,VE,2021/02/23,,86.88822145,v01,es,,,,Venezuela (Bolivarian Republic of),Cocorote,10.2958905,-68.78378455,1.68,X+,0.0,0,0,0.0
VE220501,San Felipe,Independencia,,,,VE220501,Independencia,,,,VE2205,Yaracuy,,,,VE22,Venezuela (República Bolivariana de),,,,VE,2021/02/23,,84.96095605,v01,es,,,,Venezuela (Bolivarian Republic of),Independencia,10.312383,-68.73241902,3.15,I,0.0,0,0,0.0
VE220501,San Felipe,Independencia,,,,VE220501,Independencia,,,,VE2205,Yaracuy,,,,VE22,Venezuela (República Bolivariana de),,,,VE,2021/02/23,,84.96095605,v01,es,,,,Venezuela (Bolivarian Republic of),Independencia,10.312383,-68.73241902,3.15,II-III,0.0,0,0,0.0
VE220501,San Felipe,Independencia,,,,VE220501,Independencia,,,,VE2205,Yaracuy,,,,VE22,Venezuela (República Bolivariana de),,,,VE,2021/02/23,,84.96095605,v01,es,,,,Venezuela (Bolivarian Republic of),Independencia,10.312383,-68.73241902,3.15,IV,0.0,0,0,0.0
VE220501,San Felipe,Independencia,,,,VE220501,Independencia,,,,VE2205,Yaracuy,,,,VE22,Venezuela (República Bolivariana de),,,,VE,2021/02/23,,84.96095605,v01,es,,,,Venezuela (Bolivarian Republic of),Independencia,10.312383,-68.73241902,3.15,V,0.0,0,0,0.0
VE220501,San Felipe,Independencia,,,,VE220501,Independencia,,,,VE2205,Yaracuy,,,,VE22,Venezuela (República Bolivariana de),,,,VE,2021/02/23,,84.96095605,v01,es,,,,Venezuela (Bolivarian Republic of),Independencia,10.312383,-68.73241902,3.15,VI,2.881,17,0,16.0
VE220501,San Felipe,Independencia,,,,VE220501,Independencia,,,,VE2205,Yaracuy,,,,VE22,Venezuela (República Bolivariana de),,,,VE,2021/02/23,,84.96095605,v01,es,,,,Venezuela (Bolivarian Republic of),Independencia,10.312383,-68.73241902,3.15,VII,45.32,7004,4465,17968.0
VE220501,San Felipe,Independencia,,,,VE220501,Independencia,,,,VE2205,Yaracuy,,,,VE22,Venezuela (República Bolivariana de),,,,VE,2021/02/23,,84.96095605,v01,es,,,,Venezuela (Bolivarian Republic of),Independencia,10.312383,-68.73241902,3.15,VIII,37.294,14804,8175,39067.0
VE220501,San Felipe,Independencia,,,,VE220501,Independencia,,,,VE2205,Yaracuy,,,,VE22,Venezuela (República Bolivariana de),,,,VE,2021/02/23,,84.96095605,v01,es,,,,Venezuela (Bolivarian Republic of),Independencia,10.312383,-68.73241902,3.15,IX,0.0,0,0,0.0
VE220501,San Felipe,Independencia,,,,VE220501,Independencia,,,,VE2205,Yaracuy,,,,VE22,Venezuela (República Bolivariana de),,,,VE,2021/02/23,,84.96095605,v01,es,,,,Venezuela (Bolivarian Republic of),Independencia,10.312383,-68.73241902,3.15,X+,0.0,0,0,0.0
VE220701,San Felipe,La Trinidad,,,,VE220701,La Trinidad,,,,VE2207,Yaracuy,,,,VE22,Venezuela (República Bolivariana de),,,,VE,2021/02/23,,44.60525998,v01,es,,,,Venezuela (Bolivarian Republic of),La Trinidad,10.2347455,-68.74555551,0.86,I,0.0,0,0,0.0
VE220701,San Felipe,La Trinidad,,,,VE220701,La Trinidad,,,,VE2207,Yaracuy,,,,VE22,Venezuela (República Bolivariana de),,,,VE,2021/02/23,,44.60525998,v01,es,,,,Venezuela (Bolivarian Republic of),La Trinidad,10.2347455,-68.74555551,0.86,II-III,0.0,0,0,0.0
VE220701,San Felipe,La Trinidad,,,,VE220701,La Trinidad,,,,VE2207,Yaracuy,,,,VE22,Venezuela (República Bolivariana de),,,,VE,2021/02/23,,44.60525998,v01,es,,,,Venezuela (Bolivarian Republic of),La Trinidad,10.2347455,-68.74555551,0.86,IV,0.0,0,0,0.0
VE220701,San Felipe,La Trinidad,,,,VE220701,La Trinidad,,,,VE2207,Yaracuy,,,,VE22,Venezuela (República Bolivariana de),,,,VE,2021/02/23,,44.60525998,v01,es,,,,Venezuela (Bolivarian Republic of),La Trinidad,10.2347455,-68.74555551,0.86,V,0.0,0,0,0.0
VE220701,San Felipe,La Trinidad,,,,VE220701,La Trinidad,,,,VE2207,Yaracuy,,,,VE22,Venezuela (República Bolivariana de),,,,VE,2021/02/23,,44.60525998,v01,es,,,,Venezuela (Bolivarian Republic of),La Trinidad,10.2347455,-68.74555551,0.86,VI,8.278,93,0,63.0
VE220701,San Felipe,La Trinidad,,,,VE220701,La Trinidad,,,,VE2207,Yaracuy,,,,VE22,Venezuela (República Bolivariana de),,,,VE,2021/02/23,,44.60525998,v01,es,,,,Venezuela (Bolivarian Republic of),La Trinidad,10.2347455,-68.74555551,0.86,VII,36.61,7856,5,12388.0
VE220701,San Felipe,La Trinidad,,,,VE220701,La Trinidad,,,,VE2207,Yaracuy,,,,VE22,Venezuela (República Bolivariana de),,,,VE,2021/02/23,,44.60525998,v01,es,,,,Venezuela (Bolivarian Republic of),La Trinidad,10.2347455,-68.74555551,0.86,VIII,0.0,0,0,0.0
VE220701,San Felipe,La Trinidad,,,,VE220701,La Trinidad,,,,VE2207,Yaracuy,,,,VE22,Venezuela (República Bolivariana de),,,,VE,2021/02/23,,44.60525998,v01,es,,,,Venezuela (Bolivarian Republic of),La Trinidad,10.2347455,-68.74555551,0.86,IX,0.0,0,0,0.0
VE220701,San Felipe,La Trinidad,,,,VE220701,La Trinidad,,,,VE2207,Yaracuy,,,,VE22,Venezuela (República Bolivariana de),,,,VE,2021/02/23,,44.60525998,v01,es,,,,Venezuela (Bolivarian Republic of),La Trinidad,10.2347455,-68.74555551,0.86,X+,0.0,0,0,0.0
VE220801,San Felipe,Manuel Monge,,,,VE220801,Manuel Monge,,,,VE2208,Yaracuy,,,,VE22,Venezuela (República Bolivariana de),,,,VE,2021/02/23,,411.14101812,v01,es,,,,Venezuela (Bolivarian Republic of),Manuel Monge,10.61329365,-68.74726916,0.62,I,0.0,0,0,0.0
VE220801,San Felipe,Manuel Monge,,,,VE220801,Manuel Monge,,,,VE2208,Yaracuy,,,,VE22,Venezuela (República Bolivariana de),,,,VE,2021/02/23,,411.14101812,v01,es,,,,Venezuela (Bolivarian Republic of),Manuel Monge,10.61329365,-68.74726916,0.62,II-III,0.0,0,0,0.0
VE220801,San Felipe,Manuel Monge,,,,VE220801,Manuel Monge,,,,VE2208,Yaracuy,,,,VE22,Venezuela (República Bolivariana de),,,,VE,2021/02/23,,411.14101812,v01,es,,,,Venezuela (Bolivarian Republic of),Manuel Monge,10.61329365,-68.74726916,0.62,IV,0.0,0,0,0.0
VE220801,San Felipe,Manuel Monge,,,,VE220801,Manuel Monge,,,,VE2208,Yaracuy,,,,VE22,Venezuela (República Bolivariana de),,,,VE,2021/02/23,,411.14101812,v01,es,,,,Venezuela (Bolivarian Republic of),Manuel Monge,10.61329365,-68.74726916,0.62,V,0.0,0,0,0.0
VE220801,San Felipe,Manuel Monge,,,,VE220801,Manuel Monge,,,,VE2208,Yaracuy,,,,VE22,Venezuela (República Bolivariana de),,,,VE,2021/02/23,,411.14101812,v01,es,,,,Venezuela (Bolivarian Republic of),Manuel Monge,10.61329365,-68.74726916,0.62,VI,11.661,32,0,20.0
VE220801,San Felipe,Manuel Monge,,,,VE220801,Manuel Monge,,,,VE2208,Yaracuy,,,,VE22,Venezuela (República Bolivariana de),,,,VE,2021/02/23,,411.14101812,v01,es,,,,Venezuela (Bolivarian Republic of),Manuel Monge,10.61329365,-68.74726916,0.62,VII,273.703,3982,0,3935.0
VE220801,San Felipe,Manuel Monge,,,,VE220801,Manuel Monge,,,,VE2208,Yaracuy,,,,VE22,Venezuela (República Bolivariana de),,,,VE,2021/02/23,,411.14101812,v01,es,,,,Venezuela (Bolivarian Republic of),Manuel Monge,10.61329365,-68.74726916,0.62,VIII,128.414,3071,5,4341.0
VE220801,San Felipe,Manuel Monge,,,,VE220801,Manuel Monge,,,,VE2208,Yaracuy,,,,VE22,Venezuela (República Bolivariana de),,,,VE,2021/02/23,,411.14101812,v01,es,,,,Venezuela (Bolivarian Republic of),Manuel Monge,10.61329365,-68.74726916,0.62,IX,0.0,0,0,0.0
VE220801,San Felipe,Manuel Monge,,,,VE220801,Manuel Monge,,,,VE2208,Yaracuy,,,,VE22,Venezuela (República Bolivariana de),,,,VE,2021/02/23,,411.14101812,v01,es,,,,Venezuela (Bolivarian Republic of),Manuel Monge,10.61329365,-68.74726916,0.62,X+,0.0,0,0,0.0
VE221101,San Felipe,Capital San Felipe,,,,VE221101,San Felipe,,,,VE2211,Yaracuy,,,,VE22,Venezuela (República Bolivariana de),,,,VE,2021/02/23,,57.56651425,v01,es,,,,Venezuela (Bolivarian Republic of),Capital San Felipe,10.3560095,-68.73172943,2.95,I,0.0,0,0,0.0
VE221101,San Felipe,Capital San Felipe,,,,VE221101,San Felipe,,,,VE2211,Yaracuy,,,,VE22,Venezuela (República Bolivariana de),,,,VE,2021/02/23,,57.56651425,v01,es,,,,Venezuela (Bolivarian Republic of),Capital San Felipe,10.3560095,-68.73172943,2.95,II-III,0.0,0,0,0.0
VE221101,San Felipe,Capital San Felipe,,,,VE221101,San Felipe,,,,VE2211,Yaracuy,,,,VE22,Venezuela (República Bolivariana de),,,,VE,2021/02/23,,57.56651425,v01,es,,,,Venezuela (Bolivarian Republic of),Capital San Felipe,10.3560095,-68.73172943,2.95,IV,0.0,0,0,0.0
VE221101,San Felipe,Capital San Felipe,,,,VE221101,San Felipe,,,,VE2211,Yaracuy,,,,VE22,Venezuela (República Bolivariana de),,,,VE,2021/02/23,,57.56651425,v01,es,,,,Venezuela (Bolivarian Republic of),Capital San Felipe,10.3560095,-68.73172943,2.95,V,0.0,0,0,0.0
VE221101,San Felipe,Capital San Felipe,,,,VE221101,San Felipe,,,,VE2211,Yaracuy,,,,VE22,Venezuela (República Bolivariana de),,,,VE,2021/02/23,,57.56651425,v01,es,,,,Venezuela (Bolivarian Republic of),Capital San Felipe,10.3560095,-68.73172943,2.95,VI,0.0,0,0,0.0
VE221101,San Felipe,Capital San Felipe,,,,VE221101,San Felipe,,,,VE2211,Yaracuy,,,,VE22,Venezuela (República Bolivariana de),,,,VE,2021/02/23,,57.56651425,v01,es,,,,Venezuela (Bolivarian Republic of),Capital San Felipe,10.3560095,-68.73172943,2.95,VII,21.589,647,539,1730.0
VE221101,San Felipe,Capital San Felipe,,,,VE221101,San Felipe,,,,VE2211,Yaracuy,,,,VE22,Venezuela (República Bolivariana de),,,,VE,2021/02/23,,57.56651425,v01,es,,,,Venezuela (Bolivarian Republic of),Capital San Felipe,10.3560095,-68.73172943,2.95,VIII,36.341,19508,17277,50903.0
VE221101,San Felipe,Capital San Felipe,,,,VE221101,San Felipe,,,,VE2211,Yaracuy,,,,VE22,Venezuela (República Bolivariana de),,,,VE,2021/02/23,,57.56651425,v01,es,,,,Venezuela (Bolivarian Republic of),Capital San Felipe,10.3560095,-68.73172943,2.95,IX,0.0,0,0,0.0
VE221101,San Felipe,Capital San Felipe,,,,VE221101,San Felipe,,,,VE2211,Yaracuy,,,,VE22,Venezuela (República Bolivariana de),,,,VE,2021/02/23,,57.56651425,v01,es,,,,Venezuela (Bolivarian Republic of),Capital San Felipe,10.3560095,-68.73172943,2.95,X+,0.0,0,0,0.0
VE221102,San Felipe,Albarico,,,,VE221102,San Felipe,,,,VE2211,Yaracuy,,,,VE22,Venezuela (República Bolivariana de),,,,VE,2021/02/23,,224.98423964,v01,es,,,,Venezuela (Bolivarian Republic of),Albarico,10.487514,-68.65936521,1.26,I,0.0,0,0,0.0
VE221102,San Felipe,Albarico,,,,VE221102,San Felipe,,,,VE2211,Yaracuy,,,,VE22,Venezuela (República Bolivariana de),,,,VE,2021/02/23,,224.98423964,v01,es,,,,Venezuela (Bolivarian Republic of),Albarico,10.487514,-68.65936521,1.26,II-III,0.0,0,0,0.0
VE221102,San Felipe,Albarico,,,,VE221102,San Felipe,,,,VE2211,Yaracuy,,,,VE22,Venezuela (República Bolivariana de),,,,VE,2021/02/23,,224.98423964,v01,es,,,,Venezuela (Bolivarian Republic of),Albarico,10.487514,-68.65936521,1.26,IV,0.0,0,0,0.0
VE221102,San Felipe,Albarico,,,,VE221102,San Felipe,,,,VE2211,Yaracuy,,,,VE22,Venezuela (República Bolivariana de),,,,VE,2021/02/23,,224.98423964,v01,es,,,,Venezuela (Bolivarian Republic of),Albarico,10.487514,-68.65936521,1.26,V,0.0,0,0,0.0
VE221102,San Felipe,Albarico,,,,VE221102,San Felipe,,,,VE2211,Yaracuy,,,,VE22,Venezuela (República Bolivariana de),,,,VE,2021/02/23,,224.98423964,v01,es,,,,Venezuela (Bolivarian Republic of),Albarico,10.487514,-68.65936521,1.26,VI,0.0,0,0,0.0
VE221102,San Felipe,Albarico,,,,VE221102,San Felipe,,,,VE2211,Yaracuy,,,,VE22,Venezuela (República Bolivariana de),,,,VE,2021/02/23,,224.98423964,v01,es,,,,Venezuela (Bolivarian Republic of),Albarico,10.487514,-68.65936521,1.26,VII,6.667,1,0,1.0
VE221102,San Felipe,Albarico,,,,VE221102,San Felipe,,,,VE2211,Yaracuy,,,,VE22,Venezuela (República Bolivariana de),,,,VE,2021/02/23,,224.98423964,v01,es,,,,Venezuela (Bolivarian Republic of),Albarico,10.487514,-68.65936521,1.26,VIII,200.207,11489,8809,21813.0
VE221102,San Felipe,Albarico,,,,VE221102,San Felipe,,,,VE2211,Yaracuy,,,,VE22,Venezuela (República Bolivariana de),,,,VE,2021/02/23,,224.98423964,v01,es,,,,Venezuela (Bolivarian Republic of),Albarico,10.487514,-68.65936521,1.26,IX,19.52,192,29,395.0
VE221102,San Felipe,Albarico,,,,VE221102,San Felipe,,,,VE2211,Yaracuy,,,,VE22,Venezuela (República Bolivariana de),,,,VE,2021/02/23,,224.98423964,v01,es,,,,Venezuela (Bolivarian Republic of),Albarico,10.487514,-68.65936521,1.26,X+,0.0,0,0,0.0
VE221103,San Felipe,San Javier,,,,VE221103,San Felipe,,,,VE2211,Yaracuy,,,,VE22,Venezuela (República Bolivariana de),,,,VE,2021/02/23,,115.62041045,v01,es,,,,Venezuela (Bolivarian Republic of),San Javier,10.3022055,-68.65268789,0.79,I,0.0,0,0,0.0
VE221103,San Felipe,San Javier,,,,VE221103,San Felipe,,,,VE2211,Yaracuy,,,,VE22,Venezuela (República Bolivariana de),,,,VE,2021/02/23,,115.62041045,v01,es,,,,Venezuela (Bolivarian Republic of),San Javier,10.3022055,-68.65268789,0.79,II-III,0.0,0,0,0.0
VE221103,San Felipe,San Javier,,,,VE221103,San Felipe,,,,VE2211,Yaracuy,,,,VE22,Venezuela (República Bolivariana de),,,,VE,2021/02/23,,115.62041045,v01,es,,,,Venezuela (Bolivarian Republic of),San Javier,10.3022055,-68.65268789,0.79,IV,0.0,0,0,0.0
VE221103,San Felipe,San Javier,,,,VE221103,San Felipe,,,,VE2211,Yaracuy,,,,VE22,Venezuela (República Bolivariana de),,,,VE,2021/02/23,,115.62041045,v01,es,,,,Venezuela (Bolivarian Republic of),San Javier,10.3022055,-68.65268789,0.79,V,0.0,0,0,0.0
VE221103,San Felipe,San Javier,,,,VE221103,San Felipe,,,,VE2211,Yaracuy,,,,VE22,Venezuela (República Bolivariana de),,,,VE,2021/02/23,,115.62041045,v01,es,,,,Venezuela (Bolivarian Republic of),San Javier,10.3022055,-68.65268789,0.79,VI,16.246,18,0,10.0
VE221103,San Felipe,San Javier,,,,VE221103,San Felipe,,,,VE2211,Yaracuy,,,,VE22,Venezuela (República Bolivariana de),,,,VE,2021/02/23,,115.62041045,v01,es,,,,Venezuela (Bolivarian Republic of),San Javier,10.3022055,-68.65268789,0.79,VII,38.506,267,7,207.0
VE221103,San Felipe,San Javier,,,,VE221103,San Felipe,,,,VE2211,Yaracuy,,,,VE22,Venezuela (República Bolivariana de),,,,VE,2021/02/23,,115.62041045,v01,es,,,,Venezuela (Bolivarian Republic of),San Javier,10.3022055,-68.65268789,0.79,VIII,61.601,5058,3366,10347.0
VE221103,San Felipe,San Javier,,,,VE221103,San Felipe,,,,VE2211,Yaracuy,,,,VE22,Venezuela (República Bolivariana de),,,,VE,2021/02/23,,115.62041045,v01,es,,,,Venezuela (Bolivarian Republic of),San Javier,10.3022055,-68.65268789,0.79,IX,0.0,0,0,0.0
VE221103,San Felipe,San Javier,,,,VE221103,San Felipe,,,,VE2211,Yaracuy,,,,VE22,Venezuela (República Bolivariana de),,,,VE,2021/02/23,,115.62041045,v01,es,,,,Venezuela (Bolivarian Republic of),San Javier,10.3022055,-68.65268789,0.79,X+,0.0,0,0,0.0
VE221201,San Felipe,Sucre,,,,VE221201,Sucre,,,,VE2212,Yaracuy,,,,VE22,Venezuela (República Bolivariana de),,,,VE,2021/02/23,,142.49510054,v01,es,,,,Venezuela (Bolivarian Republic of),Sucre,10.254912,-68.81862092,1.01,I,0.0,0,0,0.0
VE221201,San Felipe,Sucre,,,,VE221201,Sucre,,,,VE2212,Yaracuy,,,,VE22,Venezuela (República Bolivariana de),,,,VE,2021/02/23,,142.49510054,v01,es,,,,Venezuela (Bolivarian Republic of),Sucre,10.254912,-68.81862092,1.01,II-III,0.0,0,0,0.0
VE221201,San Felipe,Sucre,,,,VE221201,Sucre,,,,VE2212,Yaracuy,,,,VE22,Venezuela (República Bolivariana de),,,,VE,2021/02/23,,142.49510054,v01,es,,,,Venezuela (Bolivarian Republic of),Sucre,10.254912,-68.81862092,1.01,IV,0.0,0,0,0.0
VE221201,San Felipe,Sucre,,,,VE221201,Sucre,,,,VE2212,Yaracuy,,,,VE22,Venezuela (República Bolivariana de),,,,VE,2021/02/23,,142.49510054,v01,es,,,,Venezuela (Bolivarian Republic of),Sucre,10.254912,-68.81862092,1.01,V,0.0,0,0,0.0
VE221201,San Felipe,Sucre,,,,VE221201,Sucre,,,,VE2212,Yaracuy,,,,VE22,Venezuela (República Bolivariana de),,,,VE,2021/02/23,,142.49510054,v01,es,,,,Venezuela (Bolivarian Republic of),Sucre,10.254912,-68.81862092,1.01,VI,28.721,284,0,326.0
VE221201,San Felipe,Sucre,,,,VE221201,Sucre,,,,VE2212,Yaracuy,,,,VE22,Venezuela (República Bolivariana de),,,,VE,2021/02/23,,142.49510054,v01,es,,,,Venezuela (Bolivarian Republic of),Sucre,10.254912,-68.81862092,1.01,VII,114.673,9723,0,14076.0
VE221201,San Felipe,Sucre,,,,VE221201,Sucre,,,,VE2212,Yaracuy,,,,VE22,Venezuela (República Bolivariana de),,,,VE,2021/02/23,,142.49510054,v01,es,,,,Venezuela (Bolivarian Republic of),Sucre,10.254912,-68.81862092,1.01,VIII,0.0,0,0,0.0
VE221201,San Felipe,Sucre,,,,VE221201,Sucre,,,,VE2212,Yaracuy,,,,VE22,Venezuela (República Bolivariana de),,,,VE,2021/02/23,,142.49510054,v01,es,,,,Venezuela (Bolivarian Republic of),Sucre,10.254912,-68.81862092,1.01,IX,0.0,0,0,0.0
VE221201,San Felipe,Sucre,,,,VE221201,Sucre,,,,VE2212,Yaracuy,,,,VE22,Venezuela (República Bolivariana de),,,,VE,2021/02/23,,142.49510054,v01,es,,,,Venezuela (Bolivarian Republic of),Sucre,10.254912,-68.81862092,1.01,X+,0.0,0,0,0.0
VE221401,San Felipe,Capital Veroes,,,,VE221401,Veroes,,,,VE2214,Yaracuy,,,,VE22,Venezuela (República Bolivariana de),,,,VE,2021/02/23,,394.95610298,v01,es,,,,Venezuela (Bolivarian Republic of),Capital Veroes,10.500152,-68.54916419,0.72,I,0.0,0,0,0.0
VE221401,San Felipe,Capital Veroes,,,,VE221401,Veroes,,,,VE2214,Yaracuy,,,,VE22,Venezuela (República Bolivariana de),,,,VE,2021/02/23,,394.95610298,v01,es,,,,Venezuela (Bolivarian Republic of),Capital Veroes,10.500152,-68.54916419,0.72,II-III,0.0,0,0,0.0
VE221401,San Felipe,Capital Veroes,,,,VE221401,Veroes,,,,VE2214,Yaracuy,,,,VE22,Venezuela (República Bolivariana de),,,,VE,2021/02/23,,394.95610298,v01,es,,,,Venezuela (Bolivarian Republic of),Capital Veroes,10.500152,-68.54916419,0.72,IV,0.0,0,0,0.0
VE221401,San Felipe,Capital Veroes,,,,VE221401,Veroes,,,,VE2214,Yaracuy,,,,VE22,Venezuela (República Bolivariana de),,,,VE,2021/02/23,,394.95610298,v01,es,,,,Venezuela (Bolivarian Republic of),Capital Veroes,10.500152,-68.54916419,0.72,V,0.0,0,0,0.0
VE221401,San Felipe,Capital Veroes,,,,VE221401,Veroes,,,,VE2214,Yaracuy,,,,VE22,Venezuela (República Bolivariana de),,,,VE,2021/02/23,,394.95610298,v01,es,,,,Venezuela (Bolivarian Republic of),Capital Veroes,10.500152,-68.54916419,0.72,VI,0.0,0,0,0.0
VE221401,San Felipe,Capital Veroes,,,,VE221401,Veroes,,,,VE2214,Yaracuy,,,,VE22,Venezuela (República Bolivariana de),,,,VE,2021/02/23,,394.95610298,v01,es,,,,Venezuela (Bolivarian Republic of),Capital Veroes,10.500152,-68.54916419,0.72,VII,9.792,2,0,3.0
VE221401,San Felipe,Capital Veroes,,,,VE221401,Veroes,,,,VE2214,Yaracuy,,,,VE22,Venezuela (República Bolivariana de),,,,VE,2021/02/23,,394.95610298,v01,es,,,,Venezuela (Bolivarian Republic of),Capital Veroes,10.500152,-68.54916419,0.72,VIII,247.109,1780,0,2106.0
VE221401,San Felipe,Capital Veroes,,,,VE221401,Veroes,,,,VE2214,Yaracuy,,,,VE22,Venezuela (República Bolivariana de),,,,VE,2021/02/23,,394.95610298,v01,es,,,,Venezuela (Bolivarian Republic of),Capital Veroes,10.500152,-68.54916419,0.72,IX,140.589,4157,450,7239.0
VE221401,San Felipe,Capital Veroes,,,,VE221401,Veroes,,,,VE2214,Yaracuy,,,,VE22,Venezuela (República Bolivariana de),,,,VE,2021/02/23,,394.95610298,v01,es,,,,Venezuela (Bolivarian Republic of),Capital Veroes,10.500152,-68.54916419,0.72,X+,0.0,0,0,0.0
VE221402,San Felipe,El Guayabo,,,,VE221402,Veroes,,,,VE2214,Yaracuy,,,,VE22,Venezuela (República Bolivariana de),,,,VE,2021/02/23,,573.36032415,v01,es,,,,Venezuela (Bolivarian Republic of),El Guayabo,10.37065888,-68.5143455,0.68,I,0.0,0,0,0.0
VE221402,San Felipe,El Guayabo,,,,VE221402,Veroes,,,,VE2214,Yaracuy,,,,VE22,Venezuela (República Bolivariana de),,,,VE,2021/02/23,,573.36032415,v01,es,,,,Venezuela (Bolivarian Republic of),El Guayabo,10.37065888,-68.5143455,0.68,II-III,0.0,0,0,0.0
VE221402,San Felipe,El Guayabo,,,,VE221402,Veroes,,,,VE2214,Yaracuy,,,,VE22,Venezuela (República Bolivariana de),,,,VE,2021/02/23,,573.36032415,v01,es,,,,Venezuela (Bolivarian Republic of),El Guayabo,10.37065888,-68.5143455,0.68,IV,0.0,0,0,0.0
VE221402,San Felipe,El Guayabo,,,,VE221402,Veroes,,,,VE2214,Yaracuy,,,,VE22,Venezuela (República Bolivariana de),,,,VE,2021/02/23,,573.36032415,v01,es,,,,Venezuela (Bolivarian Republic of),El Guayabo,10.37065888,-68.5143455,0.68,V,0.0,0,0,0.0
VE221402,San Felipe,El Guayabo,,,,VE221402,Veroes,,,,VE2214,Yaracuy,,,,VE22,Venezuela (República Bolivariana de),,,,VE,2021/02/23,,573.36032415,v01,es,,,,Venezuela (Bolivarian Republic of),El Guayabo,10.37065888,-68.5143455,0.68,VI,31.097,44,0,6.0
VE221402,San Felipe,El Guayabo,,,,VE221402,Veroes,,,,VE2214,Yaracuy,,,,VE22,Venezuela (República Bolivariana de),,,,VE,2021/02/23,,573.36032415,v01,es,,,,Venezuela (Bolivarian Republic of),El Guayabo,10.37065888,-68.5143455,0.68,VII,158.276,397,0,173.0
VE221402,San Felipe,El Guayabo,,,,VE221402,Veroes,,,,VE2214,Yaracuy,,,,VE22,Venezuela (República Bolivariana de),,,,VE,2021/02/23,,573.36032415,v01,es,,,,Venezuela (Bolivarian Republic of),El Guayabo,10.37065888,-68.5143455,0.68,VIII,241.182,3199,1,2694.0
VE221402,San Felipe,El Guayabo,,,,VE221402,Veroes,,,,VE2214,Yaracuy,,,,VE22,Venezuela (República Bolivariana de),,,,VE,2021/02/23,,573.36032415,v01,es,,,,Venezuela (Bolivarian Republic of),El Guayabo,10.37065888,-68.5143455,0.68,IX,146.417,5020,13,5113.0
VE221402,San Felipe,El Guayabo,,,,VE221402,Veroes,,,,VE2214,Yaracuy,,,,VE22,Venezuela (República Bolivariana de),,,,VE,2021/02/23,,573.36032415,v01,es,,,,Venezuela (Bolivarian Republic of),El Guayabo,10.37065888,-68.5143455,0.68,X+,0.0,0,0,0.0
VE240101,caraballeda,Caraballeda,,,,VE240101,Vargas,,,,VE2401,La Guaira,,,,VE24,Venezuela (República Bolivariana de),,,,VE,2021/02/23,,66.23536386,v01,es,,,,Venezuela (Bolivarian Republic of),Caraballeda,10.5799045,-66.82506624,2.18,I,0.0,0,0,0.0
VE240101,caraballeda,Caraballeda,,,,VE240101,Vargas,,,,VE2401,La Guaira,,,,VE24,Venezuela (República Bolivariana de),,,,VE,2021/02/23,,66.23536386,v01,es,,,,Venezuela (Bolivarian Republic of),Caraballeda,10.5799045,-66.82506624,2.18,II-III,0.0,0,0,0.0
VE240101,caraballeda,Caraballeda,,,,VE240101,Vargas,,,,VE2401,La Guaira,,,,VE24,Venezuela (República Bolivariana de),,,,VE,2021/02/23,,66.23536386,v01,es,,,,Venezuela (Bolivarian Republic of),Caraballeda,10.5799045,-66.82506624,2.18,IV,0.0,0,0,0.0
VE240101,caraballeda,Caraballeda,,,,VE240101,Vargas,,,,VE2401,La Guaira,,,,VE24,Venezuela (República Bolivariana de),,,,VE,2021/02/23,,66.23536386,v01,es,,,,Venezuela (Bolivarian Republic of),Caraballeda,10.5799045,-66.82506624,2.18,V,0.0,0,0,0.0
VE240101,caraballeda,Caraballeda,,,,VE240101,Vargas,,,,VE2401,La Guaira,,,,VE24,Venezuela (República Bolivariana de),,,,VE,2021/02/23,,66.23536386,v01,es,,,,Venezuela (Bolivarian Republic of),Caraballeda,10.5799045,-66.82506624,2.18,VI,0.0,0,0,0.0
VE240101,caraballeda,Caraballeda,,,,VE240101,Vargas,,,,VE2401,La Guaira,,,,VE24,Venezuela (República Bolivariana de),,,,VE,2021/02/23,,66.23536386,v01,es,,,,Venezuela (Bolivarian Republic of),Caraballeda,10.5799045,-66.82506624,2.18,VII,0.0,0,0,0.0
VE240101,caraballeda,Caraballeda,,,,VE240101,Vargas,,,,VE2401,La Guaira,,,,VE24,Venezuela (República Bolivariana de),,,,VE,2021/02/23,,66.23536386,v01,es,,,,Venezuela (Bolivarian Republic of),Caraballeda,10.5799045,-66.82506624,2.18,VIII,59.146,676,647,2170.0
VE240101,caraballeda,Caraballeda,,,,VE240101,Vargas,,,,VE2401,La Guaira,,,,VE24,Venezuela (República Bolivariana de),,,,VE,2021/02/23,,66.23536386,v01,es,,,,Venezuela (Bolivarian Republic of),Caraballeda,10.5799045,-66.82506624,2.18,IX,7.506,10455,7618,40022.0
VE240101,caraballeda,Caraballeda,,,,VE240101,Vargas,,,,VE2401,La Guaira,,,,VE24,Venezuela (República Bolivariana de),,,,VE,2021/02/23,,66.23536386,v01,es,,,,Venezuela (Bolivarian Republic of),Caraballeda,10.5799045,-66.82506624,2.18,X+,0.0,0,0,0.0
VE240104,catia_la_mar,Catia la Mar,,,,VE240104,Vargas,,,,VE2401,La Guaira,,,,VE24,Venezuela (República Bolivariana de),,,,VE,2021/02/23,,40.74114323,v01,es,,,,Venezuela (Bolivarian Republic of),Catia la Mar,10.578645,-67.05331721,2.97,I,0.0,0,0,0.0
VE240104,catia_la_mar,Catia la Mar,,,,VE240104,Vargas,,,,VE2401,La Guaira,,,,VE24,Venezuela (República Bolivariana de),,,,VE,2021/02/23,,40.74114323,v01,es,,,,Venezuela (Bolivarian Republic of),Catia la Mar,10.578645,-67.05331721,2.97,II-III,0.0,0,0,0.0
VE240104,catia_la_mar,Catia la Mar,,,,VE240104,Vargas,,,,VE2401,La Guaira,,,,VE24,Venezuela (República Bolivariana de),,,,VE,2021/02/23,,40.74114323,v01,es,,,,Venezuela (Bolivarian Republic of),Catia la Mar,10.578645,-67.05331721,2.97,IV,0.0,0,0,0.0
VE240104,catia_la_mar,Catia la Mar,,,,VE240104,Vargas,,,,VE2401,La Guaira,,,,VE24,Venezuela (República Bolivariana de),,,,VE,2021/02/23,,40.74114323,v01,es,,,,Venezuela (Bolivarian Republic of),Catia la Mar,10.578645,-67.05331721,2.97,V,0.0,0,0,0.0
VE240104,catia_la_mar,Catia la Mar,,,,VE240104,Vargas,,,,VE2401,La Guaira,,,,VE24,Venezuela (República Bolivariana de),,,,VE,2021/02/23,,40.74114323,v01,es,,,,Venezuela (Bolivarian Republic of),Catia la Mar,10.578645,-67.05331721,2.97,VI,0.0,0,0,0.0
VE240104,catia_la_mar,Catia la Mar,,,,VE240104,Vargas,,,,VE2401,La Guaira,,,,VE24,Venezuela (República Bolivariana de),,,,VE,2021/02/23,,40.74114323,v01,es,,,,Venezuela (Bolivarian Republic of),Catia la Mar,10.578645,-67.05331721,2.97,VII,0.0,0,0,0.0
VE240104,catia_la_mar,Catia la Mar,,,,VE240104,Vargas,,,,VE2401,La Guaira,,,,VE24,Venezuela (República Bolivariana de),,,,VE,2021/02/23,,40.74114323,v01,es,,,,Venezuela (Bolivarian Republic of),Catia la Mar,10.578645,-67.05331721,2.97,VIII,36.172,14958,13260,61304.0
VE240104,catia_la_mar,Catia la Mar,,,,VE240104,Vargas,,,,VE2401,La Guaira,,,,VE24,Venezuela (República Bolivariana de),,,,VE,2021/02/23,,40.74114323,v01,es,,,,Venezuela (Bolivarian Republic of),Catia la Mar,10.578645,-67.05331721,2.97,IX,4.825,8093,6915,45900.0
VE240104,catia_la_mar,Catia la Mar,,,,VE240104,Vargas,,,,VE2401,La Guaira,,,,VE24,Venezuela (República Bolivariana de),,,,VE,2021/02/23,,40.74114323,v01,es,,,,Venezuela (Bolivarian Republic of),Catia la Mar,10.578645,-67.05331721,2.97,X+,0.0,0,0,0.0
VE240106,la_guaira,La Guaira,,,,VE240106,Vargas,,,,VE2401,La Guaira,,,,VE24,Venezuela (República Bolivariana de),,,,VE,2021/02/23,,11.58897699,v01,es,,,,Venezuela (Bolivarian Republic of),La Guaira,10.5842865,-66.92512897,0.58,I,0.0,0,0,0.0
VE240106,la_guaira,La Guaira,,,,VE240106,Vargas,,,,VE2401,La Guaira,,,,VE24,Venezuela (República Bolivariana de),,,,VE,2021/02/23,,11.58897699,v01,es,,,,Venezuela (Bolivarian Republic of),La Guaira,10.5842865,-66.92512897,0.58,II-III,0.0,0,0,0.0
VE240106,la_guaira,La Guaira,,,,VE240106,Vargas,,,,VE2401,La Guaira,,,,VE24,Venezuela (República Bolivariana de),,,,VE,2021/02/23,,11.58897699,v01,es,,,,Venezuela (Bolivarian Republic of),La Guaira,10.5842865,-66.92512897,0.58,IV,0.0,0,0,0.0
VE240106,la_guaira,La Guaira,,,,VE240106,Vargas,,,,VE2401,La Guaira,,,,VE24,Venezuela (República Bolivariana de),,,,VE,2021/02/23,,11.58897699,v01,es,,,,Venezuela (Bolivarian Republic of),La Guaira,10.5842865,-66.92512897,0.58,V,0.0,0,0,0.0
VE240106,la_guaira,La Guaira,,,,VE240106,Vargas,,,,VE2401,La Guaira,,,,VE24,Venezuela (República Bolivariana de),,,,VE,2021/02/23,,11.58897699,v01,es,,,,Venezuela (Bolivarian Republic of),La Guaira,10.5842865,-66.92512897,0.58,VI,0.0,0,0,0.0
VE240106,la_guaira,La Guaira,,,,VE240106,Vargas,,,,VE2401,La Guaira,,,,VE24,Venezuela (República Bolivariana de),,,,VE,2021/02/23,,11.58897699,v01,es,,,,Venezuela (Bolivarian Republic of),La Guaira,10.5842865,-66.92512897,0.58,VII,0.0,0,0,0.0
VE240106,la_guaira,La Guaira,,,,VE240106,Vargas,,,,VE2401,La Guaira,,,,VE24,Venezuela (República Bolivariana de),,,,VE,2021/02/23,,11.58897699,v01,es,,,,Venezuela (Bolivarian Republic of),La Guaira,10.5842865,-66.92512897,0.58,VIII,9.533,638,469,2912.0
VE240106,la_guaira,La Guaira,,,,VE240106,Vargas,,,,VE2401,La Guaira,,,,VE24,Venezuela (República Bolivariana de),,,,VE,2021/02/23,,11.58897699,v01,es,,,,Venezuela (Bolivarian Republic of),La Guaira,10.5842865,-66.92512897,0.58,IX,2.129,4124,5055,20638.0
VE240106,la_guaira,La Guaira,,,,VE240106,Vargas,,,,VE2401,La Guaira,,,,VE24,Venezuela (República Bolivariana de),,,,VE,2021/02/23,,11.58897699,v01,es,,,,Venezuela (Bolivarian Republic of),La Guaira,10.5842865,-66.92512897,0.58,X+,0.0,0,0,0.0
VE240107,caraballeda; la_guaira,Macuto,,,,VE240107,Vargas,,,,VE2401,La Guaira,,,,VE24,Venezuela (República Bolivariana de),,,,VE,2021/02/23,,32.05647248,v01,es,,,,Venezuela (Bolivarian Republic of),Macuto,10.5773205,-66.88930243,0.71,I,0.0,0,0,0.0
VE240107,caraballeda; la_guaira,Macuto,,,,VE240107,Vargas,,,,VE2401,La Guaira,,,,VE24,Venezuela (República Bolivariana de),,,,VE,2021/02/23,,32.05647248,v01,es,,,,Venezuela (Bolivarian Republic of),Macuto,10.5773205,-66.88930243,0.71,II-III,0.0,0,0,0.0
VE240107,caraballeda; la_guaira,Macuto,,,,VE240107,Vargas,,,,VE2401,La Guaira,,,,VE24,Venezuela (República Bolivariana de),,,,VE,2021/02/23,,32.05647248,v01,es,,,,Venezuela (Bolivarian Republic of),Macuto,10.5773205,-66.88930243,0.71,IV,0.0,0,0,0.0
VE240107,caraballeda; la_guaira,Macuto,,,,VE240107,Vargas,,,,VE2401,La Guaira,,,,VE24,Venezuela (República Bolivariana de),,,,VE,2021/02/23,,32.05647248,v01,es,,,,Venezuela (Bolivarian Republic of),Macuto,10.5773205,-66.88930243,0.71,V,0.0,0,0,0.0
VE240107,caraballeda; la_guaira,Macuto,,,,VE240107,Vargas,,,,VE2401,La Guaira,,,,VE24,Venezuela (República Bolivariana de),,,,VE,2021/02/23,,32.05647248,v01,es,,,,Venezuela (Bolivarian Republic of),Macuto,10.5773205,-66.88930243,0.71,VI,0.0,0,0,0.0
VE240107,caraballeda; la_guaira,Macuto,,,,VE240107,Vargas,,,,VE2401,La Guaira,,,,VE24,Venezuela (República Bolivariana de),,,,VE,2021/02/23,,32.05647248,v01,es,,,,Venezuela (Bolivarian Republic of),Macuto,10.5773205,-66.88930243,0.71,VII,0.0,0,0,0.0
VE240107,caraballeda; la_guaira,Macuto,,,,VE240107,Vargas,,,,VE2401,La Guaira,,,,VE24,Venezuela (República Bolivariana de),,,,VE,2021/02/23,,32.05647248,v01,es,,,,Venezuela (Bolivarian Republic of),Macuto,10.5773205,-66.88930243,0.71,VIII,29.501,1674,621,4601.0
VE240107,caraballeda; la_guaira,Macuto,,,,VE240107,Vargas,,,,VE2401,La Guaira,,,,VE24,Venezuela (República Bolivariana de),,,,VE,2021/02/23,,32.05647248,v01,es,,,,Venezuela (Bolivarian Republic of),Macuto,10.5773205,-66.88930243,0.71,IX,2.758,2922,2891,14239.0
VE240107,caraballeda; la_guaira,Macuto,,,,VE240107,Vargas,,,,VE2401,La Guaira,,,,VE24,Venezuela (República Bolivariana de),,,,VE,2021/02/23,,32.05647248,v01,es,,,,Venezuela (Bolivarian Republic of),Macuto,10.5773205,-66.88930243,0.71,X+,0.0,0,0,0.0
VE240108,la_guaira,Maiquetía,,,,VE240108,Vargas,,,,VE2401,La Guaira,,,,VE24,Venezuela (República Bolivariana de),,,,VE,2021/02/23,,23.35649088,v01,es,,,,Venezuela (Bolivarian Republic of),Maiquetia,10.577393,-66.95035379,1.15,I,0.0,0,0,0.0
VE240108,la_guaira,Maiquetía,,,,VE240108,Vargas,,,,VE2401,La Guaira,,,,VE24,Venezuela (República Bolivariana de),,,,VE,2021/02/23,,23.35649088,v01,es,,,,Venezuela (Bolivarian Republic of),Maiquetia,10.577393,-66.95035379,1.15,II-III,0.0,0,0,0.0
VE240108,la_guaira,Maiquetía,,,,VE240108,Vargas,,,,VE2401,La Guaira,,,,VE24,Venezuela (República Bolivariana de),,,,VE,2021/02/23,,23.35649088,v01,es,,,,Venezuela (Bolivarian Republic of),Maiquetia,10.577393,-66.95035379,1.15,IV,0.0,0,0,0.0
VE240108,la_guaira,Maiquetía,,,,VE240108,Vargas,,,,VE2401,La Guaira,,,,VE24,Venezuela (República Bolivariana de),,,,VE,2021/02/23,,23.35649088,v01,es,,,,Venezuela (Bolivarian Republic of),Maiquetia,10.577393,-66.95035379,1.15,V,0.0,0,0,0.0
VE240108,la_guaira,Maiquetía,,,,VE240108,Vargas,,,,VE2401,La Guaira,,,,VE24,Venezuela (República Bolivariana de),,,,VE,2021/02/23,,23.35649088,v01,es,,,,Venezuela (Bolivarian Republic of),Maiquetia,10.577393,-66.95035379,1.15,VI,0.0,0,0,0.0
VE240108,la_guaira,Maiquetía,,,,VE240108,Vargas,,,,VE2401,La Guaira,,,,VE24,Venezuela (República Bolivariana de),,,,VE,2021/02/23,,23.35649088,v01,es,,,,Venezuela (Bolivarian Republic of),Maiquetia,10.577393,-66.95035379,1.15,VII,0.0,0,0,0.0
VE240108,la_guaira,Maiquetía,,,,VE240108,Vargas,,,,VE2401,La Guaira,,,,VE24,Venezuela (República Bolivariana de),,,,VE,2021/02/23,,23.35649088,v01,es,,,,Venezuela (Bolivarian Republic of),Maiquetia,10.577393,-66.95035379,1.15,VIII,19.652,694,686,4077.0
VE240108,la_guaira,Maiquetía,,,,VE240108,Vargas,,,,VE2401,La Guaira,,,,VE24,Venezuela (República Bolivariana de),,,,VE,2021/02/23,,23.35649088,v01,es,,,,Venezuela (Bolivarian Republic of),Maiquetia,10.577393,-66.95035379,1.15,IX,3.851,6612,6872,34442.0
VE240108,la_guaira,Maiquetía,,,,VE240108,Vargas,,,,VE2401,La Guaira,,,,VE24,Venezuela (República Bolivariana de),,,,VE,2021/02/23,,23.35649088,v01,es,,,,Venezuela (Bolivarian Republic of),Maiquetia,10.577393,-66.95035379,1.15,X+,0.0,0,0,0.0
VE240110,catia_la_mar; la_guaira,Urimare,,,,VE240110,Vargas,,,,VE2401,La Guaira,,,,VE24,Venezuela (República Bolivariana de),,,,VE,2021/02/23,,26.03871913,v01,es,,,,Venezuela (Bolivarian Republic of),Urimare,10.5839595,-66.99816571,2.54,I,0.0,0,0,0.0
VE240110,catia_la_mar; la_guaira,Urimare,,,,VE240110,Vargas,,,,VE2401,La Guaira,,,,VE24,Venezuela (República Bolivariana de),,,,VE,2021/02/23,,26.03871913,v01,es,,,,Venezuela (Bolivarian Republic of),Urimare,10.5839595,-66.99816571,2.54,II-III,0.0,0,0,0.0
VE240110,catia_la_mar; la_guaira,Urimare,,,,VE240110,Vargas,,,,VE2401,La Guaira,,,,VE24,Venezuela (República Bolivariana de),,,,VE,2021/02/23,,26.03871913,v01,es,,,,Venezuela (Bolivarian Republic of),Urimare,10.5839595,-66.99816571,2.54,IV,0.0,0,0,0.0
VE240110,catia_la_mar; la_guaira,Urimare,,,,VE240110,Vargas,,,,VE2401,La Guaira,,,,VE24,Venezuela (República Bolivariana de),,,,VE,2021/02/23,,26.03871913,v01,es,,,,Venezuela (Bolivarian Republic of),Urimare,10.5839595,-66.99816571,2.54,V,0.0,0,0,0.0
VE240110,catia_la_mar; la_guaira,Urimare,,,,VE240110,Vargas,,,,VE2401,La Guaira,,,,VE24,Venezuela (República Bolivariana de),,,,VE,2021/02/23,,26.03871913,v01,es,,,,Venezuela (Bolivarian Republic of),Urimare,10.5839595,-66.99816571,2.54,VI,0.0,0,0,0.0
VE240110,catia_la_mar; la_guaira,Urimare,,,,VE240110,Vargas,,,,VE2401,La Guaira,,,,VE24,Venezuela (República Bolivariana de),,,,VE,2021/02/23,,26.03871913,v01,es,,,,Venezuela (Bolivarian Republic of),Urimare,10.5839595,-66.99816571,2.54,VII,0.0,0,0,0.0
VE240110,catia_la_mar; la_guaira,Urimare,,,,VE240110,Vargas,,,,VE2401,La Guaira,,,,VE24,Venezuela (República Bolivariana de),,,,VE,2021/02/23,,26.03871913,v01,es,,,,Venezuela (Bolivarian Republic of),Urimare,10.5839595,-66.99816571,2.54,VIII,12.337,172,110,1401.0
VE240110,catia_la_mar; la_guaira,Urimare,,,,VE240110,Vargas,,,,VE2401,La Guaira,,,,VE24,Venezuela (República Bolivariana de),,,,VE,2021/02/23,,26.03871913,v01,es,,,,Venezuela (Bolivarian Republic of),Urimare,10.5839595,-66.99816571,2.54,IX,13.866,10163,8416,54862.0
VE240110,catia_la_mar; la_guaira,Urimare,,,,VE240110,Vargas,,,,VE2401,La Guaira,,,,VE24,Venezuela (República Bolivariana de),,,,VE,2021/02/23,,26.03871913,v01,es,,,,Venezuela (Bolivarian Republic of),Urimare,10.5839595,-66.99816571,2.54,X+,0.0,0,0,0.0
VE240111,catia_la_mar; la_guaira,Carlos Soublette,,,,VE240111,Vargas,,,,VE2401,La Guaira,,,,VE24,Venezuela (República Bolivariana de),,,,VE,2021/02/23,,7.49074363,v01,es,,,,Venezuela (Bolivarian Republic of),Carlos Soublette,10.5759865,-66.97004871,0.53,I,0.0,0,0,0.0
VE240111,catia_la_mar; la_guaira,Carlos Soublette,,,,VE240111,Vargas,,,,VE2401,La Guaira,,,,VE24,Venezuela (República Bolivariana de),,,,VE,2021/02/23,,7.49074363,v01,es,,,,Venezuela (Bolivarian Republic of),Carlos Soublette,10.5759865,-66.97004871,0.53,II-III,0.0,0,0,0.0
VE240111,catia_la_mar; la_guaira,Carlos Soublette,,,,VE240111,Vargas,,,,VE2401,La Guaira,,,,VE24,Venezuela (República Bolivariana de),,,,VE,2021/02/23,,7.49074363,v01,es,,,,Venezuela (Bolivarian Republic of),Carlos Soublette,10.5759865,-66.97004871,0.53,IV,0.0,0,0,0.0
VE240111,catia_la_mar; la_guaira,Carlos Soublette,,,,VE240111,Vargas,,,,VE2401,La Guaira,,,,VE24,Venezuela (República Bolivariana de),,,,VE,2021/02/23,,7.49074363,v01,es,,,,Venezuela (Bolivarian Republic of),Carlos Soublette,10.5759865,-66.97004871,0.53,V,0.0,0,0,0.0
VE240111,catia_la_mar; la_guaira,Carlos Soublette,,,,VE240111,Vargas,,,,VE2401,La Guaira,,,,VE24,Venezuela (República Bolivariana de),,,,VE,2021/02/23,,7.49074363,v01,es,,,,Venezuela (Bolivarian Republic of),Carlos Soublette,10.5759865,-66.97004871,0.53,VI,0.0,0,0,0.0
VE240111,catia_la_mar; la_guaira,Carlos Soublette,,,,VE240111,Vargas,,,,VE2401,La Guaira,,,,VE24,Venezuela (República Bolivariana de),,,,VE,2021/02/23,,7.49074363,v01,es,,,,Venezuela (Bolivarian Republic of),Carlos Soublette,10.5759865,-66.97004871,0.53,VII,0.0,0,0,0.0
VE240111,catia_la_mar; la_guaira,Carlos Soublette,,,,VE240111,Vargas,,,,VE2401,La Guaira,,,,VE24,Venezuela (República Bolivariana de),,,,VE,2021/02/23,,7.49074363,v01,es,,,,Venezuela (Bolivarian Republic of),Carlos Soublette,10.5759865,-66.97004871,0.53,VIII,5.168,111,21,676.0
VE240111,catia_la_mar; la_guaira,Carlos Soublette,,,,VE240111,Vargas,,,,VE2401,La Guaira,,,,VE24,Venezuela (República Bolivariana de),,,,VE,2021/02/23,,7.49074363,v01,es,,,,Venezuela (Bolivarian Republic of),Carlos Soublette,10.5759865,-66.97004871,0.53,IX,2.37,4279,5360,25389.0
VE240111,catia_la_mar; la_guaira,Carlos Soublette,,,,VE240111,Vargas,,,,VE2401,La Guaira,,,,VE24,Venezuela (República Bolivariana de),,,,VE,2021/02/23,,7.49074363,v01,es,,,,Venezuela (Bolivarian Republic of),Carlos Soublette,10.5759865,-66.97004871,0.53,X+,0.0,0,0,0.0
