admin3_id,adm3_name,adm3_name1,adm3_name2,adm3_name3,adm3_pcode,adm2_name,adm2_name1,adm2_name2,adm2_name3,adm2_pcode,adm1_name,adm1_name1,adm1_name2,adm1_name3,adm1_pcode,adm0_name,adm0_name1,adm0_name2,adm0_name3,adm0_pcode,valid_on,valid_to,area_sqkm,version,lang,lang1,lang2,lang3,adm0_en,adm3_ref_name,center_lat,center_lon,area_km2,urban_area_km2,population,n_buildings_overture,n_buildings_osm,ground_movement_max_m,aoi_zone,mmi_intensity_max_via_adm2
VE010101,Altagracia,,,,VE010101,Libertador,,,,VE0101,Distrito Capital,,,,VE01,Venezuela (República Bolivariana de),,,,VE,2021/02/23,,2.9508224,v01,es,,,,Venezuela (Bolivarian Republic of),Altagracia,10.53201028,-66.91336104,2.97,0.54,19948.0,3245,171,0.6,Caracas,VII (Very Strong)
VE010103,Candelaria,,,,VE010103,Libertador,,,,VE0101,Distrito Capital,,,,VE01,Venezuela (República Bolivariana de),,,,VE,2021/02/23,,1.31842686,v01,es,,,,Venezuela (Bolivarian Republic of),Candelaria,10.5073545,-66.90575015,1.33,0.55,19141.0,3097,567,0.5,Caracas,VII (Very Strong)
VE010104,Caricuao,,,,VE010104,Libertador,,,,VE0101,Distrito Capital,,,,VE01,Venezuela (República Bolivariana de),,,,VE,2021/02/23,,24.00620624,v01,es,,,,Venezuela (Bolivarian Republic of),Caricuao,10.4252285,-66.98067361,24.16,2.45,74319.0,13614,317,0.5,Caracas,VII (Very Strong)
VE010105,Catedral,,,,VE010105,Libertador,,,,VE0101,Distrito Capital,,,,VE01,Venezuela (República Bolivariana de),,,,VE,2021/02/23,,0.84258876,v01,es,,,,Venezuela (Bolivarian Republic of),Catedral,10.5060175,-66.91666592,0.85,0.31,8170.0,1086,258,0.5,Caracas,VII (Very Strong)
VE010106,Coche,,,,VE010106,Libertador,,,,VE0101,Distrito Capital,,,,VE01,Venezuela (República Bolivariana de),,,,VE,2021/02/23,,12.29543577,v01,es,,,,Venezuela (Bolivarian Republic of),Coche,10.4336575,-66.93741391,12.37,2.04,58059.0,9152,361,0.5,Caracas,VII (Very Strong)
VE010108,El Paraíso,,,,VE010108,Libertador,,,,VE0101,Distrito Capital,,,,VE01,Venezuela (República Bolivariana de),,,,VE,2021/02/23,,10.3434603,v01,es,,,,Venezuela (Bolivarian Republic of),El Paraiso,10.485052,-66.94562126,10.41,3.02,93685.0,13255,616,0.5,Caracas,VII (Very Strong)
VE010109,El Recreo,,,,VE010109,Libertador,,,,VE0101,Distrito Capital,,,,VE01,Venezuela (República Bolivariana de),,,,VE,2021/02/23,,15.54573253,v01,es,,,,Venezuela (Bolivarian Republic of),El Recreo,10.51615966,-66.87732569,15.64,2.53,72628.0,11403,1521,0.6,Caracas,VII (Very Strong)
VE010110,El Valle,,,,VE010110,Libertador,,,,VE0101,Distrito Capital,,,,VE01,Venezuela (República Bolivariana de),,,,VE,2021/02/23,,20.85087021,v01,es,,,,Venezuela (Bolivarian Republic of),El Valle,10.44314877,-66.91011781,20.98,3.44,81535.0,16901,883,0.5,Caracas,VII (Very Strong)
VE010111,La Pastora,,,,VE010111,Libertador,,,,VE0101,Distrito Capital,,,,VE01,Venezuela (República Bolivariana de),,,,VE,2021/02/23,,7.51928825,v01,es,,,,Venezuela (Bolivarian Republic of),La Pastora,10.531556,-66.92450243,7.57,1.05,61151.0,8161,58,0.6,Caracas,VII (Very Strong)
VE010114,San Agustín,,,,VE010114,Libertador,,,,VE0101,Distrito Capital,,,,VE01,Venezuela (República Bolivariana de),,,,VE,2021/02/23,,1.55371325,v01,es,,,,Venezuela (Bolivarian Republic of),San Agustin,10.4962395,-66.90472062,1.56,0.48,19485.0,2919,144,0.5,Caracas,VII (Very Strong)
VE010115,San Bernandino,,,,VE010115,Libertador,,,,VE0101,Distrito Capital,,,,VE01,Venezuela (República Bolivariana de),,,,VE,2021/02/23,,7.61041906,v01,es,,,,Venezuela (Bolivarian Republic of),San Bernandino,10.53176661,-66.89874842,7.66,0.69,21291.0,3106,2482,0.6,Caracas,VII (Very Strong)
VE010116,San José,,,,VE010116,Libertador,,,,VE0101,Distrito Capital,,,,VE01,Venezuela (República Bolivariana de),,,,VE,2021/02/23,,2.4127559,v01,es,,,,Venezuela (Bolivarian Republic of),San Jose,10.53193052,-66.90899264,2.43,0.37,17162.0,3014,206,0.6,Caracas,VII (Very Strong)
VE010117,San Juan,,,,VE010117,Libertador,,,,VE0101,Distrito Capital,,,,VE01,Venezuela (República Bolivariana de),,,,VE,2021/02/23,,3.21184248,v01,es,,,,Venezuela (Bolivarian Republic of),San Juan,10.4973285,-66.9317725,3.23,1.21,50802.0,6598,165,0.5,Caracas,VII (Very Strong)
VE010118,San Pedro,,,,VE010118,Libertador,,,,VE0101,Distrito Capital,,,,VE01,Venezuela (República Bolivariana de),,,,VE,2021/02/23,,6.55567204,v01,es,,,,Venezuela (Bolivarian Republic of),San Pedro,10.48110062,-66.89322909,6.6,2.0,57677.0,7106,590,0.5,Caracas,VII (Very Strong)
VE010119,Santa Rosalía,,,,VE010119,Libertador,,,,VE0101,Distrito Capital,,,,VE01,Venezuela (República Bolivariana de),,,,VE,2021/02/23,,6.21578897,v01,es,,,,Venezuela (Bolivarian Republic of),Santa Rosalia,10.483391,-66.91663839,6.25,1.57,84234.0,14394,104,0.5,Caracas,VII (Very Strong)
VE010120,Santa Teresa,,,,VE010120,Libertador,,,,VE0101,Distrito Capital,,,,VE01,Venezuela (República Bolivariana de),,,,VE,2021/02/23,,0.66299781,v01,es,,,,Venezuela (Bolivarian Republic of),Santa Teresa,10.496518,-66.91705106,0.67,0.27,9064.0,1800,122,0.5,Caracas,VII (Very Strong)
VE010121,Sucre,,,,VE010121,Libertador,,,,VE0101,Distrito Capital,,,,VE01,Venezuela (República Bolivariana de),,,,VE,2021/02/23,,50.70001361,v01,es,,,,Venezuela (Bolivarian Republic of),Sucre,10.5278695,-66.9656894,51.02,5.43,249685.0,39395,3167,0.6,Caracas,VII (Very Strong)
VE010122,23 de Enero,,,,VE010122,Libertador,,,,VE0101,Distrito Capital,,,,VE01,Venezuela (República Bolivariana de),,,,VE,2021/02/23,,2.24878105,v01,es,,,,Venezuela (Bolivarian Republic of),23 de Enero,10.506788,-66.93119152,2.26,0.79,27983.0,3177,184,0.5,Caracas,VII (Very Strong)
VE080501,Urbana Morón,,,,VE080501,Juan José Mora,,,,VE0805,Carabobo,,,,VE08,Venezuela (República Bolivariana de),,,,VE,2021/02/23,,316.41761415,v01,es,,,,Venezuela (Bolivarian Republic of),Urbana Moron,10.439713,-68.22007201,318.41,4.63,57770.0,22338,17692,0.5,Moron,IX (Violent)
VE150301,Nuestra Señora del Rosario de Baruta,,,,VE150301,Baruta,,,,VE1503,Miranda,,,,VE15,Venezuela (República Bolivariana de),,,,VE,2021/02/23,,80.85138044,v01,es,,,,Venezuela (Bolivarian Republic of),Nuestra Senora del Rosario de Baruta,10.4157765,-66.87300327,81.36,8.1,230382.0,35950,4093,0.5,Caracas,VII (Very Strong)
VE150303,Las Minas de Baruta,,,,VE150303,Baruta,,,,VE1503,Miranda,,,,VE15,Venezuela (República Bolivariana de),,,,VE,2021/02/23,,4.36348258,v01,es,,,,Venezuela (Bolivarian Republic of),Las Minas de Baruta,10.461111,-66.85937374,4.39,1.0,26796.0,4098,378,0.5,Caracas,VII (Very Strong)
VE150701,Chacao,,,,VE150701,Chacao,,,,VE1507,Miranda,,,,VE15,Venezuela (República Bolivariana de),,,,VE,2021/02/23,,19.34472955,v01,es,,,,Venezuela (Bolivarian Republic of),Chacao,10.516405,-66.85111069,19.47,3.01,71990.0,9589,1757,0.6,Caracas,VII (Very Strong)
VE151301,San Antonio de los Altos,,,,VE151301,Los Salías,,,,VE1513,Miranda,,,,VE15,Venezuela (República Bolivariana de),,,,VE,2021/02/23,,57.3234601,v01,es,,,,Venezuela (Bolivarian Republic of),San Antonio de los Altos,10.3848485,-66.95892837,57.69,3.66,92741.0,15647,541,0.5,Caracas,VI (Strong)
VE220101,Arístides Bastidas,,,,VE220101,Arístides Bastidas,,,,VE2201,Yaracuy,,,,VE22,Venezuela (República Bolivariana de),,,,VE,2021/02/23,,64.12467442,v01,es,,,,Venezuela (Bolivarian Republic of),Aristides Bastidas,10.255794,-68.86161871,64.53,0.84,11741.0,9205,0,0.2,San Felipe,VI (Strong)
VE220401,Cocorote,,,,VE220401,Cocorote,,,,VE2204,Yaracuy,,,,VE22,Venezuela (República Bolivariana de),,,,VE,2021/02/23,,86.88822145,v01,es,,,,Venezuela (Bolivarian Republic of),Cocorote,10.2958905,-68.78378455,87.44,1.68,28306.0,13726,7081,0.2,San Felipe,VII (Very Strong)
VE220501,Independencia,,,,VE220501,Independencia,,,,VE2205,Yaracuy,,,,VE22,Venezuela (República Bolivariana de),,,,VE,2021/02/23,,84.96095605,v01,es,,,,Venezuela (Bolivarian Republic of),Independencia,10.312383,-68.73241902,85.49,3.15,57050.0,21825,12640,0.2,San Felipe,VII (Very Strong)
VE220701,La Trinidad,,,,VE220701,La Trinidad,,,,VE2207,Yaracuy,,,,VE22,Venezuela (República Bolivariana de),,,,VE,2021/02/23,,44.60525998,v01,es,,,,Venezuela (Bolivarian Republic of),La Trinidad,10.2347455,-68.74555551,44.89,0.86,12452.0,7949,5,0.2,San Felipe,VII (Very Strong)
VE220801,Manuel Monge,,,,VE220801,Manuel Monge,,,,VE2208,Yaracuy,,,,VE22,Venezuela (República Bolivariana de),,,,VE,2021/02/23,,411.14101812,v01,es,,,,Venezuela (Bolivarian Republic of),Manuel Monge,10.61329365,-68.74726916,413.76,0.62,8296.0,7085,5,0.1,San Felipe,VII (Very Strong)
VE221101,Capital San Felipe,,,,VE221101,San Felipe,,,,VE2211,Yaracuy,,,,VE22,Venezuela (República Bolivariana de),,,,VE,2021/02/23,,57.56651425,v01,es,,,,Venezuela (Bolivarian Republic of),Capital San Felipe,10.3560095,-68.73172943,57.93,2.95,52634.0,20155,17816,0.2,San Felipe,VIII (Severe)
VE221102,Albarico,,,,VE221102,San Felipe,,,,VE2211,Yaracuy,,,,VE22,Venezuela (República Bolivariana de),,,,VE,2021/02/23,,224.98423964,v01,es,,,,Venezuela (Bolivarian Republic of),Albarico,10.487514,-68.65936521,226.39,1.26,22209.0,11682,8838,0.2,San Felipe,VIII (Severe)
VE221103,San Javier,,,,VE221103,San Felipe,,,,VE2211,Yaracuy,,,,VE22,Venezuela (República Bolivariana de),,,,VE,2021/02/23,,115.62041045,v01,es,,,,Venezuela (Bolivarian Republic of),San Javier,10.3022055,-68.65268789,116.35,0.79,10564.0,5343,3373,0.2,San Felipe,VIII (Severe)
VE221201,Sucre,,,,VE221201,Sucre,,,,VE2212,Yaracuy,,,,VE22,Venezuela (República Bolivariana de),,,,VE,2021/02/23,,142.49510054,v01,es,,,,Venezuela (Bolivarian Republic of),Sucre,10.254912,-68.81862092,143.39,1.01,14402.0,10007,0,0.2,San Felipe,VI (Strong)
VE221401,Capital Veroes,,,,VE221401,Veroes,,,,VE2214,Yaracuy,,,,VE22,Venezuela (República Bolivariana de),,,,VE,2021/02/23,,394.95610298,v01,es,,,,Venezuela (Bolivarian Republic of),Capital Veroes,10.500152,-68.54916419,397.49,0.72,9348.0,5939,450,-0.5,San Felipe,IX (Violent)
VE221402,El Guayabo,,,,VE221402,Veroes,,,,VE2214,Yaracuy,,,,VE22,Venezuela (República Bolivariana de),,,,VE,2021/02/23,,573.36032415,v01,es,,,,Venezuela (Bolivarian Republic of),El Guayabo,10.37065888,-68.5143455,576.97,0.68,7986.0,8660,14,0.5,San Felipe,IX (Violent)
VE240101,Caraballeda,,,,VE240101,Vargas,,,,VE2401,La Guaira,,,,VE24,Venezuela (República Bolivariana de),,,,VE,2021/02/23,,66.23536386,v01,es,,,,Venezuela (Bolivarian Republic of),Caraballeda,10.5799045,-66.82506624,66.65,2.18,42192.0,11131,8265,0.6,caraballeda,VIII (Severe)
VE240104,Catia la Mar,,,,VE240104,Vargas,,,,VE2401,La Guaira,,,,VE24,Venezuela (República Bolivariana de),,,,VE,2021/02/23,,40.74114323,v01,es,,,,Venezuela (Bolivarian Republic of),Catia la Mar,10.578645,-67.05331721,41.0,2.97,107204.0,23051,20175,0.6,catia_la_mar,VIII (Severe)
VE240106,La Guaira,,,,VE240106,Vargas,,,,VE2401,La Guaira,,,,VE24,Venezuela (República Bolivariana de),,,,VE,2021/02/23,,11.58897699,v01,es,,,,Venezuela (Bolivarian Republic of),La Guaira,10.5842865,-66.92512897,11.66,0.58,23550.0,4762,5524,0.6,la_guaira,VIII (Severe)
VE240107,Macuto,,,,VE240107,Vargas,,,,VE2401,La Guaira,,,,VE24,Venezuela (República Bolivariana de),,,,VE,2021/02/23,,32.05647248,v01,es,,,,Venezuela (Bolivarian Republic of),Macuto,10.5773205,-66.88930243,32.26,0.71,18840.0,4596,3512,0.6,caraballeda; la_guaira,VIII (Severe)
VE240108,Maiquetía,,,,VE240108,Vargas,,,,VE2401,La Guaira,,,,VE24,Venezuela (República Bolivariana de),,,,VE,2021/02/23,,23.35649088,v01,es,,,,Venezuela (Bolivarian Republic of),Maiquetia,10.577393,-66.95035379,23.5,1.15,38519.0,7306,7558,0.6,la_guaira,VIII (Severe)
VE240110,Urimare,,,,VE240110,Vargas,,,,VE2401,La Guaira,,,,VE24,Venezuela (República Bolivariana de),,,,VE,2021/02/23,,26.03871913,v01,es,,,,Venezuela (Bolivarian Republic of),Urimare,10.5839595,-66.99816571,26.2,2.54,56263.0,10335,8526,0.6,catia_la_mar; la_guaira,VIII (Severe)
VE240111,Carlos Soublette,,,,VE240111,Vargas,,,,VE2401,La Guaira,,,,VE24,Venezuela (República Bolivariana de),,,,VE,2021/02/23,,7.49074363,v01,es,,,,Venezuela (Bolivarian Republic of),Carlos Soublette,10.5759865,-66.97004871,7.54,0.53,26066.0,4390,5381,0.6,catia_la_mar; la_guaira,VIII (Severe)
