zone,zone_ems,source,classe_standard,n_batiments
Caracas,avec_nuage,bdpm,not_damaged,2734
Caracas,avec_nuage,eos,not_damaged,265
Caracas,avec_nuage,fair,damaged,574
Caracas,avec_nuage,fair,destroyed,7
Caracas,avec_nuage,fair,not_damaged,4721
Caracas,avec_nuage,nasa_s1,damaged,512
Caracas,avec_nuage,nasa_s1,destroyed,50
Caracas,avec_nuage,nasa_s1,not_damaged,7180
Caracas,avec_nuage,nasa_s2,damaged,1202
Caracas,avec_nuage,nasa_s2,destroyed,237
Caracas,avec_nuage,nasa_s2,not_damaged,5794
Caracas,avec_nuage,osu,damaged,391
Caracas,avec_nuage,osu,not_damaged,7350
Caracas,avec_nuage,t_test,damaged,61
Caracas,avec_nuage,t_test,not_damaged,7681
Caracas,avec_nuage,uhsail,damaged,1140
Caracas,avec_nuage,uhsail,destroyed,257
Caracas,avec_nuage,uhsail,not_damaged,5206
Caracas,avec_nuage,unep,damaged,256
Caracas,sans_nuage,bdpm,damaged,8
Caracas,sans_nuage,bdpm,not_damaged,47647
Caracas,sans_nuage,chatmap,damaged,11
Caracas,sans_nuage,chatmap,destroyed,1
Caracas,sans_nuage,ems,destroyed,3
Caracas,sans_nuage,ems,probably_damaged,16
Caracas,sans_nuage,eos,damaged,24
Caracas,sans_nuage,eos,destroyed,37
Caracas,sans_nuage,eos,not_damaged,4286
Caracas,sans_nuage,fair,damaged,6978
Caracas,sans_nuage,fair,destroyed,61
Caracas,sans_nuage,fair,not_damaged,79239
Caracas,sans_nuage,nasa_s1,damaged,6620
Caracas,sans_nuage,nasa_s1,destroyed,327
Caracas,sans_nuage,nasa_s1,not_damaged,104610
Caracas,sans_nuage,nasa_s2,damaged,26977
Caracas,sans_nuage,nasa_s2,destroyed,6904
Caracas,sans_nuage,nasa_s2,not_damaged,72356
Caracas,sans_nuage,osu,damaged,11890
Caracas,sans_nuage,osu,not_damaged,99349
Caracas,sans_nuage,t_test,damaged,373
Caracas,sans_nuage,t_test,not_damaged,111304
Caracas,sans_nuage,uhsail,damaged,11967
Caracas,sans_nuage,uhsail,destroyed,2052
Caracas,sans_nuage,uhsail,not_damaged,81189
Caracas,sans_nuage,unep,damaged,6638
Moron,avec_nuage,bdpm,damaged,18
Moron,avec_nuage,bdpm,not_damaged,1185
Moron,avec_nuage,ems,damaged,16
Moron,avec_nuage,ems,probably_damaged,4
Moron,avec_nuage,fair,damaged,101
Moron,avec_nuage,fair,not_damaged,3440
Moron,avec_nuage,osu,damaged,2149
Moron,avec_nuage,osu,not_damaged,2505
Moron,avec_nuage,t_test,damaged,57
Moron,avec_nuage,t_test,not_damaged,4597
Moron,avec_nuage,uhsail,damaged,1
Moron,avec_nuage,uhsail,not_damaged,4402
Moron,avec_nuage,unep,damaged,8
Moron,sans_nuage,bdpm,damaged,135
Moron,sans_nuage,bdpm,not_damaged,3883
Moron,sans_nuage,ems,damaged,16
Moron,sans_nuage,ems,destroyed,8
Moron,sans_nuage,ems,probably_damaged,44
Moron,sans_nuage,eos,damaged,2
Moron,sans_nuage,eos,not_damaged,266
Moron,sans_nuage,fair,damaged,379
Moron,sans_nuage,fair,destroyed,33
Moron,sans_nuage,fair,not_damaged,9973
Moron,sans_nuage,osu,damaged,5336
Moron,sans_nuage,osu,not_damaged,8586
Moron,sans_nuage,t_test,damaged,242
Moron,sans_nuage,t_test,not_damaged,13680
Moron,sans_nuage,uhsail,damaged,42
Moron,sans_nuage,uhsail,destroyed,23
Moron,sans_nuage,uhsail,not_damaged,12828
Moron,sans_nuage,unep,damaged,625
San Felipe,avec_nuage,osu,not_damaged,367
San Felipe,avec_nuage,t_test,not_damaged,367
San Felipe,sans_nuage,bdpm,not_damaged,704
San Felipe,sans_nuage,ems,damaged,14
San Felipe,sans_nuage,ems,probably_damaged,166
San Felipe,sans_nuage,osu,damaged,1764
San Felipe,sans_nuage,osu,not_damaged,87547
San Felipe,sans_nuage,t_test,damaged,1543
San Felipe,sans_nuage,t_test,not_damaged,87769
San Felipe,sans_nuage,unep,damaged,1213
caraballeda,avec_nuage,bdpm,damaged,151
caraballeda,avec_nuage,bdpm,not_damaged,1332
caraballeda,avec_nuage,chatmap,damaged,3
caraballeda,avec_nuage,chatmap,destroyed,5
caraballeda,avec_nuage,ems,destroyed,1
caraballeda,avec_nuage,eos,damaged,128
caraballeda,avec_nuage,eos,destroyed,53
caraballeda,avec_nuage,eos,not_damaged,1714
caraballeda,avec_nuage,fair,damaged,120
caraballeda,avec_nuage,fair,not_damaged,2725
caraballeda,avec_nuage,microsoft,damaged,70
caraballeda,avec_nuage,nasa_s1,damaged,175
caraballeda,avec_nuage,nasa_s1,destroyed,11
caraballeda,avec_nuage,nasa_s1,not_damaged,4050
caraballeda,avec_nuage,nasa_s2,damaged,337
caraballeda,avec_nuage,nasa_s2,destroyed,51
caraballeda,avec_nuage,nasa_s2,not_damaged,3579
caraballeda,avec_nuage,osu,damaged,2684
caraballeda,avec_nuage,osu,not_damaged,1552
caraballeda,avec_nuage,t_test,damaged,53
caraballeda,avec_nuage,t_test,not_damaged,4183
caraballeda,avec_nuage,uhsail,destroyed,6
caraballeda,avec_nuage,uhsail,not_damaged,1040
caraballeda,avec_nuage,unep,damaged,98
caraballeda,sans_nuage,bdpm,damaged,387
caraballeda,sans_nuage,bdpm,not_damaged,2334
caraballeda,sans_nuage,chatmap,damaged,14
caraballeda,sans_nuage,chatmap,destroyed,95
caraballeda,sans_nuage,ems,damaged,142
caraballeda,sans_nuage,ems,destroyed,203
caraballeda,sans_nuage,ems,probably_damaged,200
caraballeda,sans_nuage,eos,damaged,411
caraballeda,sans_nuage,eos,destroyed,170
caraballeda,sans_nuage,eos,not_damaged,3558
caraballeda,sans_nuage,fair,damaged,349
caraballeda,sans_nuage,fair,destroyed,97
caraballeda,sans_nuage,fair,not_damaged,4529
caraballeda,sans_nuage,microsoft,damaged,691
caraballeda,sans_nuage,nasa_s1,damaged,534
caraballeda,sans_nuage,nasa_s1,destroyed,51
caraballeda,sans_nuage,nasa_s1,not_damaged,6734
caraballeda,sans_nuage,nasa_s2,damaged,1576
caraballeda,sans_nuage,nasa_s2,destroyed,359
caraballeda,sans_nuage,nasa_s2,not_damaged,5138
caraballeda,sans_nuage,osu,damaged,5046
caraballeda,sans_nuage,osu,not_damaged,2272
caraballeda,sans_nuage,t_test,damaged,974
caraballeda,sans_nuage,t_test,not_damaged,6345
caraballeda,sans_nuage,uhsail,damaged,70
caraballeda,sans_nuage,uhsail,destroyed,536
caraballeda,sans_nuage,uhsail,not_damaged,3888
caraballeda,sans_nuage,unep,damaged,508
catia_la_mar,sans_nuage,bdpm,damaged,2276
catia_la_mar,sans_nuage,bdpm,not_damaged,10914
catia_la_mar,sans_nuage,chatmap,damaged,19
catia_la_mar,sans_nuage,chatmap,destroyed,119
catia_la_mar,sans_nuage,disha,damaged,86
catia_la_mar,sans_nuage,disha,not_damaged,9893
catia_la_mar,sans_nuage,ems,damaged,327
catia_la_mar,sans_nuage,ems,destroyed,259
catia_la_mar,sans_nuage,ems,probably_damaged,781
catia_la_mar,sans_nuage,eos,damaged,1078
catia_la_mar,sans_nuage,eos,destroyed,369
catia_la_mar,sans_nuage,eos,not_damaged,10332
catia_la_mar,sans_nuage,fair,damaged,2358
catia_la_mar,sans_nuage,fair,destroyed,175
catia_la_mar,sans_nuage,fair,not_damaged,24757
catia_la_mar,sans_nuage,microsoft,damaged,9374
catia_la_mar,sans_nuage,nasa_s1,damaged,1310
catia_la_mar,sans_nuage,nasa_s1,destroyed,83
catia_la_mar,sans_nuage,nasa_s1,not_damaged,31424
catia_la_mar,sans_nuage,nasa_s2,damaged,6858
catia_la_mar,sans_nuage,nasa_s2,destroyed,877
catia_la_mar,sans_nuage,nasa_s2,not_damaged,24797
catia_la_mar,sans_nuage,osu,damaged,17268
catia_la_mar,sans_nuage,osu,not_damaged,15524
catia_la_mar,sans_nuage,t_test,damaged,1624
catia_la_mar,sans_nuage,t_test,not_damaged,31193
catia_la_mar,sans_nuage,uhsail,damaged,238
catia_la_mar,sans_nuage,uhsail,destroyed,759
catia_la_mar,sans_nuage,uhsail,not_damaged,28665
catia_la_mar,sans_nuage,unep,damaged,5565
la_guaira,sans_nuage,bdpm,damaged,62
la_guaira,sans_nuage,bdpm,not_damaged,6505
la_guaira,sans_nuage,chatmap,damaged,6
la_guaira,sans_nuage,chatmap,destroyed,9
la_guaira,sans_nuage,disha,not_damaged,3032
la_guaira,sans_nuage,ems,damaged,68
la_guaira,sans_nuage,ems,destroyed,25
la_guaira,sans_nuage,ems,probably_damaged,140
la_guaira,sans_nuage,eos,damaged,266
la_guaira,sans_nuage,eos,destroyed,77
la_guaira,sans_nuage,eos,not_damaged,6590
la_guaira,sans_nuage,fair,damaged,2450
la_guaira,sans_nuage,fair,destroyed,100
la_guaira,sans_nuage,fair,not_damaged,11098
la_guaira,sans_nuage,microsoft,damaged,706
la_guaira,sans_nuage,nasa_s1,damaged,519
la_guaira,sans_nuage,nasa_s1,destroyed,49
la_guaira,sans_nuage,nasa_s1,not_damaged,15760
la_guaira,sans_nuage,nasa_s2,damaged,1756
la_guaira,sans_nuage,nasa_s2,destroyed,266
la_guaira,sans_nuage,nasa_s2,not_damaged,14190
la_guaira,sans_nuage,osu,damaged,8884
la_guaira,sans_nuage,osu,not_damaged,7441
la_guaira,sans_nuage,t_test,damaged,278
la_guaira,sans_nuage,t_test,not_damaged,16050
la_guaira,sans_nuage,uhsail,damaged,2980
la_guaira,sans_nuage,uhsail,destroyed,93
la_guaira,sans_nuage,uhsail,not_damaged,13243
la_guaira,sans_nuage,unep,damaged,375
