source,n,tp,fp,fn,tn,precision,recall,kappa
chatmap,391710,313,87,2312,388998,0.7825,0.11923809523809524,0.20553414279527796
disha,41827,172,65,1535,40055,0.7257383966244726,0.10076157000585823,0.16868244082145561
fair,495786,518,35653,2199,457416,0.014320864781178291,0.19065145380934856,0.01661539409246793
impact,949003,1381,47994,1339,898289,0.027969620253164556,0.5077205882352941,0.04784543623541145
microsoft,84758,1422,9936,1203,72197,0.12519809825673534,0.5417142857142857,0.16118662317180182
osu,1048417,2406,94888,496,950627,0.02472917137747446,0.8290833907649897,0.042880754453024826
uhsail,922072,739,22176,1981,897176,0.03224961815404757,0.2716911764705882,0.05265949981838719
eos,42232,452,2458,1595,37727,0.15532646048109966,0.22081094284318514,0.13303005426456824
nasa_s1,499494,243,19409,2382,477460,0.012365153673926318,0.09257142857142857,0.012661501239896799
nasa_s2,469420,1633,112626,984,354177,0.014292090776218942,0.6239969430645778,0.017231707362989134
ungsc,585072,967,531951,1658,50496,0.0018145380715231987,0.36838095238095236,-0.0053658971337618554
t_test,288374,599,2927,2304,282544,0.16988088485536018,0.206338270754392,0.1772581648618132
bdpm,288374,1270,79005,1633,206466,0.01582061663033323,0.4374784705477093,0.011326103671630443
