orbite,portee,methode,seuil_a,seuil_b,poids_a,poids_b,seuil_score,n,tp,fp,fn,tn,precision,recall,kappa
ASC,global,dpm1_seul,0.5,,,,,60682,2346,27967,279,30090,0.07739253785504568,0.8937142857142857,0.06826302576072504
ASC,global,fusion_tstat_dpm1_ET,2.7,0.4,,,,60682,894,2514,1731,55543,0.2623239436619718,0.3405714285714286,0.2602147153989753
ASC,global,fusion_tstat_dpm1_pondere,,,0.9,0.1,0.3,60682,853,2436,1772,55621,0.25934934630586803,0.32495238095238094,0.25250205574491724
ASC,zone_la_guaira,dpm1_seul,0.5,,,,,19186,165,4428,132,14461,0.035924232527759635,0.5555555555555556,0.03955523830607845
ASC,zone_la_guaira,fusion_tstat_dpm1_ET,2.7,0.4,,,,19186,70,189,227,18700,0.2702702702702703,0.2356902356902357,0.2408500632991511
ASC,zone_la_guaira,fusion_tstat_dpm1_pondere,,,0.8,0.2,0.36,19186,72,237,225,18652,0.23300970873786409,0.24242424242424243,0.22539541053746487
ASC,zone_catia_la_mar,dpm1_seul,0.5,,,,,29942,1636,15720,83,12503,0.09426135054159945,0.951716114019779,0.07488223608093801
ASC,zone_catia_la_mar,fusion_tstat_dpm1_ET,2.7,0.46,,,,29942,555,1400,1164,26823,0.28388746803069054,0.3228621291448517,0.25670882852247706
ASC,zone_catia_la_mar,fusion_tstat_dpm1_pondere,,,0.9,0.1,0.3,29942,535,1352,1184,26871,0.2835188129305776,0.3112274578243165,0.2517697238717372
ASC,zone_caraballeda,dpm1_seul,0.5,,,,,11554,545,7819,64,3126,0.06516021042563366,0.8949096880131363,0.025741717885187643
ASC,zone_caraballeda,fusion_tstat_dpm1_ET,3.1,0.42,,,,11554,187,447,422,10498,0.2949526813880126,0.3070607553366174,0.26115806352152193
ASC,zone_caraballeda,fusion_tstat_dpm1_pondere,,,1.0,0.0,0.32,11554,231,677,378,10268,0.2544052863436123,0.3793103448275862,0.2577115793624852
DESC,global,dpm1_seul,0.5,,,,,60682,2392,32094,233,25963,0.06936148002087804,0.9112380952380953,0.052754950868889976
DESC,global,fusion_tstat_dpm1_ET,2.7,0.5,,,,60682,877,2439,1748,55618,0.264475271411339,0.3340952380952381,0.25947686192045366
DESC,global,fusion_tstat_dpm1_pondere,,,0.9,0.1,0.3,60682,870,2461,1755,55596,0.2611828279795857,0.3314285714285714,0.25615050565392644
DESC,zone_la_guaira,dpm1_seul,0.5,,,,,19186,228,7947,69,10942,0.027889908256880733,0.7676767676767676,0.024687166433541508
DESC,zone_la_guaira,fusion_tstat_dpm1_ET,2.7,0.5,,,,19186,68,171,229,18718,0.28451882845188287,0.22895622895622897,0.2432849227893063
DESC,zone_la_guaira,fusion_tstat_dpm1_pondere,,,0.7,0.3,0.44,19186,65,131,232,18758,0.33163265306122447,0.21885521885521886,0.2545157635068294
DESC,zone_catia_la_mar,dpm1_seul,0.5,,,,,29942,1589,15663,130,12560,0.09210526315789473,0.9243746364165212,0.07045818881577422
DESC,zone_catia_la_mar,fusion_tstat_dpm1_ET,2.7,0.5,,,,29942,543,1386,1176,26837,0.28149300155520995,0.3158813263525305,0.25230009276923504
DESC,zone_catia_la_mar,fusion_tstat_dpm1_pondere,,,0.9,0.1,0.3,29942,538,1359,1181,26864,0.2836056931997891,0.31297265852239675,0.25254165702441633
DESC,zone_caraballeda,dpm1_seul,0.5,,,,,11554,575,8484,34,2461,0.0634727894911138,0.9441707717569786,0.0223823711105798
DESC,zone_caraballeda,fusion_tstat_dpm1_ET,3.1,0.5,,,,11554,185,437,424,10508,0.297427652733119,0.30377668308702793,0.2612168778329126
DESC,zone_caraballeda,fusion_tstat_dpm1_pondere,,,0.9,0.1,0.36,11554,246,748,363,10197,0.24748490945674045,0.4039408866995074,0.2584506281494846
