orbite,portee,methode,critere,seuil,seuil_a,seuil_b,poids_a,poids_b,seuil_score,n,tp,fp,fn,tn,precision,recall,f1,kappa
ASC,global,dpm1_seul,kappa,0.5,,,,,,60682,2430,31297,195,26760,0.0720491001274943,0.9257142857142857,0.13369278169014087,0.0580861286894541
ASC,global,dpm1_seul,f1,0.5,,,,,,60682,2430,31297,195,26760,0.0720491001274943,0.9257142857142857,0.13369278169014087,0.0580861286894541
ASC,global,dpm1_seul,rappel_95pct,0.4,,,,,,60682,2504,38523,121,19534,0.06103297828259439,0.9539047619047619,0.1147255566755246,0.03636891123757449
ASC,global,dpm1_seul,rappel_90pct,0.5,,,,,,60682,2430,31297,195,26760,0.0720491001274943,0.9257142857142857,0.13369278169014087,0.0580861286894541
ASC,global,dpm1_seul,rappel_85pct,0.5,,,,,,60682,2430,31297,195,26760,0.0720491001274943,0.9257142857142857,0.13369278169014087,0.0580861286894541
ASC,global,dpm1_seul,rappel_80pct,0.5,,,,,,60682,2430,31297,195,26760,0.0720491001274943,0.9257142857142857,0.13369278169014087,0.0580861286894541
ASC,global,dpm1_seul,rappel_75pct,0.5,,,,,,60682,2430,31297,195,26760,0.0720491001274943,0.9257142857142857,0.13369278169014087,0.0580861286894541
ASC,global,dpm1_seul,rappel_70pct,0.5,,,,,,60682,2430,31297,195,26760,0.0720491001274943,0.9257142857142857,0.13369278169014087,0.0580861286894541
ASC,global,fusion_tstat_dpm1_ET,kappa,,2.7,0.48,,,,60682,898,2520,1727,55537,0.26272674078408426,0.3420952380952381,0.2972033758067186,0.2610425523255568
ASC,global,fusion_tstat_dpm1_ET,f1,,2.7,0.48,,,,60682,898,2520,1727,55537,0.26272674078408426,0.3420952380952381,0.2972033758067186,0.2610425523255568
ASC,global,fusion_tstat_dpm1_ET,rappel_95pct,,1.3,0.38,,,,60682,2498,35938,127,22119,0.06499115412633989,0.9516190476190476,0.12167263339908915,0.044272412083812426
ASC,global,fusion_tstat_dpm1_ET,rappel_90pct,,1.5,0.46,,,,60682,2364,25916,261,32141,0.08359264497878359,0.9005714285714286,0.15298495389095615,0.08016325092533484
ASC,global,fusion_tstat_dpm1_ET,rappel_85pct,,1.7,0.4,,,,60682,2240,21367,385,36690,0.09488710975558097,0.8533333333333334,0.17078377554132357,0.1007706812746722
ASC,global,fusion_tstat_dpm1_ET,rappel_80pct,,1.8,0.48,,,,60682,2105,16237,520,41820,0.11476392977865009,0.8019047619047619,0.20079172032241138,0.13535074183188814
ASC,global,fusion_tstat_dpm1_ET,rappel_75pct,,1.9,0.46,,,,60682,1973,13711,652,44346,0.12579699056363172,0.7516190476190476,0.21552242066743132,0.1527290271423985
ASC,global,fusion_tstat_dpm1_ET,rappel_70pct,,2.0,0.46,,,,60682,1841,11286,784,46771,0.14024529595490212,0.7013333333333334,0.23374809547993908,0.17420942666196754
ASC,global,fusion_tstat_dpm1_pondere,kappa,,,,0.5,0.5,0.56,60682,984,2937,1641,55120,0.25095638867635806,0.37485714285714283,0.30064161319890004,0.26241810854688524
ASC,global,fusion_tstat_dpm1_pondere,f1,,,,0.6,0.4,0.48,60682,1198,4104,1427,53953,0.2259524707657488,0.4563809523809524,0.30225810521004165,0.25940198765855516
ASC,global,fusion_tstat_dpm1_pondere,rappel_95pct,,,,0.7,0.3,0.28,60682,2508,36425,117,21632,0.06441835974623071,0.9554285714285714,0.12069878242456326,0.04314387388668392
ASC,global,fusion_tstat_dpm1_pondere,rappel_90pct,,,,0.6,0.4,0.38,60682,2370,24489,255,33568,0.08823857924717972,0.9028571428571428,0.16076516076516076,0.08896275671733071
ASC,global,fusion_tstat_dpm1_pondere,rappel_85pct,,,,0.4,0.6,0.54,60682,2241,19581,384,38476,0.10269452845751993,0.8537142857142858,0.18333537857405818,0.11498873445697837
ASC,global,fusion_tstat_dpm1_pondere,rappel_80pct,,,,0.8,0.2,0.28,60682,2103,15216,522,42841,0.1214273341416941,0.8011428571428572,0.21089049338146812,0.146789277288044
ASC,global,fusion_tstat_dpm1_pondere,rappel_75pct,,,,0.7,0.3,0.36,60682,2038,12579,587,45478,0.139426694944243,0.7763809523809524,0.23639948961837376,0.17596037115316177
ASC,global,fusion_tstat_dpm1_pondere,rappel_70pct,,,,0.8,0.2,0.3,60682,1864,10246,761,47811,0.15392237819983484,0.7100952380952381,0.2530030539531727,0.1958229281016863
ASC,zone_la_guaira,dpm1_seul,kappa,0.5,,,,,,19186,187,5527,110,13362,0.03272663633181659,0.6296296296296297,0.0622192646814174,0.03378315925438594
ASC,zone_la_guaira,dpm1_seul,f1,0.5,,,,,,19186,187,5527,110,13362,0.03272663633181659,0.6296296296296297,0.0622192646814174,0.03378315925438594
ASC,zone_la_guaira,dpm1_seul,rappel_95pct,0.2,,,,,,19186,283,15574,14,3315,0.017847007630699376,0.9528619528619529,0.035037761545128145,0.004792553988251157
ASC,zone_la_guaira,dpm1_seul,rappel_90pct,0.26,,,,,,19186,274,13106,23,5783,0.02047832585949178,0.9225589225589226,0.040067266213350876,0.010084948706236944
ASC,zone_la_guaira,dpm1_seul,rappel_85pct,0.32,,,,,,19186,254,10793,43,8096,0.022992667692586222,0.8552188552188552,0.04478138222849083,0.015086738001342014
ASC,zone_la_guaira,dpm1_seul,rappel_80pct,0.36,,,,,,19186,247,9343,50,9546,0.02575599582898853,0.8316498316498316,0.049964599979771415,0.020551717557561276
ASC,zone_la_guaira,dpm1_seul,rappel_75pct,0.38,,,,,,19186,237,8692,60,10197,0.026542725949154442,0.797979797979798,0.051376544548016476,0.02207455397215951
ASC,zone_la_guaira,dpm1_seul,rappel_70pct,0.42,,,,,,19186,211,7588,86,11301,0.027054750609052443,0.7104377104377104,0.05212450592885376,0.02298572800764455
ASC,zone_la_guaira,fusion_tstat_dpm1_ET,kappa,,2.7,0.5,,,,19186,69,187,228,18702,0.26953125,0.23232323232323232,0.24954792043399643,0.23863579642130625
ASC,zone_la_guaira,fusion_tstat_dpm1_ET,f1,,2.7,0.5,,,,19186,69,187,228,18702,0.26953125,0.23232323232323232,0.24954792043399643,0.23863579642130625
ASC,zone_la_guaira,fusion_tstat_dpm1_ET,rappel_95pct,,1.3,0.12,,,,19186,283,15402,14,3487,0.018042715970672616,0.9528619528619529,0.03541484169690902,0.0051877383328122004
ASC,zone_la_guaira,fusion_tstat_dpm1_ET,rappel_90pct,,1.2,0.26,,,,19186,268,12135,29,6754,0.021607675562363943,0.9023569023569024,0.042204724409448814,0.012341844923573384
ASC,zone_la_guaira,fusion_tstat_dpm1_ET,rappel_85pct,,1.3,0.28,,,,19186,258,10290,39,8599,0.024459613196814563,0.8686868686868687,0.04757952973720609,0.018009633755492947
ASC,zone_la_guaira,fusion_tstat_dpm1_ET,rappel_80pct,,1.3,0.36,,,,19186,238,7720,59,11169,0.02990701181201307,0.8013468013468014,0.05766202301635373,0.02867157271348805
ASC,zone_la_guaira,fusion_tstat_dpm1_ET,rappel_75pct,,1.4,0.36,,,,19186,227,6719,70,12170,0.03268067952778578,0.7643097643097643,0.06268120944360071,0.0340001385659975
ASC,zone_la_guaira,fusion_tstat_dpm1_ET,rappel_70pct,,1.5,0.36,,,,19186,211,5670,86,13219,0.03587825199795953,0.7104377104377104,0.06830689543541599,0.04001448428331317
ASC,zone_la_guaira,fusion_tstat_dpm1_pondere,kappa,,,,0.7,0.3,0.42,19186,66,185,231,18704,0.26294820717131473,0.2222222222222222,0.24087591240875914,0.2299562154106882
ASC,zone_la_guaira,fusion_tstat_dpm1_pondere,f1,,,,0.7,0.3,0.42,19186,66,185,231,18704,0.26294820717131473,0.2222222222222222,0.24087591240875914,0.2299562154106882
ASC,zone_la_guaira,fusion_tstat_dpm1_pondere,rappel_95pct,,,,0.7,0.3,0.24,19186,283,14442,14,4447,0.019219015280135823,0.9528619528619529,0.037678072160830786,0.007559525016334581
ASC,zone_la_guaira,fusion_tstat_dpm1_pondere,rappel_90pct,,,,0.3,0.7,0.44,19186,270,12336,27,6553,0.021418372203712517,0.9090909090909091,0.04185073238781678,0.01196521030116873
ASC,zone_la_guaira,fusion_tstat_dpm1_pondere,rappel_85pct,,,,0.3,0.7,0.46,19186,254,10506,43,8383,0.023605947955390335,0.8552188552188552,0.04594374604323053,0.016306575803092593
ASC,zone_la_guaira,fusion_tstat_dpm1_pondere,rappel_80pct,,,,0.3,0.7,0.48,19186,238,8904,59,9985,0.026033690658499236,0.8013468013468014,0.050429070876152136,0.021075117273770035
ASC,zone_la_guaira,fusion_tstat_dpm1_pondere,rappel_75pct,,,,0.7,0.3,0.28,19186,225,7709,72,11180,0.028358961431812452,0.7575757575757576,0.05467136435427043,0.02559217039254739
ASC,zone_la_guaira,fusion_tstat_dpm1_pondere,rappel_70pct,,,,0.9,0.1,0.18,19186,212,6183,85,12706,0.03315089913995309,0.7138047138047138,0.06335923490735207,0.034802888952622804
ASC,zone_catia_la_mar,dpm1_seul,kappa,0.5,,,,,,29942,1666,17164,53,11059,0.08847583643122676,0.9691681210005817,0.16214900968416956,0.0636269202574986
ASC,zone_catia_la_mar,dpm1_seul,f1,0.5,,,,,,29942,1666,17164,53,11059,0.08847583643122676,0.9691681210005817,0.16214900968416956,0.0636269202574986
ASC,zone_catia_la_mar,dpm1_seul,rappel_95pct,0.5,,,,,,29942,1666,17164,53,11059,0.08847583643122676,0.9691681210005817,0.16214900968416956,0.0636269202574986
ASC,zone_catia_la_mar,dpm1_seul,rappel_90pct,0.5,,,,,,29942,1666,17164,53,11059,0.08847583643122676,0.9691681210005817,0.16214900968416956,0.0636269202574986
ASC,zone_catia_la_mar,dpm1_seul,rappel_85pct,0.5,,,,,,29942,1666,17164,53,11059,0.08847583643122676,0.9691681210005817,0.16214900968416956,0.0636269202574986
ASC,zone_catia_la_mar,dpm1_seul,rappel_80pct,0.5,,,,,,29942,1666,17164,53,11059,0.08847583643122676,0.9691681210005817,0.16214900968416956,0.0636269202574986
ASC,zone_catia_la_mar,dpm1_seul,rappel_75pct,0.5,,,,,,29942,1666,17164,53,11059,0.08847583643122676,0.9691681210005817,0.16214900968416956,0.0636269202574986
ASC,zone_catia_la_mar,dpm1_seul,rappel_70pct,0.5,,,,,,29942,1666,17164,53,11059,0.08847583643122676,0.9691681210005817,0.16214900968416956,0.0636269202574986
ASC,zone_catia_la_mar,fusion_tstat_dpm1_ET,kappa,,2.7,0.5,,,,29942,558,1414,1161,26809,0.2829614604462475,0.32460732984293195,0.302357084800867,0.2567622449508596
ASC,zone_catia_la_mar,fusion_tstat_dpm1_ET,f1,,2.7,0.5,,,,29942,558,1414,1161,26809,0.2829614604462475,0.32460732984293195,0.302357084800867,0.2567622449508596
ASC,zone_catia_la_mar,fusion_tstat_dpm1_ET,rappel_95pct,,1.4,0.48,,,,29942,1637,15166,82,13057,0.09742307921204547,0.9522978475858057,0.17676276859950332,0.08103867860724014
ASC,zone_catia_la_mar,fusion_tstat_dpm1_ET,rappel_90pct,,1.6,0.5,,,,29942,1550,12019,169,16204,0.11423096764684207,0.9016870273414777,0.20277341705913138,0.11230754747409157
ASC,zone_catia_la_mar,fusion_tstat_dpm1_ET,rappel_85pct,,1.7,0.5,,,,29942,1492,10520,227,17703,0.12420912420912421,0.8679464805119256,0.21731847644017188,0.12992144368633815
ASC,zone_catia_la_mar,fusion_tstat_dpm1_ET,rappel_80pct,,1.8,0.5,,,,29942,1419,9072,300,19151,0.1352587932513583,0.8254799301919721,0.23243243243243242,0.1484182436591627
ASC,zone_catia_la_mar,fusion_tstat_dpm1_ET,rappel_75pct,,1.9,0.5,,,,29942,1311,7595,408,20628,0.14720413204581181,0.7626527050610821,0.2467764705882353,0.16656212368692325
ASC,zone_catia_la_mar,fusion_tstat_dpm1_ET,rappel_70pct,,2.0,0.5,,,,29942,1215,6442,504,21781,0.15867833355099908,0.7068062827225131,0.2591723549488055,0.18251654310526155
ASC,zone_catia_la_mar,fusion_tstat_dpm1_pondere,kappa,,,,0.5,0.5,0.56,29942,672,1825,1047,26398,0.26912294753704447,0.39092495636998253,0.31878557874762803,0.26907905230654394
ASC,zone_catia_la_mar,fusion_tstat_dpm1_pondere,f1,,,,0.5,0.5,0.56,29942,672,1825,1047,26398,0.26912294753704447,0.39092495636998253,0.31878557874762803,0.26907905230654394
ASC,zone_catia_la_mar,fusion_tstat_dpm1_pondere,rappel_95pct,,,,0.5,0.5,0.44,29942,1635,14349,84,13874,0.1022897897897898,0.9511343804537522,0.18471445517708862,0.09041553922831314
ASC,zone_catia_la_mar,fusion_tstat_dpm1_pondere,rappel_90pct,,,,0.6,0.4,0.4,29942,1579,11817,140,16406,0.11787100627052852,0.9185573007562536,0.2089315249751902,0.11930935918828799
ASC,zone_catia_la_mar,fusion_tstat_dpm1_pondere,rappel_85pct,,,,0.6,0.4,0.42,29942,1493,9708,226,18515,0.13329167038657264,0.8685282140779523,0.23111455108359133,0.14611454304559346
ASC,zone_catia_la_mar,fusion_tstat_dpm1_pondere,rappel_80pct,,,,0.7,0.3,0.36,29942,1414,8077,305,20146,0.14898324728690338,0.8225712623618383,0.25227475468331845,0.17175750405348156
ASC,zone_catia_la_mar,fusion_tstat_dpm1_pondere,rappel_75pct,,,,0.6,0.4,0.44,29942,1356,7263,363,20960,0.15732683605986775,0.7888307155322862,0.26233313987231577,0.18424100603757074
ASC,zone_catia_la_mar,fusion_tstat_dpm1_pondere,rappel_70pct,,,,0.8,0.2,0.3,29942,1262,6473,457,21750,0.16315449256625728,0.7341477603257708,0.2669769409773641,0.1909736393041671
ASC,zone_caraballeda,dpm1_seul,kappa,0.5,,,,,,11554,577,8606,32,2339,0.06283349667864532,0.9474548440065681,0.11785130718954248,0.021072903476006714
ASC,zone_caraballeda,dpm1_seul,f1,0.5,,,,,,11554,577,8606,32,2339,0.06283349667864532,0.9474548440065681,0.11785130718954248,0.021072903476006714
ASC,zone_caraballeda,dpm1_seul,rappel_95pct,0.48,,,,,,11554,584,8900,25,2045,0.061577393504850274,0.9589490968801314,0.11572376894877637,0.01849899407983841
ASC,zone_caraballeda,dpm1_seul,rappel_90pct,0.5,,,,,,11554,577,8606,32,2339,0.06283349667864532,0.9474548440065681,0.11785130718954248,0.021072903476006714
ASC,zone_caraballeda,dpm1_seul,rappel_85pct,0.5,,,,,,11554,577,8606,32,2339,0.06283349667864532,0.9474548440065681,0.11785130718954248,0.021072903476006714
ASC,zone_caraballeda,dpm1_seul,rappel_80pct,0.5,,,,,,11554,577,8606,32,2339,0.06283349667864532,0.9474548440065681,0.11785130718954248,0.021072903476006714
ASC,zone_caraballeda,dpm1_seul,rappel_75pct,0.5,,,,,,11554,577,8606,32,2339,0.06283349667864532,0.9474548440065681,0.11785130718954248,0.021072903476006714
ASC,zone_caraballeda,dpm1_seul,rappel_70pct,0.5,,,,,,11554,577,8606,32,2339,0.06283349667864532,0.9474548440065681,0.11785130718954248,0.021072903476006714
ASC,zone_caraballeda,fusion_tstat_dpm1_ET,kappa,,3.1,-0.5,,,,11554,187,450,422,10495,0.29356357927786497,0.3070607553366174,0.3001605136436597,0.2602952420402949
ASC,zone_caraballeda,fusion_tstat_dpm1_ET,f1,,2.8,0.4,,,,11554,252,774,357,10171,0.24561403508771928,0.41379310344827586,0.3082568807339449,0.2592549385464263
ASC,zone_caraballeda,fusion_tstat_dpm1_ET,rappel_95pct,,1.6,0.4,,,,11554,580,7532,29,3413,0.07149901380670612,0.9523809523809523,0.13301226923517945,0.03875600561598432
ASC,zone_caraballeda,fusion_tstat_dpm1_ET,rappel_90pct,,1.8,0.4,,,,11554,550,5488,59,5457,0.09108976482278901,0.90311986863711,0.16548819016097488,0.07711288249141196
ASC,zone_caraballeda,fusion_tstat_dpm1_ET,rappel_85pct,,1.9,0.48,,,,11554,522,4267,87,6678,0.10899979118813949,0.8571428571428571,0.19340496480177843,0.11018519517563204
ASC,zone_caraballeda,fusion_tstat_dpm1_ET,rappel_80pct,,2.0,0.5,,,,11554,490,3404,119,7541,0.1258346173600411,0.8045977011494253,0.2176326893182323,0.13915744963970442
ASC,zone_caraballeda,fusion_tstat_dpm1_ET,rappel_75pct,,2.1,0.5,,,,11554,458,2669,151,8276,0.14646626159258075,0.7520525451559934,0.24518201284796576,0.17213629128478072
ASC,zone_caraballeda,fusion_tstat_dpm1_ET,rappel_70pct,,2.2,0.5,,,,11554,431,2109,178,8836,0.16968503937007873,0.7077175697865353,0.27373769450619245,0.20624403383784598
ASC,zone_caraballeda,fusion_tstat_dpm1_pondere,kappa,,,,0.9,0.1,0.34,11554,191,478,418,10467,0.28550074738415543,0.3136288998357964,0.298904538341158,0.2579558560321472
ASC,zone_caraballeda,fusion_tstat_dpm1_pondere,f1,,,,1.0,0.0,0.24,11554,266,855,343,10090,0.23728813559322035,0.4367816091954023,0.30751445086705204,0.25674376935841087
ASC,zone_caraballeda,fusion_tstat_dpm1_pondere,rappel_95pct,,,,0.9,0.1,0.18,11554,590,7874,19,3071,0.0697069943289225,0.9688013136288999,0.13005621073514825,0.03517306178387735
ASC,zone_caraballeda,fusion_tstat_dpm1_pondere,rappel_90pct,,,,0.9,0.1,0.2,11554,559,5704,50,5241,0.08925435095002394,0.9178981937602627,0.16268917345750872,0.07369349916541217
ASC,zone_caraballeda,fusion_tstat_dpm1_pondere,rappel_85pct,,,,0.8,0.2,0.28,11554,525,4429,84,6516,0.10597496972143722,0.8620689655172413,0.1887470789142549,0.10469832813452667
ASC,zone_caraballeda,fusion_tstat_dpm1_pondere,rappel_80pct,,,,0.8,0.2,0.3,11554,488,2876,121,8069,0.1450653983353151,0.8013136288998358,0.24565819280140952,0.17172734794359454
ASC,zone_caraballeda,fusion_tstat_dpm1_pondere,rappel_75pct,,,,0.8,0.2,0.3,11554,488,2876,121,8069,0.1450653983353151,0.8013136288998358,0.24565819280140952,0.17172734794359454
ASC,zone_caraballeda,fusion_tstat_dpm1_pondere,rappel_70pct,,,,1.0,0.0,0.18,11554,430,2171,179,8774,0.1653210303729335,0.7060755336617406,0.26791277258566976,0.1995388487172973
DESC,global,dpm1_seul,kappa,0.5,,,,,,60682,2484,35419,141,22638,0.06553570957444002,0.9462857142857143,0.12258191867350966,0.04533738686415304
DESC,global,dpm1_seul,f1,0.5,,,,,,60682,2484,35419,141,22638,0.06553570957444002,0.9462857142857143,0.12258191867350966,0.04533738686415304
DESC,global,dpm1_seul,rappel_95pct,0.48,,,,,,60682,2506,36757,119,21300,0.06382599393831342,0.9546666666666667,0.1196524064171123,0.04196032294266956
DESC,global,dpm1_seul,rappel_90pct,0.5,,,,,,60682,2484,35419,141,22638,0.06553570957444002,0.9462857142857143,0.12258191867350966,0.04533738686415304
DESC,global,dpm1_seul,rappel_85pct,0.5,,,,,,60682,2484,35419,141,22638,0.06553570957444002,0.9462857142857143,0.12258191867350966,0.04533738686415304
DESC,global,dpm1_seul,rappel_80pct,0.5,,,,,,60682,2484,35419,141,22638,0.06553570957444002,0.9462857142857143,0.12258191867350966,0.04533738686415304
DESC,global,dpm1_seul,rappel_75pct,0.5,,,,,,60682,2484,35419,141,22638,0.06553570957444002,0.9462857142857143,0.12258191867350966,0.04533738686415304
DESC,global,dpm1_seul,rappel_70pct,0.5,,,,,,60682,2484,35419,141,22638,0.06553570957444002,0.9462857142857143,0.12258191867350966,0.04533738686415304
DESC,global,fusion_tstat_dpm1_ET,kappa,,2.7,0.5,,,,60682,897,2537,1728,55520,0.26121141525917296,0.3417142857142857,0.2960884634428123,0.2597930353896396
DESC,global,fusion_tstat_dpm1_ET,f1,,2.7,0.5,,,,60682,897,2537,1728,55520,0.26121141525917296,0.3417142857142857,0.2960884634428123,0.2597930353896396
DESC,global,fusion_tstat_dpm1_ET,rappel_95pct,,1.2,0.48,,,,60682,2496,35019,129,23038,0.06653338664534186,0.9508571428571428,0.12436472346786247,0.04733328812205153
DESC,global,fusion_tstat_dpm1_ET,rappel_90pct,,1.5,0.5,,,,60682,2379,26621,246,31436,0.08203448275862069,0.9062857142857143,0.1504505928853755,0.07724334746938454
DESC,global,fusion_tstat_dpm1_ET,rappel_85pct,,1.7,0.48,,,,60682,2238,20642,387,37415,0.09781468531468532,0.8525714285714285,0.1754950009802,0.10611890416276079
DESC,global,fusion_tstat_dpm1_ET,rappel_80pct,,1.8,0.5,,,,60682,2115,16913,510,41144,0.11115198654614253,0.8057142857142857,0.19535399251835775,0.12914444653516874
DESC,global,fusion_tstat_dpm1_ET,rappel_75pct,,1.9,0.48,,,,60682,1981,14124,644,43933,0.12300527786401738,0.7546666666666667,0.21153230112119595,0.14816300763725984
DESC,global,fusion_tstat_dpm1_ET,rappel_70pct,,2.0,0.48,,,,60682,1844,11483,781,46574,0.1383657237187664,0.7024761904761905,0.23119358074222665,0.17129498498313867
DESC,global,fusion_tstat_dpm1_pondere,kappa,,,,0.7,0.3,0.44,60682,823,2096,1802,55961,0.28194587187392944,0.31352380952380954,0.29689754689754694,0.2633410383748533
DESC,global,fusion_tstat_dpm1_pondere,f1,,,,0.6,0.4,0.5,60682,921,2604,1704,55453,0.2612765957446809,0.35085714285714287,0.29951219512195126,0.2629634519685683
DESC,global,fusion_tstat_dpm1_pondere,rappel_95pct,,,,0.7,0.3,0.3,60682,2518,35025,107,23032,0.06706976000852356,0.9592380952380952,0.12537343158733322,0.0484266512761875
DESC,global,fusion_tstat_dpm1_pondere,rappel_90pct,,,,0.5,0.5,0.46,60682,2393,27065,232,30992,0.08123429968090162,0.9116190476190477,0.14917557585013871,0.07575554594165622
DESC,global,fusion_tstat_dpm1_pondere,rappel_85pct,,,,0.7,0.3,0.34,60682,2273,20889,352,37168,0.09813487609014765,0.865904761904762,0.17629037887307558,0.1068869218867299
DESC,global,fusion_tstat_dpm1_pondere,rappel_80pct,,,,0.8,0.2,0.28,60682,2109,17238,516,40819,0.10900914870522561,0.8034285714285714,0.19197160021845985,0.12533958796078662
DESC,global,fusion_tstat_dpm1_pondere,rappel_75pct,,,,0.7,0.3,0.36,60682,1992,14338,633,43719,0.12198407838334353,0.7588571428571429,0.2101820100237404,0.14657148774637993
DESC,global,fusion_tstat_dpm1_pondere,rappel_70pct,,,,0.6,0.4,0.44,60682,1877,12536,748,45521,0.13022965378477763,0.715047619047619,0.22033102476816527,0.15876325464702376
DESC,zone_la_guaira,dpm1_seul,kappa,0.5,,,,,,19186,250,8944,47,9945,0.027191646726125736,0.8417508417508418,0.05268148772521336,0.023391789160230384
DESC,zone_la_guaira,dpm1_seul,f1,0.5,,,,,,19186,250,8944,47,9945,0.027191646726125736,0.8417508417508418,0.05268148772521336,0.023391789160230384
DESC,zone_la_guaira,dpm1_seul,rappel_95pct,0.28,,,,,,19186,284,14419,13,4470,0.01931578589403523,0.9562289562289562,0.037866666666666667,0.007754940794803677
DESC,zone_la_guaira,dpm1_seul,rappel_90pct,0.38,,,,,,19186,269,11514,28,7375,0.022829500127302046,0.9057239057239057,0.04453642384105961,0.014783996307513383
DESC,zone_la_guaira,dpm1_seul,rappel_85pct,0.48,,,,,,19186,255,9323,42,9566,0.02662351221549384,0.8585858585858586,0.051645569620253164,0.022285868818464297
DESC,zone_la_guaira,dpm1_seul,rappel_80pct,0.5,,,,,,19186,250,8944,47,9945,0.027191646726125736,0.8417508417508418,0.05268148772521336,0.023391789160230384
DESC,zone_la_guaira,dpm1_seul,rappel_75pct,0.5,,,,,,19186,250,8944,47,9945,0.027191646726125736,0.8417508417508418,0.05268148772521336,0.023391789160230384
DESC,zone_la_guaira,dpm1_seul,rappel_70pct,0.5,,,,,,19186,250,8944,47,9945,0.027191646726125736,0.8417508417508418,0.05268148772521336,0.023391789160230384
DESC,zone_la_guaira,fusion_tstat_dpm1_ET,kappa,,2.7,0.5,,,,19186,71,198,226,18691,0.26394052044609667,0.23905723905723905,0.2508833922261484,0.23969609766446387
DESC,zone_la_guaira,fusion_tstat_dpm1_ET,f1,,2.7,0.5,,,,19186,71,198,226,18691,0.26394052044609667,0.23905723905723905,0.2508833922261484,0.23969609766446387
DESC,zone_la_guaira,fusion_tstat_dpm1_ET,rappel_95pct,,1.3,0.22,,,,19186,283,13929,14,4960,0.01991274978891078,0.9528619528619529,0.039010269487904065,0.008955537308861923
DESC,zone_la_guaira,fusion_tstat_dpm1_ET,rappel_90pct,,1.3,0.32,,,,19186,268,11022,29,7867,0.023737821080602302,0.9023569023569024,0.0462587382411323,0.01659278343539064
DESC,zone_la_guaira,fusion_tstat_dpm1_ET,rappel_85pct,,1.3,0.42,,,,19186,254,8890,43,9999,0.027777777777777776,0.8552188552188552,0.053807859336934646,0.024558146226918993
DESC,zone_la_guaira,fusion_tstat_dpm1_ET,rappel_80pct,,1.3,0.5,,,,19186,241,7378,56,11511,0.031631447696548104,0.8114478114478114,0.06088933804951996,0.03204576782097197
DESC,zone_la_guaira,fusion_tstat_dpm1_ET,rappel_75pct,,1.4,0.5,,,,19186,229,6394,68,12495,0.03457647591725804,0.7710437710437711,0.0661849710982659,0.03766988128155742
DESC,zone_la_guaira,fusion_tstat_dpm1_ET,rappel_70pct,,1.5,0.5,,,,19186,213,5255,84,13634,0.03895391367959034,0.7171717171717171,0.07389418907198612,0.045876268676794035
DESC,zone_la_guaira,fusion_tstat_dpm1_pondere,kappa,,,,0.7,0.3,0.44,19186,65,128,232,18761,0.33678756476683935,0.21885521885521886,0.2653061224489796,0.2562363121168008
DESC,zone_la_guaira,fusion_tstat_dpm1_pondere,f1,,,,0.7,0.3,0.44,19186,65,128,232,18761,0.33678756476683935,0.21885521885521886,0.2653061224489796,0.2562363121168008
DESC,zone_la_guaira,fusion_tstat_dpm1_pondere,rappel_95pct,,,,0.6,0.4,0.32,19186,284,13290,13,5599,0.020922351554442317,0.9562289562289562,0.040948741979669814,0.01098436621167342
DESC,zone_la_guaira,fusion_tstat_dpm1_pondere,rappel_90pct,,,,0.6,0.4,0.34,19186,270,11222,27,7667,0.023494604942568744,0.9090909090909091,0.04580541182458224,0.016111561735206757
DESC,zone_la_guaira,fusion_tstat_dpm1_pondere,rappel_85pct,,,,0.7,0.3,0.3,19186,256,8869,41,10020,0.028054794520547946,0.8619528619528619,0.05434090426661007,0.025109643133540645
DESC,zone_la_guaira,fusion_tstat_dpm1_pondere,rappel_80pct,,,,0.6,0.4,0.38,19186,240,7054,57,11835,0.03290375651220181,0.8080808080808081,0.06323277565538138,0.03451067166689215
DESC,zone_la_guaira,fusion_tstat_dpm1_pondere,rappel_75pct,,,,0.3,0.7,0.6,19186,227,6014,70,12875,0.03637237622175933,0.7643097643097643,0.06944019577852553,0.041101227581352345
DESC,zone_la_guaira,fusion_tstat_dpm1_pondere,rappel_70pct,,,,0.3,0.7,0.62,19186,209,4954,88,13935,0.040480340887081155,0.7037037037037037,0.07655677655677656,0.04870673092628955
DESC,zone_catia_la_mar,dpm1_seul,kappa,0.5,,,,,,29942,1638,17239,81,10984,0.08677226254171744,0.9528795811518325,0.15906001165274813,0.06015166675774667
DESC,zone_catia_la_mar,dpm1_seul,f1,0.5,,,,,,29942,1638,17239,81,10984,0.08677226254171744,0.9528795811518325,0.15906001165274813,0.06015166675774667
DESC,zone_catia_la_mar,dpm1_seul,rappel_95pct,0.5,,,,,,29942,1638,17239,81,10984,0.08677226254171744,0.9528795811518325,0.15906001165274813,0.06015166675774667
DESC,zone_catia_la_mar,dpm1_seul,rappel_90pct,0.5,,,,,,29942,1638,17239,81,10984,0.08677226254171744,0.9528795811518325,0.15906001165274813,0.06015166675774667
DESC,zone_catia_la_mar,dpm1_seul,rappel_85pct,0.5,,,,,,29942,1638,17239,81,10984,0.08677226254171744,0.9528795811518325,0.15906001165274813,0.06015166675774667
DESC,zone_catia_la_mar,dpm1_seul,rappel_80pct,0.5,,,,,,29942,1638,17239,81,10984,0.08677226254171744,0.9528795811518325,0.15906001165274813,0.06015166675774667
DESC,zone_catia_la_mar,dpm1_seul,rappel_75pct,0.5,,,,,,29942,1638,17239,81,10984,0.08677226254171744,0.9528795811518325,0.15906001165274813,0.06015166675774667
DESC,zone_catia_la_mar,dpm1_seul,rappel_70pct,0.5,,,,,,29942,1638,17239,81,10984,0.08677226254171744,0.9528795811518325,0.15906001165274813,0.06015166675774667
DESC,zone_catia_la_mar,fusion_tstat_dpm1_ET,kappa,,2.7,0.5,,,,29942,556,1436,1163,26787,0.2791164658634538,0.32344386271087844,0.29964969011048237,0.25364874963490164
DESC,zone_catia_la_mar,fusion_tstat_dpm1_ET,f1,,2.7,0.48,,,,29942,558,1447,1161,26776,0.27830423940149623,0.32460732984293195,0.29967776584317934,0.2535309684702029
DESC,zone_catia_la_mar,fusion_tstat_dpm1_ET,rappel_95pct,,1.3,0.48,,,,29942,1641,16405,78,11818,0.09093427906461266,0.9546247818499127,0.1660511004300531,0.06838454140386148
DESC,zone_catia_la_mar,fusion_tstat_dpm1_ET,rappel_90pct,,1.6,0.44,,,,29942,1549,13174,170,15049,0.10520953609997963,0.9011052937754508,0.1884199002554434,0.09541254497596484
DESC,zone_catia_la_mar,fusion_tstat_dpm1_ET,rappel_85pct,,1.7,0.5,,,,29942,1471,10694,248,17529,0.1209206740649404,0.8557300756253636,0.21189858830308267,0.12374204601379235
DESC,zone_catia_la_mar,fusion_tstat_dpm1_ET,rappel_80pct,,1.8,0.5,,,,29942,1404,9188,315,19035,0.13255287009063443,0.8167539267015707,0.22808870116156282,0.14347304168258362
DESC,zone_catia_la_mar,fusion_tstat_dpm1_ET,rappel_75pct,,1.9,0.5,,,,29942,1300,7687,419,20536,0.14465338822743964,0.7562536358347877,0.24285447412665795,0.16209214591974452
DESC,zone_catia_la_mar,fusion_tstat_dpm1_ET,rappel_70pct,,2.0,0.5,,,,29942,1207,6474,512,21749,0.157140997265981,0.702152414194299,0.2568085106382979,0.17985946164181904
DESC,zone_catia_la_mar,fusion_tstat_dpm1_pondere,kappa,,,,0.9,0.1,0.3,29942,571,1454,1148,26769,0.2819753086419753,0.3321698662012798,0.3050213675213675,0.25900305702163645
DESC,zone_catia_la_mar,fusion_tstat_dpm1_pondere,f1,,,,0.8,0.2,0.36,29942,624,1746,1095,26477,0.26329113924050634,0.36300174520069806,0.30520909757887016,0.25567320960276974
DESC,zone_catia_la_mar,fusion_tstat_dpm1_pondere,rappel_95pct,,,,0.5,0.5,0.44,29942,1636,15311,83,12912,0.09653626010503334,0.951716114019779,0.17529197471338265,0.0793123735809446
DESC,zone_catia_la_mar,fusion_tstat_dpm1_pondere,rappel_90pct,,,,0.6,0.4,0.4,29942,1549,12254,170,15969,0.11222198072882707,0.9011052937754508,0.1995876819997423,0.10856711737057761
DESC,zone_catia_la_mar,fusion_tstat_dpm1_pondere,rappel_85pct,,,,0.7,0.3,0.34,29942,1504,10805,215,17418,0.12218701762937688,0.8749272833042466,0.2144282862845737,0.12641296901828675
DESC,zone_catia_la_mar,fusion_tstat_dpm1_pondere,rappel_80pct,,,,0.8,0.2,0.28,29942,1398,9325,321,18898,0.13037396251049146,0.8132635253054101,0.22472271339013017,0.13957691345101667
DESC,zone_catia_la_mar,fusion_tstat_dpm1_pondere,rappel_75pct,,,,0.7,0.3,0.36,29942,1325,8149,394,20074,0.13985644922947013,0.7707969749854566,0.23675511480389527,0.15459170638501937
DESC,zone_catia_la_mar,fusion_tstat_dpm1_pondere,rappel_70pct,,,,0.6,0.4,0.44,29942,1247,7243,472,20980,0.1468786808009423,0.7254217568353694,0.24429425017141737,0.1645153534319223
DESC,zone_caraballeda,dpm1_seul,kappa,0.5,,,,,,11554,596,9236,13,1709,0.06061838893409276,0.9786535303776683,0.1141653098362226,0.016537760218490166
DESC,zone_caraballeda,dpm1_seul,f1,0.5,,,,,,11554,596,9236,13,1709,0.06061838893409276,0.9786535303776683,0.1141653098362226,0.016537760218490166
DESC,zone_caraballeda,dpm1_seul,rappel_95pct,0.5,,,,,,11554,596,9236,13,1709,0.06061838893409276,0.9786535303776683,0.1141653098362226,0.016537760218490166
DESC,zone_caraballeda,dpm1_seul,rappel_90pct,0.5,,,,,,11554,596,9236,13,1709,0.06061838893409276,0.9786535303776683,0.1141653098362226,0.016537760218490166
DESC,zone_caraballeda,dpm1_seul,rappel_85pct,0.5,,,,,,11554,596,9236,13,1709,0.06061838893409276,0.9786535303776683,0.1141653098362226,0.016537760218490166
DESC,zone_caraballeda,dpm1_seul,rappel_80pct,0.5,,,,,,11554,596,9236,13,1709,0.06061838893409276,0.9786535303776683,0.1141653098362226,0.016537760218490166
DESC,zone_caraballeda,dpm1_seul,rappel_75pct,0.5,,,,,,11554,596,9236,13,1709,0.06061838893409276,0.9786535303776683,0.1141653098362226,0.016537760218490166
DESC,zone_caraballeda,dpm1_seul,rappel_70pct,0.5,,,,,,11554,596,9236,13,1709,0.06061838893409276,0.9786535303776683,0.1141653098362226,0.016537760218490166
DESC,zone_caraballeda,fusion_tstat_dpm1_ET,kappa,,3.1,-0.5,,,,11554,187,450,422,10495,0.29356357927786497,0.3070607553366174,0.3001605136436597,0.2602952420402949
DESC,zone_caraballeda,fusion_tstat_dpm1_ET,f1,,2.8,0.44,,,,11554,252,774,357,10171,0.24561403508771928,0.41379310344827586,0.3082568807339449,0.2592549385464263
DESC,zone_caraballeda,fusion_tstat_dpm1_ET,rappel_95pct,,1.6,0.48,,,,11554,581,7231,28,3714,0.07437275985663082,0.9540229885057471,0.13798836242726517,0.04455089698117423
DESC,zone_caraballeda,fusion_tstat_dpm1_ET,rappel_90pct,,1.8,0.5,,,,11554,550,5152,59,5793,0.09645738337425465,0.90311986863711,0.17429884328949452,0.087375575351688
DESC,zone_caraballeda,fusion_tstat_dpm1_ET,rappel_85pct,,1.9,0.5,,,,11554,529,4222,80,6723,0.11134498000420964,0.8686371100164204,0.19738805970149254,0.11466159407091069
DESC,zone_caraballeda,fusion_tstat_dpm1_ET,rappel_80pct,,2.0,0.5,,,,11554,501,3410,108,7535,0.12810023012017388,0.8226600985221675,0.22168141592920354,0.1435617531233667
DESC,zone_caraballeda,fusion_tstat_dpm1_ET,rappel_75pct,,2.1,0.5,,,,11554,466,2654,143,8291,0.14935897435897436,0.7651888341543513,0.24993295789755965,0.17737610152918015
DESC,zone_caraballeda,fusion_tstat_dpm1_ET,rappel_70pct,,2.2,0.5,,,,11554,438,2109,171,8836,0.17196702002355713,0.7192118226600985,0.27756653992395436,0.2103896813931031
DESC,zone_caraballeda,fusion_tstat_dpm1_pondere,kappa,,,,0.7,0.3,0.46,11554,205,528,404,10417,0.27967257844474763,0.3366174055829228,0.3055141579731744,0.2630829922025211
DESC,zone_caraballeda,fusion_tstat_dpm1_pondere,f1,,,,1.0,0.0,0.24,11554,266,855,343,10090,0.23728813559322035,0.4367816091954023,0.30751445086705204,0.25674376935841087
DESC,zone_caraballeda,fusion_tstat_dpm1_pondere,rappel_95pct,,,,0.8,0.2,0.26,11554,586,7242,23,3703,0.07485947879407256,0.9622331691297209,0.13891193552210504,0.04555928567284826
DESC,zone_caraballeda,fusion_tstat_dpm1_pondere,rappel_90pct,,,,0.6,0.4,0.42,11554,550,5569,59,5376,0.08988396796862233,0.90311986863711,0.1634958382877527,0.07479056269730243
DESC,zone_caraballeda,fusion_tstat_dpm1_pondere,rappel_85pct,,,,0.7,0.3,0.36,11554,524,4228,85,6717,0.11026936026936027,0.8604269293924466,0.19548591680656593,0.11256120726319115
DESC,zone_caraballeda,fusion_tstat_dpm1_pondere,rappel_80pct,,,,0.8,0.2,0.3,11554,495,3116,114,7829,0.13708114095818333,0.812807881773399,0.23459715639810427,0.15870857685589365
DESC,zone_caraballeda,fusion_tstat_dpm1_pondere,rappel_75pct,,,,0.9,0.1,0.24,11554,461,2500,148,8445,0.15569064505234717,0.7569786535303776,0.2582633053221288,0.18719580273594247
DESC,zone_caraballeda,fusion_tstat_dpm1_pondere,rappel_70pct,,,,1.0,0.0,0.18,11554,430,2171,179,8774,0.1653210303729335,0.7060755336617406,0.26791277258566976,0.1995388487172973
