alea;derniere_avant_h;evenement;image_2_apres_h;image_3_apres_h;latitude;longitude;n_acquisitions_30j_apres;n_acquisitions_30j_avant;n_images_a_168h;n_images_a_24h;n_images_a_48h;n_images_a_72h;orbites_distinctes;pays;premiere_apres_date;premiere_apres_h;premiere_apres_orbite;premiere_apres_passe;zone
cyclone;-257.7;2025-10-28T17:00:00;114.1;174.3;17.9117;-77.7409;7;4;2;0;1;1;2;Jamaique;2025-10-29T23:18:00;30.3;150;ASCENDING;EMS_AOI16
cyclone;-257.7;2025-10-28T17:00:00;114.1;174.3;17.9013;-77.624;7;4;2;0;1;1;2;Jamaique;2025-10-29T23:18:00;30.3;150;ASCENDING;EMS_AOI17
cyclone;-29.9;2025-10-28T17:00:00;114.1;150.4;18.2691;-78.1426;9;8;3;0;1;1;3;Jamaique;2025-10-29T23:18:00;30.3;150;ASCENDING;EMS_AOI19
cyclone;-29.9;2025-10-28T17:00:00;114.1;150.4;18.2473;-78.2771;9;8;3;0;1;1;3;Jamaique;2025-10-29T23:18:00;30.3;150;ASCENDING;EMS_AOI20
cyclone;-257.7;2025-10-28T17:00:00;114.1;174.3;18.0779;-77.8153;7;4;2;0;1;1;2;Jamaique;2025-10-29T23:18:00;30.3;150;ASCENDING;EMS_AOI21
cyclone;-257.7;2025-10-28T17:00:00;114.1;174.3;17.9882;-77.785;7;4;2;0;1;1;2;Jamaique;2025-10-29T23:18:00;30.3;150;ASCENDING;EMS_AOI26
cyclone;-257.7;2025-10-28T17:00:00;114.1;174.3;18.0223;-77.7002;7;4;2;0;1;1;2;Jamaique;2025-10-29T23:18:00;30.3;150;ASCENDING;EMS_AOI27
cyclone;-257.7;2025-10-28T17:00:00;114.1;174.3;17.9925;-77.6163;7;4;2;0;1;1;2;Jamaique;2025-10-29T23:18:00;30.3;150;ASCENDING;EMS_AOI28
cyclone;-257.7;2025-10-28T17:00:00;114.1;174.3;18.109;-77.6731;7;4;2;0;1;1;2;Jamaique;2025-10-29T23:18:00;30.3;150;ASCENDING;EMS_AOI29
cyclone;-29.9;2025-10-28T17:00:00;114.1;174.3;18.2425;-77.9749;7;5;2;0;1;1;2;Jamaique;2025-10-29T23:18:00;30.3;150;ASCENDING;EMS_AOI30
cyclone;-29.9;2025-10-28T17:00:00;114.1;150.4;18.3541;-78.296;9;8;3;0;1;1;3;Jamaique;2025-10-29T23:18:00;30.3;150;ASCENDING;EMS_AOI36
cyclone;-29.9;2025-10-28T17:00:00;114.1;174.3;18.1587;-78.0219;7;5;2;0;1;1;2;Jamaique;2025-10-29T23:18:00;30.3;150;ASCENDING;EMS_AOI38
cyclone;-257.7;2025-10-28T17:00:00;114.1;174.3;18.0927;-77.9667;7;4;2;0;1;1;2;Jamaique;2025-10-29T23:18:00;30.3;150;ASCENDING;EMS_AOI39
cyclone;-257.7;2025-10-28T17:00:00;114.1;174.3;18.0432;-77.9128;7;4;2;0;1;1;2;Jamaique;2025-10-29T23:18:00;30.3;150;ASCENDING;UNOSAT_BlackRiver
cyclone;-257.7;2025-10-28T17:00:00;114.1;174.3;18.0329;-77.8556;7;4;2;0;1;1;2;Jamaique;2025-10-29T23:18:00;30.3;150;ASCENDING;UNOSAT_BlackRiverVillage
cyclone;-257.7;2025-10-28T17:00:00;114.1;174.3;18.0913;-77.9667;7;4;2;0;1;1;2;Jamaique;2025-10-29T23:18:00;30.3;150;ASCENDING;UNOSAT_WhiteHouse
cyclone;-102.3;2025-10-29T05:30:00;125.4;185.7;20.0111;-75.8188;8;7;2;0;1;1;2;Cuba;2025-10-30T23:09:16;41.7;77;ASCENDING;CUBA_AOI13
cyclone;-42.4;2025-10-29T05:30:00;41.7;101.5;20.3699;-76.633;12;10;4;1;2;2;3;Cuba;2025-10-29T23:18:25;17.8;150;ASCENDING;CUBA_AOI23
cyclone;-42.4;2025-10-29T05:30:00;101.5;125.4;20.8768;-76.2539;11;10;3;0;1;1;3;Cuba;2025-10-30T23:09:16;41.7;77;ASCENDING;CUBA_AOI24
cyclone;-42.4;2025-10-29T05:30:00;41.7;101.5;20.3687;-76.4264;15;12;5;1;2;2;4;Cuba;2025-10-29T23:18:25;17.8;150;ASCENDING;CUBA_AOI25
seisme;-49.7;2026-08-10T12:30:00;94.3;226.9;4.8097;-75.6965;8;8;2;0;0;0;2;Colombie;2026-08-13T23:21:32;82.9;48;ASCENDING;COL_AOI02
seisme;-49.7;2026-08-10T12:30:00;94.3;226.9;5.6861;-76.653;8;8;2;0;0;0;2;Colombie;2026-08-13T23:21:57;82.9;48;ASCENDING;COL_AOI04
seisme;-49.6;2026-08-10T12:30:00;94.3;226.9;3.8806;-77.0341;8;8;2;0;0;0;2;Colombie;2026-08-13T23:21:32;82.9;48;ASCENDING;COL_AOI06
seisme;-145.3;2026-06-25T00:00:00;22.7;154.3;10.5991;-66.9299;10;9;4;2;2;2;2;Venezuela;2026-06-25T10:16:01;10.3;25;DESCENDING;VENEZ_la_guaira
seisme;-145.3;2026-06-25T00:00:00;22.7;154.3;10.5953;-67.0217;10;9;4;2;2;2;2;Venezuela;2026-06-25T10:16:01;10.3;25;DESCENDING;VENEZ_catia_la_mar
seisme;-145.3;2026-06-25T00:00:00;22.7;154.3;10.6088;-66.8426;10;9;4;2;2;2;2;Venezuela;2026-06-25T10:16:01;10.3;25;DESCENDING;VENEZ_caraballeda
seisme;-145.3;2026-06-25T00:00:00;22.7;154.3;10.4661;-66.9008;10;9;4;2;2;2;2;Venezuela;2026-06-25T10:16:01;10.3;25;DESCENDING;VENEZ_Caracas
seisme;-145.3;2026-06-25T00:00:00;22.7;130.4;10.4872;-68.1966;12;9;4;2;2;2;3;Venezuela;2026-06-25T10:16:01;10.3;25;DESCENDING;VENEZ_Moron
seisme;-1.2;2026-06-25T00:00:00;142.8;274.4;10.4069;-68.6589;8;11;2;0;0;0;3;Venezuela;2026-06-30T10:24:07;130.4;98;DESCENDING;VENEZ_San_Felipe
