alea;auc;delai_premiere_image_h;duree_post_jours;fenetre_pre_mois;kappa_max;mode;n_batiments;n_endommages;n_images_post;pays;prevalence_pct;se_kappa;seuil_kappa;sp_kappa;valeur_mediane;zone
cyclone;0.6026;47.3;8.47;3;0.1314;welch;2730;2069;3;Jamaique;75.79;0.7173;2.55;0.4281;2.827;UNOSAT_WhiteHouse
cyclone;0.6126;47.3;8.47;6;0.1544;welch;2748;2083;3;Jamaique;75.8;0.7009;3.05;0.4752;3.353;UNOSAT_WhiteHouse
cyclone;0.6065;47.3;8.47;9;0.1363;welch;2751;2084;3;Jamaique;75.75;0.7476;3.2;0.3973;3.632;UNOSAT_WhiteHouse
cyclone;0.6013;47.3;8.47;12;0.1287;welch;2750;2083;3;Jamaique;75.75;0.8502;3.1;0.2669;3.815;UNOSAT_WhiteHouse
cyclone;0.5938;47.3;8.47;24;0.1339;welch;2750;2083;3;Jamaique;75.75;0.8181;3.65;0.3103;4.361;UNOSAT_WhiteHouse
cyclone;0.6021;47.3;8.47;3;0.1225;welch;2007;1503;3;Jamaique;74.89;0.8709;2.5;0.2361;3.32;UNOSAT_BlackRiverVillage
cyclone;0.6046;47.3;8.47;6;0.12;welch;2009;1503;3;Jamaique;74.81;0.7578;3.45;0.3656;4.113;UNOSAT_BlackRiverVillage
cyclone;0.6043;47.3;8.47;9;0.1204;welch;2010;1503;3;Jamaique;74.78;0.7638;3.7;0.359;4.399;UNOSAT_BlackRiverVillage
cyclone;0.6127;47.3;8.47;12;0.1363;welch;2010;1503;3;Jamaique;74.78;0.7631;3.9;0.3767;4.655;UNOSAT_BlackRiverVillage
cyclone;0.6028;47.3;8.47;18;0.114;welch;2011;1504;3;Jamaique;74.79;0.8364;3.8;0.2682;4.943;UNOSAT_BlackRiverVillage
cyclone;0.5913;47.3;8.47;24;0.1018;welch;2011;1504;3;Jamaique;74.79;0.3637;6.0;0.7949;5.198;UNOSAT_BlackRiverVillage
cyclone;0.6194;47.3;8.47;3;0.1321;welch;5669;4481;3;Jamaique;79.04;0.5541;2.1;0.6423;2.114;EMS_AOI26
cyclone;0.6189;47.3;8.47;6;0.1348;welch;5976;4726;3;Jamaique;79.08;0.6255;2.45;0.5576;2.584;EMS_AOI26
cyclone;0.6047;47.3;8.47;9;0.1139;welch;6255;4913;3;Jamaique;78.55;0.6021;2.7;0.5537;2.814;EMS_AOI26
cyclone;0.555;47.3;8.47;3;0.0987;welch;2610;850;3;Jamaique;32.57;0.3906;2.15;0.708;1.943;EMS_AOI29
cyclone;0.5538;47.3;8.47;6;0.1006;welch;2710;893;3;Jamaique;32.95;0.2766;2.75;0.8151;2.275;EMS_AOI29
cyclone;0.5543;47.3;8.47;9;0.1075;welch;2745;904;3;Jamaique;32.93;0.1814;3.3;0.9087;2.473;EMS_AOI29
cyclone;0.551;47.3;8.47;12;0.1115;welch;2736;898;3;Jamaique;32.82;0.1648;3.6;0.9271;2.634;EMS_AOI29
cyclone;0.626;47.3;8.47;3;0.1635;welch;3000;2368;3;Jamaique;78.93;0.6837;2.55;0.5222;2.791;EMS_AOI39
cyclone;0.6345;47.3;8.47;6;0.1727;welch;3030;2389;3;Jamaique;78.84;0.7124;2.95;0.4961;3.3;EMS_AOI39
cyclone;0.6213;47.3;8.47;9;0.1532;welch;3037;2394;3;Jamaique;78.83;0.8108;2.95;0.3453;3.561;EMS_AOI39
cyclone;0.619;47.3;8.47;12;0.153;welch;3034;2391;3;Jamaique;78.81;0.8616;2.95;0.2799;3.752;EMS_AOI39
cyclone;0.6156;47.3;8.47;18;0.1586;welch;3034;2391;3;Jamaique;78.81;0.7453;3.55;0.4355;4.027;EMS_AOI39
cyclone;0.6057;47.3;8.47;24;0.1472;welch;3031;2389;3;Jamaique;78.82;0.7794;3.65;0.3785;4.288;EMS_AOI39
seisme;0.7265;95.4;10.47;3;0.0999;welch;18064;451;3;Colombie;2.5;0.3437;4.55;0.905;3.475;COL_AOI02
seisme;0.7052;95.4;10.47;6;0.0922;welch;18065;451;3;Colombie;2.5;0.1685;5.85;0.9587;4.152;COL_AOI02
seisme;0.6976;95.4;10.47;9;0.091;welch;18065;451;3;Colombie;2.5;0.1818;6.05;0.9534;4.413;COL_AOI02
seisme;0.6938;95.4;10.47;12;0.0888;welch;18070;451;3;Colombie;2.5;0.1818;6.25;0.9523;4.572;COL_AOI02
seisme;0.6814;95.4;10.47;18;0.0823;welch;18070;451;3;Colombie;2.5;0.1641;6.85;0.955;5.067;COL_AOI02
seisme;0.6753;95.4;10.47;24;0.0731;welch;18070;451;3;Colombie;2.5;0.1375;7.05;0.9602;5.156;COL_AOI02
seisme;0.548;10.3;6.93;3;0.0487;welch;11521;1109;3;Venezuela;9.63;0.1019;2.8;0.9396;2.02;VENEZ_caraballeda
seisme;0.6367;10.3;6.93;6;0.1336;welch;11515;1109;3;Venezuela;9.63;0.2967;3.2;0.8685;2.589;VENEZ_caraballeda
seisme;0.6806;10.3;6.93;9;0.1798;welch;11515;1109;3;Venezuela;9.63;0.2831;3.75;0.9082;2.908;VENEZ_caraballeda
seisme;0.6994;10.3;6.93;12;0.1972;welch;11513;1109;3;Venezuela;9.63;0.2985;4.0;0.9107;3.086;VENEZ_caraballeda
seisme;0.7142;10.3;6.93;18;0.2119;welch;11511;1109;3;Venezuela;9.63;0.3796;4.25;0.88;3.37;VENEZ_caraballeda
seisme;0.7147;10.3;6.93;24;0.2078;welch;11514;1109;3;Venezuela;9.63;0.3354;4.5;0.8988;3.481;VENEZ_caraballeda
seisme;0.5203;10.3;6.93;3;0.0236;welch;32739;3323;3;Venezuela;10.15;0.0442;3.15;0.972;1.928;VENEZ_catia_la_mar
seisme;0.594;10.3;6.93;6;0.0612;welch;32767;3340;3;Venezuela;10.19;0.1832;3.25;0.8836;2.444;VENEZ_catia_la_mar
seisme;0.6276;10.3;6.93;9;0.0935;welch;32773;3342;3;Venezuela;10.2;0.1712;3.8;0.9179;2.751;VENEZ_catia_la_mar
seisme;0.6452;10.3;6.93;12;0.1136;welch;32774;3342;3;Venezuela;10.2;0.2807;3.7;0.8591;2.908;VENEZ_catia_la_mar
seisme;0.6577;10.3;6.93;18;0.1295;welch;32772;3340;3;Venezuela;10.19;0.3216;3.95;0.8466;3.154;VENEZ_catia_la_mar
seisme;0.6632;10.3;6.93;24;0.1353;welch;32779;3340;3;Venezuela;10.19;0.3033;4.15;0.8628;3.249;VENEZ_catia_la_mar
seisme;0.5119;10.3;6.93;3;0.005;welch;19147;639;3;Venezuela;3.34;0.6682;1.65;0.3792;1.758;VENEZ_la_guaira
seisme;0.5694;10.3;6.93;6;0.021;welch;19145;639;3;Venezuela;3.34;0.0908;3.25;0.939;2.263;VENEZ_la_guaira
seisme;0.5818;10.3;6.93;9;0.0345;welch;19145;639;3;Venezuela;3.34;0.3318;3.1;0.792;2.597;VENEZ_la_guaira
seisme;0.5881;10.3;6.93;12;0.0416;welch;19144;639;3;Venezuela;3.34;0.0767;4.35;0.9661;2.791;VENEZ_la_guaira
seisme;0.5955;10.3;6.93;18;0.0472;welch;19143;639;3;Venezuela;3.34;0.0829;4.85;0.9659;3.095;VENEZ_la_guaira
seisme;0.5982;10.3;6.93;24;0.0485;welch;19148;639;3;Venezuela;3.34;0.1111;4.8;0.9503;3.204;VENEZ_la_guaira
