alea;auc;delai_premiere_image_h;duree_post_jours;kappa_max;mode;n_batiments;n_endommages;n_images_post;pays;prevalence_pct;se_kappa;seuil_kappa;sp_kappa;valeur_mediane;zone
cyclone;0.6158;47.3;2.47;0.1632;ztest;2750;2083;1;Jamaique;75.75;0.819;1.45;0.3388;1.681;UNOSAT_WhiteHouse
cyclone;0.6272;47.3;8.47;0.1858;poole;2750;2083;3;Jamaique;75.75;0.7868;1.65;0.4033;1.873;UNOSAT_WhiteHouse
cyclone;0.6445;47.3;14.47;0.1965;poole;2750;2083;5;Jamaique;75.75;0.6976;2.45;0.5307;2.608;UNOSAT_WhiteHouse
cyclone;0.6333;47.3;26.47;0.1642;poole;2750;2083;7;Jamaique;75.75;0.6788;2.7;0.5142;2.873;UNOSAT_WhiteHouse
cyclone;0.635;47.3;38.47;0.1683;poole;2750;2083;9;Jamaique;75.75;0.6793;2.75;0.5187;2.92;UNOSAT_WhiteHouse
cyclone;0.6385;47.3;2.47;0.164;ztest;2010;1503;1;Jamaique;74.78;0.6993;1.85;0.4852;2.045;UNOSAT_BlackRiverVillage
cyclone;0.6194;47.3;8.47;0.1373;poole;2010;1503;3;Jamaique;74.78;0.8403;1.85;0.286;2.374;UNOSAT_BlackRiverVillage
cyclone;0.6403;47.3;14.47;0.1825;poole;2010;1503;5;Jamaique;74.78;0.8929;2.45;0.2643;3.279;UNOSAT_BlackRiverVillage
cyclone;0.619;47.3;26.47;0.1679;poole;2010;1503;7;Jamaique;74.78;0.8629;2.8;0.288;3.643;UNOSAT_BlackRiverVillage
cyclone;0.6177;47.3;38.47;0.1825;poole;2010;1503;9;Jamaique;74.78;0.8709;2.9;0.2919;3.793;UNOSAT_BlackRiverVillage
cyclone;0.5781;47.3;2.47;0.0966;ztest;6383;5004;1;Jamaique;78.4;0.6529;1.3;0.4692;1.389;EMS_AOI26
cyclone;0.6068;47.3;8.47;0.1139;poole;6383;5004;3;Jamaique;78.4;0.736;1.3;0.3923;1.469;EMS_AOI26
cyclone;0.5988;47.3;14.47;0.1128;poole;6383;5004;5;Jamaique;78.4;0.8022;1.7;0.3118;1.953;EMS_AOI26
cyclone;0.608;47.3;26.47;0.118;poole;6383;5004;7;Jamaique;78.4;0.6313;2.05;0.5236;2.143;EMS_AOI26
cyclone;0.6128;47.3;38.47;0.1257;poole;6383;5004;9;Jamaique;78.4;0.6601;2.1;0.4989;2.223;EMS_AOI26
cyclone;0.5545;47.3;2.47;0.1059;ztest;2736;898;1;Jamaique;32.82;0.2918;1.45;0.8058;1.231;EMS_AOI29
cyclone;0.567;47.3;8.47;0.1316;poole;2736;898;3;Jamaique;32.82;0.235;1.6;0.8792;1.281;EMS_AOI29
cyclone;0.5511;47.3;14.47;0.1066;poole;2736;898;5;Jamaique;32.82;0.1648;2.15;0.9233;1.711;EMS_AOI29
cyclone;0.5653;47.3;26.47;0.1195;poole;2736;898;7;Jamaique;32.82;0.1604;2.35;0.9374;1.827;EMS_AOI29
cyclone;0.5665;47.3;38.47;0.1172;poole;2736;898;9;Jamaique;32.82;0.1715;2.45;0.9255;1.895;EMS_AOI29
cyclone;0.6241;47.3;2.47;0.1654;ztest;3034;2391;1;Jamaique;78.81;0.785;1.45;0.3919;1.655;EMS_AOI39
cyclone;0.6335;47.3;8.47;0.1846;poole;3034;2391;3;Jamaique;78.81;0.747;1.65;0.465;1.844;EMS_AOI39
cyclone;0.6407;47.3;14.47;0.1867;poole;3034;2391;5;Jamaique;78.81;0.7026;2.4;0.5272;2.567;EMS_AOI39
cyclone;0.6416;47.3;26.47;0.1852;poole;3034;2391;7;Jamaique;78.81;0.7846;2.5;0.4152;2.826;EMS_AOI39
cyclone;0.6372;47.3;38.47;0.1854;poole;3034;2391;9;Jamaique;78.81;0.7164;2.65;0.507;2.876;EMS_AOI39
cyclone;0.4641;23.3;1.47;0.0107;ztest;6345;2615;1;Cuba;41.21;0.9728;1.5;0.0399;2.157;CUBA_AOI25
cyclone;0.4899;23.3;7.47;0.0112;poole;6345;2615;5;Cuba;41.21;0.9067;1.4;0.1064;1.754;CUBA_AOI25
cyclone;0.5035;23.3;10.96;0.0161;poole;6345;2615;7;Cuba;41.21;0.7572;2.1;0.2609;2.276;CUBA_AOI25
cyclone;0.5117;23.3;14.46;0.023;poole;6345;2615;9;Cuba;41.21;0.0604;3.0;0.9595;2.357;CUBA_AOI25
seisme;0.7352;95.4;4.47;0.1231;ztest;18070;451;1;Colombie;2.5;0.2572;2.15;0.9465;1.665;COL_AOI02
seisme;0.7471;95.4;10.47;0.1267;poole;18070;451;3;Colombie;2.5;0.1951;2.7;0.9654;1.893;COL_AOI02
seisme;0.7357;95.4;16.95;0.1144;poole;18070;451;5;Colombie;2.5;0.255;2.85;0.9427;2.067;COL_AOI02
seisme;0.7369;95.4;22.95;0.109;poole;18070;451;7;Colombie;2.5;0.2794;3.05;0.9321;2.197;COL_AOI02
seisme;0.7351;95.4;34.47;0.1242;poole;18070;451;9;Colombie;2.5;0.2417;3.65;0.9514;2.506;COL_AOI02
seisme;0.5225;10.3;0.93;0.0248;ztest;11513;1109;1;Venezuela;9.63;0.8179;0.75;0.2796;0.878;VENEZ_caraballeda
seisme;0.6087;10.3;6.93;0.0648;poole;11513;1109;3;Venezuela;9.63;0.1001;1.5;0.9517;1.032;VENEZ_caraballeda
seisme;0.8004;10.3;12.93;0.3852;poole;11513;1109;5;Venezuela;9.63;0.4292;2.5;0.9456;1.774;VENEZ_caraballeda
seisme;0.8108;10.3;18.93;0.3681;poole;11513;1109;7;Venezuela;9.63;0.4617;2.75;0.9284;1.974;VENEZ_caraballeda
seisme;0.8108;10.3;24.93;0.3719;poole;11513;1109;9;Venezuela;9.63;0.4941;3.0;0.9194;2.164;VENEZ_caraballeda
seisme;0.4729;10.3;0.93;0.0154;ztest;32774;3342;1;Venezuela;10.2;0.8878;0.7;0.1762;0.942;VENEZ_catia_la_mar
seisme;0.5265;10.3;6.93;0.0376;poole;32774;3342;3;Venezuela;10.2;0.082;1.6;0.948;1.038;VENEZ_catia_la_mar
seisme;0.7443;10.3;12.93;0.2495;poole;32774;3342;5;Venezuela;10.2;0.4402;2.1;0.872;1.663;VENEZ_catia_la_mar
seisme;0.7535;10.3;18.93;0.2567;poole;32774;3342;7;Venezuela;10.2;0.4333;2.4;0.8796;1.848;VENEZ_catia_la_mar
seisme;0.7545;10.3;24.93;0.2513;poole;32774;3342;9;Venezuela;10.2;0.4533;2.6;0.8673;2.012;VENEZ_catia_la_mar
seisme;0.4823;10.3;0.93;0.0041;ztest;19144;639;1;Venezuela;3.34;0.7246;0.7;0.3179;0.779;VENEZ_la_guaira
seisme;0.5392;10.3;6.93;0.0096;poole;19144;639;3;Venezuela;3.34;0.723;0.8;0.37;0.867;VENEZ_la_guaira
seisme;0.6306;10.3;12.93;0.1376;poole;19144;639;5;Venezuela;3.34;0.1362;2.35;0.9809;1.566;VENEZ_la_guaira
seisme;0.6266;10.3;18.93;0.1503;poole;19144;639;7;Venezuela;3.34;0.1847;2.55;0.9698;1.749;VENEZ_la_guaira
seisme;0.6295;10.3;24.93;0.1361;poole;19144;639;9;Venezuela;3.34;0.1362;3.0;0.9804;1.909;VENEZ_la_guaira
