auc;couverture_pct;kappa_max;n_batiments;n_endommages;prevalence;source;variante;verite;zone
0.702;100.0;0.1849;19144;358;1.87;overture;reference;EMS;la_guaira
0.7219;100.0;0.147;19144;358;1.87;overture;welch;EMS;la_guaira
0.7155;100.0;0.1593;19144;358;1.87;overture;mahalanobis;EMS;la_guaira
0.702;100.0;0.1849;19144;358;1.87;overture;sans_masque;EMS;la_guaira
0.6963;100.0;0.2007;19144;358;1.87;overture;lissage_20m;EMS;la_guaira
0.704;100.0;0.1786;19144;358;1.87;overture;orbites_stouffer;EMS;la_guaira
0.5516;100.0;0.0088;19144;358;1.87;overture;ztest_1img;EMS;la_guaira
0.5516;100.0;0.0088;19144;358;1.87;overture;poole_1img;EMS;la_guaira
0.6093;100.0;0.0307;19144;358;1.87;overture;mahalanobis_1img;EMS;la_guaira
0.8091;100.0;0.2735;32774;1830;5.584;overture;reference;EMS;catia_la_mar
0.8129;100.0;0.2625;32774;1830;5.584;overture;welch;EMS;catia_la_mar
0.8051;100.0;0.2554;32774;1830;5.584;overture;mahalanobis;EMS;catia_la_mar
0.8091;100.0;0.2735;32774;1830;5.584;overture;sans_masque;EMS;catia_la_mar
0.8094;100.0;0.2631;32774;1830;5.584;overture;lissage_20m;EMS;catia_la_mar
0.8025;100.0;0.2523;32774;1830;5.584;overture;orbites_stouffer;EMS;catia_la_mar
0.4552;100.0;0.0095;32774;1830;5.584;overture;ztest_1img;EMS;catia_la_mar
0.4552;100.0;0.0095;32774;1830;5.584;overture;poole_1img;EMS;catia_la_mar
0.6301;100.0;0.0891;32774;1830;5.584;overture;mahalanobis_1img;EMS;catia_la_mar
0.833;100.0;0.3081;11513;648;5.628;overture;reference;EMS;caraballeda
0.8367;100.0;0.2965;11513;648;5.628;overture;welch;EMS;caraballeda
0.8225;100.0;0.2743;11513;648;5.628;overture;mahalanobis;EMS;caraballeda
0.833;100.0;0.3081;11513;648;5.628;overture;sans_masque;EMS;caraballeda
0.8327;100.0;0.3058;11513;648;5.628;overture;lissage_20m;EMS;caraballeda
0.8339;100.0;0.3101;11513;648;5.628;overture;orbites_stouffer;EMS;caraballeda
0.5234;100.0;0.0166;11513;648;5.628;overture;ztest_1img;EMS;caraballeda
0.5234;100.0;0.0166;11513;648;5.628;overture;poole_1img;EMS;caraballeda
0.6581;100.0;0.1177;11513;648;5.628;overture;mahalanobis_1img;EMS;caraballeda
0.5238;100.0;0.0374;18439;96;0.521;overture;reference;EMS;Moron
0.5206;100.0;0.0161;18439;96;0.521;overture;welch;EMS;Moron
0.6339;100.0;0.048;18439;96;0.521;overture;mahalanobis;EMS;Moron
0.5228;100.0;0.0374;18439;96;0.521;overture;sans_masque;EMS;Moron
0.5175;100.0;0.048;18439;96;0.521;overture;lissage_20m;EMS;Moron
0.5186;100.0;0.0374;18439;96;0.521;overture;orbites_stouffer;EMS;Moron
0.5926;28.46;-0.0023;18439;96;0.521;overture;ztest_1img;EMS;Moron
0.5953;28.46;-0.0023;18439;96;0.521;overture;poole_1img;EMS;Moron
0.5936;28.46;-0.0023;18439;96;0.521;overture;mahalanobis_1img;EMS;Moron
0.6134;100.0;0.0122;89258;183;0.205;overture;reference;EMS;San_Felipe
0.6292;100.0;0.0061;89258;183;0.205;overture;welch;EMS;San_Felipe
0.648;100.0;0.0136;89258;183;0.205;overture;mahalanobis;EMS;San_Felipe
0.6134;100.0;0.0122;89258;183;0.205;overture;sans_masque;EMS;San_Felipe
0.6274;100.0;0.0175;89258;183;0.205;overture;lissage_20m;EMS;San_Felipe
0.6319;100.0;0.0098;89258;183;0.205;overture;orbites_stouffer;EMS;San_Felipe
0.4591;100.0;0.0001;89258;183;0.205;overture;ztest_1img;EMS;San_Felipe
0.4591;100.0;0.0001;89258;183;0.205;overture;poole_1img;EMS;San_Felipe
0.482;99.99;0.0003;89258;183;0.205;overture;mahalanobis_1img;EMS;San_Felipe
