date;jours;vv_db;periode
2025-08-26;-364.48;-8.927;avant
2025-09-07;-352.48;-8.932;avant
2025-09-19;-340.48;-8.981;avant
2025-10-01;-328.48;-9.201;avant
2025-10-13;-316.48;-8.979;avant
2025-10-25;-304.48;-9.209;avant
2025-11-06;-292.48;-9.433;avant
2025-11-18;-280.48;-9.505;avant
2025-11-30;-268.48;-9.047;avant
2025-12-12;-256.48;-9.704;avant
2025-12-24;-244.48;-9.715;avant
2026-01-05;-232.48;-10.091;avant
2026-01-17;-220.48;-10.166;avant
2026-01-29;-208.48;-10.494;avant
2026-02-10;-196.48;-9.934;avant
2026-02-22;-184.48;-9.813;avant
2026-03-06;-172.48;-9.948;avant
2026-03-18;-160.48;-10.291;avant
2026-03-30;-148.48;-9.775;avant
2026-04-11;-136.48;-9.857;avant
2026-04-23;-124.48;-9.236;avant
2026-05-05;-112.48;-10.118;avant
2026-05-17;-100.48;-9.502;avant
2026-05-29;-88.48;-9.906;avant
2026-06-10;-76.48;-10.108;avant
2026-06-22;-64.48;-9.565;avant
2026-06-29;-57.48;-9.53;avant
2026-07-11;-45.48;-8.814;avant
2026-07-23;-33.48;-9.286;avant
2026-08-04;-21.48;-9.587;avant
2026-08-16;-9.48;-9.313;avant
2026-08-28;2.52;-8.221;après
2026-09-09;14.52;-8.915;après
2026-09-21;26.52;-9.755;après
