gt_variant,type_resultat,rappel_cible,methode,seuil_tstat,seuil_eos,poids_tstat,poids_eos,n,tp,fp,fn,tn,precision,recall,f1,kappa
Destroyed_seul,meilleur_kappa,,fusion_ET,3.2,0.0,,,29626,179,938,344,28165,0.1602506714413608,0.3422562141491396,0.21829268292682927,0.1990314785498883
Destroyed_seul,meilleur_f1,,fusion_ET,3.2,0.0,,,29626,179,938,344,28165,0.1602506714413608,0.3422562141491396,0.21829268292682927,0.1990314785498883
Destroyed_seul,meilleur_kappa,,ponderation,,0.4,0.9,0.1,29626,166,778,357,28325,0.17584745762711865,0.3173996175908222,0.22631220177232445,0.20832568354066228
Destroyed_seul,meilleur_f1,,ponderation,,0.4,0.9,0.1,29626,166,778,357,28325,0.17584745762711865,0.3173996175908222,0.22631220177232445,0.20832568354066228
Destroyed_seul,palier_rappel,0.95,fusion_ET,1.7,0.0,,,29626,500,19978,23,9125,0.024416446918644398,0.9560229445506692,0.04761678015332603,0.013659483958101553
Destroyed_seul,palier_rappel,0.9,fusion_ET,2.0,0.0,,,29626,475,11702,48,17401,0.03900796583723413,0.9082217973231358,0.0748031496062992,0.04238515690404739
Destroyed_seul,palier_rappel,0.85,fusion_ET,2.0,0.077,,,29626,446,9258,77,19845,0.045960428689200326,0.8527724665391969,0.08722010364720836,0.05558086865915931
Destroyed_seul,palier_rappel,0.8,fusion_ET,2.15,0.051,,,29626,421,7172,102,21931,0.05544580534703016,0.8049713193116634,0.10374568753080336,0.07312964741025542
Destroyed_seul,palier_rappel,0.75,fusion_ET,2.3,0.0,,,29626,399,6236,124,22867,0.06013564431047475,0.762906309751434,0.11148365465213746,0.0814212086855449
Destroyed_seul,palier_rappel,0.7,fusion_ET,2.3,0.103,,,29626,370,5157,153,23946,0.06694409263614981,0.7074569789674953,0.12231404958677686,0.09306102182951755
Damaged_et_Destroyed,meilleur_kappa,,fusion_ET,3.2,0.0,,,29626,297,820,808,27701,0.26589077887197854,0.2687782805429864,0.2673267326732673,0.23878121859138496
Damaged_et_Destroyed,meilleur_f1,,fusion_ET,2.9,0.385,,,29626,347,1136,758,27385,0.2339851652056642,0.31402714932126696,0.268160741885626,0.23548054410172292
Damaged_et_Destroyed,meilleur_kappa,,ponderation,,0.38,0.9,0.1,29626,318,882,787,27639,0.265,0.28778280542986423,0.2759219088937093,0.24666575151749884
Damaged_et_Destroyed,meilleur_f1,,ponderation,,0.36,0.9,0.1,29626,364,1169,741,27352,0.2374429223744292,0.32941176470588235,0.2759666413949962,0.24315771596022345
Damaged_et_Destroyed,palier_rappel,0.95,fusion_ET,1.25,0.051,,,29626,1051,20210,54,8311,0.04943323456093317,0.951131221719457,0.09398193686846107,0.02483161000072656
Damaged_et_Destroyed,palier_rappel,0.9,fusion_ET,1.7,0.051,,,29626,997,14696,108,13825,0.06353151086471676,0.902262443438914,0.11870460769139184,0.052686776531911124
Damaged_et_Destroyed,palier_rappel,0.85,fusion_ET,1.85,0.077,,,29626,942,11252,163,17269,0.07725110710185337,0.8524886877828054,0.14166478682607714,0.07864554094662309
Damaged_et_Destroyed,palier_rappel,0.8,fusion_ET,2.0,0.077,,,29626,884,8820,221,19701,0.09109645507007419,0.8,0.1635673975390878,0.10353023285631179
Damaged_et_Destroyed,palier_rappel,0.75,fusion_ET,2.0,0.205,,,29626,834,7424,271,21097,0.10099297650762896,0.7547511312217194,0.17814802947773148,0.12026789210560442
Damaged_et_Destroyed,palier_rappel,0.7,fusion_ET,2.15,0.154,,,29626,774,6031,331,22490,0.11373989713445995,0.7004524886877828,0.1957016434892541,0.14054551379940278
Tout_y_compris_Possibly,meilleur_kappa,,fusion_ET,2.75,0.205,,,29626,702,1589,1348,25987,0.306416412047141,0.34243902439024393,0.3234277816171389,0.27011907372869576
Tout_y_compris_Possibly,meilleur_f1,,fusion_ET,2.75,0.154,,,29626,716,1661,1334,25915,0.30122002524190156,0.3492682926829268,0.3234696182516376,0.2691632344139827
Tout_y_compris_Possibly,meilleur_kappa,,ponderation,,0.34,0.9,0.1,29626,662,1347,1388,26229,0.3295171727227476,0.3229268292682927,0.3261887164326189,0.2766407587752912
Tout_y_compris_Possibly,meilleur_f1,,ponderation,,0.3,0.9,0.1,29626,883,2459,1167,25117,0.2642130460801915,0.43073170731707316,0.3275222551928783,0.26442755958880443
Tout_y_compris_Possibly,palier_rappel,0.95,fusion_ET,1.55,0.0,,,29626,1973,22426,77,5150,0.0808639698348293,0.9624390243902439,0.14919278611667738,0.0246777691876551
Tout_y_compris_Possibly,palier_rappel,0.9,fusion_ET,1.55,0.026,,,29626,1868,17362,182,10214,0.09713988559542382,0.911219512195122,0.1755639097744361,0.05772268905552062
Tout_y_compris_Possibly,palier_rappel,0.85,fusion_ET,1.7,0.077,,,29626,1745,13298,305,14278,0.1160007977132221,0.8512195121951219,0.20417714854033814,0.09380813519547569
Tout_y_compris_Possibly,palier_rappel,0.8,fusion_ET,1.85,0.051,,,29626,1653,11031,397,16545,0.130321665089877,0.8063414634146342,0.22437898737613682,0.11947606913826897
Tout_y_compris_Possibly,palier_rappel,0.75,fusion_ET,1.85,0.179,,,29626,1539,8973,511,18603,0.1464041095890411,0.7507317073170732,0.2450246775991084,0.1461412699173497
Tout_y_compris_Possibly,palier_rappel,0.7,fusion_ET,2.0,0.154,,,29626,1443,7387,607,20189,0.16342015855039638,0.7039024390243902,0.26525735294117647,0.17229231908473933
