niveau_confiance_osu,gt_variant,type_resultat,critere,rappel_cible,seuil_tstat,tp,fp,fn,tn,precision,recall,f1,kappa
high_seul,Destroyed_seul,balayage,meilleur_kappa,,3.2,127,625,505,286648,0.16888297872340424,0.20094936708860758,0.18352601156069362,0.1815736546315541
high_seul,Destroyed_seul,balayage,meilleur_f1,,3.2,127,625,505,286648,0.16888297872340424,0.20094936708860758,0.18352601156069362,0.1815736546315541
high_seul,Damaged_et_Destroyed,balayage,meilleur_kappa,,2.8,313,1381,1091,285120,0.1847697756788666,0.22293447293447294,0.20206584893479665,0.19778756822269045
high_seul,Damaged_et_Destroyed,balayage,meilleur_f1,,2.7,352,1728,1052,284773,0.16923076923076924,0.25071225071225073,0.2020665901262916,0.19739315796976162
high_seul,Tout_y_compris_Possibly,balayage,meilleur_kappa,,2.6,614,1916,2307,283068,0.2426877470355731,0.21020198562136255,0.2252797651807008,0.21791411425583448
high_seul,Tout_y_compris_Possibly,balayage,meilleur_f1,,2.6,614,1916,2307,283068,0.2426877470355731,0.21020198562136255,0.2252797651807008,0.21791411425583448
high_et_probable,Destroyed_seul,balayage,meilleur_kappa,,3.3,156,799,476,286474,0.16335078534031414,0.2468354430379747,0.19659735349716448,0.19446918273956143
high_et_probable,Destroyed_seul,balayage,meilleur_f1,,3.3,156,799,476,286474,0.16335078534031414,0.2468354430379747,0.19659735349716448,0.19446918273956143
high_et_probable,Destroyed_seul,palier_rappel,,0.8,1.5,508,31768,124,255505,0.01573924897756847,0.8037974683544303,,
high_et_probable,Destroyed_seul,palier_rappel,,0.75,1.9,476,18611,156,268662,0.02493843977576361,0.7531645569620253,,
high_et_probable,Destroyed_seul,palier_rappel,,0.7,2.1,451,12265,181,275008,0.03546712802768166,0.7136075949367089,,
high_et_probable,Damaged_et_Destroyed,balayage,meilleur_kappa,,3.1,320,1103,1084,285398,0.22487702037947996,0.22792022792022792,0.22638839759462326,0.2225717036882223
high_et_probable,Damaged_et_Destroyed,balayage,meilleur_f1,,3.1,320,1103,1084,285398,0.22487702037947996,0.22792022792022792,0.22638839759462326,0.2225717036882223
high_et_probable,Damaged_et_Destroyed,palier_rappel,,0.75,1.5,1070,31206,334,255295,0.03315156772834304,0.7621082621082621,,
high_et_probable,Damaged_et_Destroyed,palier_rappel,,0.7,1.8,994,21668,410,264833,0.043861971582384605,0.707977207977208,,
high_et_probable,Tout_y_compris_Possibly,balayage,meilleur_kappa,,2.7,810,2635,2111,282349,0.2351233671988389,0.27730229373502224,0.2544769085768143,0.24619955847193944
high_et_probable,Tout_y_compris_Possibly,balayage,meilleur_f1,,2.7,810,2635,2111,282349,0.2351233671988389,0.27730229373502224,0.2544769085768143,0.24619955847193944
high_et_probable,Tout_y_compris_Possibly,palier_rappel,,0.7,1.5,2083,30193,838,254791,0.06453711736274631,0.7131119479630263,,
high_probable_et_possible,Destroyed_seul,balayage,meilleur_kappa,,3.3,170,920,462,286353,0.1559633027522936,0.2689873417721519,0.19744483159117307,0.19520830170798084
high_probable_et_possible,Destroyed_seul,balayage,meilleur_f1,,3.3,170,920,462,286353,0.1559633027522936,0.2689873417721519,0.19744483159117307,0.19520830170798084
high_probable_et_possible,Destroyed_seul,palier_rappel,,0.9,1.5,571,46257,61,241016,0.012193559408900658,0.9034810126582279,,
high_probable_et_possible,Destroyed_seul,palier_rappel,,0.85,1.8,545,30921,87,256352,0.01732028220936884,0.8623417721518988,,
high_probable_et_possible,Destroyed_seul,palier_rappel,,0.8,2.0,522,20418,110,266855,0.02492836676217765,0.8259493670886076,,
high_probable_et_possible,Destroyed_seul,palier_rappel,,0.75,2.2,475,12606,157,274667,0.03631220854674719,0.7515822784810127,,
high_probable_et_possible,Destroyed_seul,palier_rappel,,0.7,2.2,475,12606,157,274667,0.03631220854674719,0.7515822784810127,,
high_probable_et_possible,Damaged_et_Destroyed,balayage,meilleur_kappa,,3.1,353,1262,1051,285239,0.21857585139318886,0.2514245014245014,0.23385226896323286,0.2298339753607316
high_probable_et_possible,Damaged_et_Destroyed,balayage,meilleur_f1,,3.1,353,1262,1051,285239,0.21857585139318886,0.2514245014245014,0.23385226896323286,0.2298339753607316
high_probable_et_possible,Damaged_et_Destroyed,palier_rappel,,0.85,1.5,1211,45617,193,240884,0.02586059622448108,0.8625356125356125,,
high_probable_et_possible,Damaged_et_Destroyed,palier_rappel,,0.8,1.7,1162,35973,242,250528,0.03129123468426013,0.8276353276353277,,
high_probable_et_possible,Damaged_et_Destroyed,palier_rappel,,0.75,1.9,1068,24812,336,261689,0.04126738794435858,0.7606837606837606,,
high_probable_et_possible,Damaged_et_Destroyed,palier_rappel,,0.7,2.0,1019,19921,385,266580,0.04866284622731614,0.7257834757834758,,
high_probable_et_possible,Tout_y_compris_Possibly,balayage,meilleur_kappa,,2.8,783,2379,2138,282605,0.2476280834914611,0.26805888394385485,0.25743876376787767,0.2495229823817444
high_probable_et_possible,Tout_y_compris_Possibly,balayage,meilleur_f1,,2.8,783,2379,2138,282605,0.2476280834914611,0.26805888394385485,0.25743876376787767,0.2495229823817444
high_probable_et_possible,Tout_y_compris_Possibly,palier_rappel,,0.8,1.5,2339,44489,582,240495,0.049948748611941575,0.8007531667237248,,
high_probable_et_possible,Tout_y_compris_Possibly,palier_rappel,,0.75,1.7,2202,34933,719,250051,0.059297159014406894,0.7538514207463197,,
high_probable_et_possible,Tout_y_compris_Possibly,palier_rappel,,0.7,1.8,2095,29371,826,255613,0.06657980041950042,0.7172201300924341,,
toutes_confidences,Destroyed_seul,balayage,meilleur_kappa,,3.9,97,354,535,286919,0.21507760532150777,0.15348101265822786,0.1791320406278855,0.17762850404026953
toutes_confidences,Destroyed_seul,balayage,meilleur_f1,,3.9,97,354,535,286919,0.21507760532150777,0.15348101265822786,0.1791320406278855,0.17762850404026953
toutes_confidences,Destroyed_seul,palier_rappel,,0.95,1.6,606,209143,26,78130,0.002889167528808242,0.9588607594936709,,
toutes_confidences,Destroyed_seul,palier_rappel,,0.9,1.9,570,106663,62,180610,0.005315527869219364,0.9018987341772152,,
toutes_confidences,Destroyed_seul,palier_rappel,,0.85,2.0,555,79769,77,207504,0.006909516458343708,0.8781645569620253,,
toutes_confidences,Destroyed_seul,palier_rappel,,0.8,2.1,532,57687,100,229586,0.009137910304196225,0.8417721518987342,,
toutes_confidences,Destroyed_seul,palier_rappel,,0.75,2.2,497,40786,135,246487,0.01203885376547247,0.7863924050632911,,
toutes_confidences,Destroyed_seul,palier_rappel,,0.7,2.3,456,28566,176,258707,0.01571221831713872,0.7215189873417721,,
toutes_confidences,Damaged_et_Destroyed,balayage,meilleur_kappa,,3.2,322,1360,1082,285141,0.19143876337693222,0.22934472934472935,0.2086843810758263,0.20445533385714232
toutes_confidences,Damaged_et_Destroyed,balayage,meilleur_f1,,3.2,322,1360,1082,285141,0.19143876337693222,0.22934472934472935,0.2086843810758263,0.20445533385714232
toutes_confidences,Damaged_et_Destroyed,palier_rappel,,0.95,1.5,1355,237860,49,48641,0.005664360512509667,0.9650997150997151,,
toutes_confidences,Damaged_et_Destroyed,palier_rappel,,0.9,1.7,1276,173881,128,112620,0.007284892981724966,0.9088319088319088,,
toutes_confidences,Damaged_et_Destroyed,palier_rappel,,0.85,1.8,1225,138810,179,147691,0.008747813046738315,0.8725071225071225,,
toutes_confidences,Damaged_et_Destroyed,palier_rappel,,0.8,1.9,1154,106079,250,180422,0.010761612563296746,0.8219373219373219,,
toutes_confidences,Damaged_et_Destroyed,palier_rappel,,0.75,2.0,1093,79231,311,207270,0.013607390070215627,0.7784900284900285,,
toutes_confidences,Damaged_et_Destroyed,palier_rappel,,0.7,2.1,1024,57195,380,229306,0.017588759683264912,0.7293447293447294,,
toutes_confidences,Tout_y_compris_Possibly,balayage,meilleur_kappa,,3.1,529,1637,2392,283347,0.24422899353647276,0.18110236220472442,0.20798112836642424,0.20107852121221134
toutes_confidences,Tout_y_compris_Possibly,balayage,meilleur_f1,,3.1,529,1637,2392,283347,0.24422899353647276,0.18110236220472442,0.20798112836642424,0.20107852121221134
toutes_confidences,Tout_y_compris_Possibly,palier_rappel,,0.95,1.4,2844,258902,77,26082,0.010865495556761135,0.9736391646696337,,
toutes_confidences,Tout_y_compris_Possibly,palier_rappel,,0.9,1.6,2675,207074,246,77910,0.012753338514128793,0.9157822663471414,,
toutes_confidences,Tout_y_compris_Possibly,palier_rappel,,0.85,1.7,2554,172603,367,112381,0.014581204291007496,0.87435809654228,,
toutes_confidences,Tout_y_compris_Possibly,palier_rappel,,0.8,1.8,2412,137623,509,147361,0.01722426536223087,0.8257446080109552,,
toutes_confidences,Tout_y_compris_Possibly,palier_rappel,,0.75,1.9,2222,105011,699,179973,0.020721233202465657,0.7606983909619993,,
toutes_confidences,Tout_y_compris_Possibly,palier_rappel,,0.7,2.0,2054,78270,867,206714,0.02557143568547383,0.703183841150291,,
