select,track,type,master,slave,interval_days,rel_orbit,master_granule,slave_granule
x,ASC,Pre-event,2025-06-23,2025-06-29,5,33,S1A_IW_SLC__1SDV_20250623T224301_20250623T224331_059780_076C7F_B6D0,S1C_IW_SLC__1SDV_20250629T224141_20250629T224217_003004_0061E4_AC84
x,ASC,Pre-event,2025-06-29,2025-07-05,6,33,S1C_IW_SLC__1SDV_20250629T224141_20250629T224217_003004_0061E4_AC84,S1A_IW_SLC__1SDV_20250705T224301_20250705T224331_059955_077296_E4D2
x,ASC,Pre-event,2025-07-05,2025-07-11,5,33,S1A_IW_SLC__1SDV_20250705T224301_20250705T224331_059955_077296_E4D2,S1C_IW_SLC__1SDV_20250711T224142_20250711T224219_003179_0066F6_F389
x,ASC,Pre-event,2025-07-11,2025-07-17,6,33,S1C_IW_SLC__1SDV_20250711T224142_20250711T224219_003179_0066F6_F389,S1A_IW_SLC__1SDV_20250717T224300_20250717T224330_060130_07789A_38D7
x,ASC,Pre-event,2025-07-17,2025-07-23,5,33,S1A_IW_SLC__1SDV_20250717T224300_20250717T224330_060130_07789A_38D7,S1C_IW_SLC__1SDV_20250723T224143_20250723T224219_003354_006C09_2D7A
x,ASC,Pre-event,2025-07-23,2025-07-29,6,33,S1C_IW_SLC__1SDV_20250723T224143_20250723T224219_003354_006C09_2D7A,S1A_IW_SLC__1SDV_20250729T224300_20250729T224330_060305_077E9C_48F3
x,ASC,Pre-event,2025-07-29,2025-08-04,5,33,S1A_IW_SLC__1SDV_20250729T224300_20250729T224330_060305_077E9C_48F3,S1C_IW_SLC__1SDV_20250804T224144_20250804T224220_003529_00712A_12A7
x,ASC,Pre-event,2025-08-04,2025-08-16,12,33,S1C_IW_SLC__1SDV_20250804T224144_20250804T224220_003529_00712A_12A7,S1C_IW_SLC__1SDV_20250816T224144_20250816T224220_003704_00766D_E3F3
x,ASC,Pre-event,2025-08-16,2025-08-22,6,33,S1C_IW_SLC__1SDV_20250816T224144_20250816T224220_003704_00766D_E3F3,S1A_IW_SLC__1SDV_20250822T224300_20250822T224330_060655_078BE8_5563
x,ASC,Pre-event,2025-08-22,2025-08-28,5,33,S1A_IW_SLC__1SDV_20250822T224300_20250822T224330_060655_078BE8_5563,S1C_IW_SLC__1SDV_20250828T224145_20250828T224221_003879_007BAA_51EE
x,ASC,Pre-event,2025-08-28,2025-09-03,6,33,S1C_IW_SLC__1SDV_20250828T224145_20250828T224221_003879_007BAA_51EE,S1A_IW_SLC__1SDV_20250903T224300_20250903T224330_060830_0792D1_0713
x,ASC,Pre-event,2025-09-03,2025-09-09,5,33,S1A_IW_SLC__1SDV_20250903T224300_20250903T224330_060830_0792D1_0713,S1C_IW_SLC__1SDV_20250909T224145_20250909T224222_004054_0080F6_1377
x,ASC,Pre-event,2025-09-09,2025-09-15,6,33,S1C_IW_SLC__1SDV_20250909T224145_20250909T224222_004054_0080F6_1377,S1A_IW_SLC__1SDV_20250915T224300_20250915T224330_061005_0799D7_15CA
x,ASC,Pre-event,2025-09-15,2025-09-21,5,33,S1A_IW_SLC__1SDV_20250915T224300_20250915T224330_061005_0799D7_15CA,S1C_IW_SLC__1SDV_20250921T224146_20250921T224213_004229_008645_283E
x,ASC,Pre-event,2025-09-21,2025-09-27,6,33,S1C_IW_SLC__1SDV_20250921T224146_20250921T224213_004229_008645_283E,S1A_IW_SLC__1SDV_20250927T224300_20250927T224330_061180_07A0DD_A58F
x,ASC,Pre-event,2025-09-27,2025-10-03,5,33,S1A_IW_SLC__1SDV_20250927T224300_20250927T224330_061180_07A0DD_A58F,S1C_IW_SLC__1SDV_20251003T224145_20251003T224212_004404_008B9C_858F
x,ASC,Pre-event,2025-10-03,2025-10-09,6,33,S1C_IW_SLC__1SDV_20251003T224145_20251003T224212_004404_008B9C_858F,S1A_IW_SLC__1SDV_20251009T224301_20251009T224331_061355_07A7EF_E1C4
x,ASC,Pre-event,2025-10-09,2025-10-21,12,33,S1A_IW_SLC__1SDV_20251009T224301_20251009T224331_061355_07A7EF_E1C4,S1A_IW_SLC__1SDV_20251021T224301_20251021T224330_061530_07AEF9_6CDC
x,ASC,Pre-event,2025-10-21,2025-10-27,5,33,S1A_IW_SLC__1SDV_20251021T224301_20251021T224330_061530_07AEF9_6CDC,S1C_IW_SLC__1SDV_20251027T224145_20251027T224212_004754_009630_E978
x,ASC,Pre-event,2025-10-27,2025-11-02,6,33,S1C_IW_SLC__1SDV_20251027T224145_20251027T224212_004754_009630_E978,S1A_IW_SLC__1SDV_20251102T224300_20251102T224330_061705_07B5EB_052B
x,ASC,Pre-event,2025-11-02,2025-11-08,5,33,S1A_IW_SLC__1SDV_20251102T224300_20251102T224330_061705_07B5EB_052B,S1C_IW_SLC__1SDV_20251108T224145_20251108T224212_004929_009BFB_68A0
x,ASC,Pre-event,2025-11-08,2025-11-14,6,33,S1C_IW_SLC__1SDV_20251108T224145_20251108T224212_004929_009BFB_68A0,S1A_IW_SLC__1SDV_20251114T224259_20251114T224329_061880_07BCB2_85DC
x,ASC,Pre-event,2025-11-14,2025-11-20,5,33,S1A_IW_SLC__1SDV_20251114T224259_20251114T224329_061880_07BCB2_85DC,S1C_IW_SLC__1SDV_20251120T224145_20251120T224212_005104_00A1DB_2747
x,ASC,Pre-event,2025-11-20,2025-11-26,6,33,S1C_IW_SLC__1SDV_20251120T224145_20251120T224212_005104_00A1DB_2747,S1A_IW_SLC__1SDV_20251126T224259_20251126T224329_062055_07C389_BA65
x,ASC,Pre-event,2025-11-26,2025-12-02,5,33,S1A_IW_SLC__1SDV_20251126T224259_20251126T224329_062055_07C389_BA65,S1C_IW_SLC__1SDV_20251202T224144_20251202T224211_005279_00A7C0_EF63
x,ASC,Pre-event,2025-12-02,2025-12-08,6,33,S1C_IW_SLC__1SDV_20251202T224144_20251202T224211_005279_00A7C0_EF63,S1A_IW_SLC__1SDV_20251208T224258_20251208T224328_062230_07CA64_8D93
x,ASC,Pre-event,2025-12-08,2025-12-14,5,33,S1A_IW_SLC__1SDV_20251208T224258_20251208T224328_062230_07CA64_8D93,S1C_IW_SLC__1SDV_20251214T224144_20251214T224211_005454_00ADC1_68F8
x,ASC,Pre-event,2025-12-14,2025-12-20,6,33,S1C_IW_SLC__1SDV_20251214T224144_20251214T224211_005454_00ADC1_68F8,S1A_IW_SLC__1SDV_20251220T224256_20251220T224326_062405_07D12B_7B9D
x,ASC,Pre-event,2025-12-20,2025-12-26,5,33,S1A_IW_SLC__1SDV_20251220T224256_20251220T224326_062405_07D12B_7B9D,S1C_IW_SLC__1SDV_20251226T224143_20251226T224210_005629_00B3CA_5541
x,ASC,Pre-event,2025-12-26,2026-01-01,6,33,S1C_IW_SLC__1SDV_20251226T224143_20251226T224210_005629_00B3CA_5541,S1A_IW_SLC__1SDV_20260101T224255_20260101T224325_062580_07D7F1_AFDA
x,ASC,Pre-event,2026-01-01,2026-01-07,5,33,S1A_IW_SLC__1SDV_20260101T224255_20260101T224325_062580_07D7F1_AFDA,S1C_IW_SLC__1SDV_20260107T224142_20260107T224209_005804_00B9D3_DC8C
x,ASC,Pre-event,2026-01-07,2026-01-13,6,33,S1C_IW_SLC__1SDV_20260107T224142_20260107T224209_005804_00B9D3_DC8C,S1A_IW_SLC__1SDV_20260113T224254_20260113T224324_062755_07DEAB_18B0
x,ASC,Pre-event,2026-01-13,2026-01-19,5,33,S1A_IW_SLC__1SDV_20260113T224254_20260113T224324_062755_07DEAB_18B0,S1C_IW_SLC__1SDV_20260119T224142_20260119T224209_005979_00BFF0_A2FE
x,ASC,Pre-event,2026-01-19,2026-01-25,6,33,S1C_IW_SLC__1SDV_20260119T224142_20260119T224209_005979_00BFF0_A2FE,S1A_IW_SLC__1SDV_20260125T224253_20260125T224323_062930_07E4FD_C7D4
x,ASC,Pre-event,2026-02-18,2026-02-24,5,33,S1A_IW_SLC__1SDV_20260218T224252_20260218T224322_063280_07F227_16CD,S1C_IW_SLC__1SDV_20260224T224141_20260224T224208_006504_00D1B4_7A3F
x,ASC,Pre-event,2026-02-24,2026-03-02,6,33,S1C_IW_SLC__1SDV_20260224T224141_20260224T224208_006504_00D1B4_7A3F,S1A_IW_SLC__1SDV_20260302T224252_20260302T224322_063455_07F8D2_751C
x,ASC,Pre-event,2026-03-02,2026-03-08,5,33,S1A_IW_SLC__1SDV_20260302T224252_20260302T224322_063455_07F8D2_751C,S1C_IW_SLC__1SDV_20260308T224141_20260308T224208_006679_00D7BA_4EDC
x,ASC,Pre-event,2026-03-08,2026-03-14,6,33,S1C_IW_SLC__1SDV_20260308T224141_20260308T224208_006679_00D7BA_4EDC,S1A_IW_SLC__1SDV_20260314T224252_20260314T224322_063630_07FF7A_E07B
x,ASC,Pre-event,2026-03-14,2026-03-26,12,33,S1A_IW_SLC__1SDV_20260314T224252_20260314T224322_063630_07FF7A_E07B,S1A_IW_SLC__1SDV_20260326T224252_20260326T224322_063805_0805FD_16F2
x,ASC,Pre-event,2026-03-26,2026-04-07,12,33,S1A_IW_SLC__1SDV_20260326T224252_20260326T224322_063805_0805FD_16F2,S1A_IW_SLC__1SDV_20260407T224252_20260407T224322_063980_080C83_3427
x,ASC,Pre-event,2026-04-07,2026-04-19,12,33,S1A_IW_SLC__1SDV_20260407T224252_20260407T224322_063980_080C83_3427,S1A_IW_SLC__1SDV_20260419T224252_20260419T224322_064155_081311_7830
x,ASC,Pre-event,2026-04-19,2026-04-25,5,33,S1A_IW_SLC__1SDV_20260419T224252_20260419T224322_064155_081311_7830,S1C_IW_SLC__1SDV_20260425T224148_20260425T224225_007379_00EF82_6124
x,ASC,Pre-event,2026-04-25,2026-05-01,6,33,S1C_IW_SLC__1SDV_20260425T224148_20260425T224225_007379_00EF82_6124,S1A_IW_SLC__1SDV_20260501T224252_20260501T224322_064330_08198C_A1C4
x,ASC,Pre-event,2026-05-01,2026-05-13,11,33,S1A_IW_SLC__1SDV_20260501T224252_20260501T224322_064330_08198C_A1C4,S1A_IW_SLC__1SDV_20260513T224251_20260513T224321_064505_081FD7_B52B
x,ASC,Pre-event,2026-05-13,2026-05-19,5,33,S1A_IW_SLC__1SDV_20260513T224251_20260513T224321_064505_081FD7_B52B,S1C_IW_SLC__1SDV_20260519T224150_20260519T224226_007729_00FB4F_FE4A
x,ASC,Pre-event,2026-05-19,2026-05-25,6,33,S1C_IW_SLC__1SDV_20260519T224150_20260519T224226_007729_00FB4F_FE4A,S1A_IW_SLC__1SDV_20260525T224251_20260525T224321_064680_0825F0_F73A
x,ASC,Pre-event,2026-05-25,2026-06-06,11,33,S1A_IW_SLC__1SDV_20260525T224251_20260525T224321_064680_0825F0_F73A,S1A_IW_SLC__1SDV_20260606T224250_20260606T224320_064855_082C17_2B3D
x,ASC,Pre-event,2026-06-06,2026-06-13,6,33,S1A_IW_SLC__1SDV_20260606T224250_20260606T224320_064855_082C17_2B3D,S1D_IW_SLC__1SDV_20260613T224156_20260613T224223_003224_005A07_3411
x,ASC,Pre-event,2026-06-13,2026-06-18,5,33,S1D_IW_SLC__1SDV_20260613T224156_20260613T224223_003224_005A07_3411,S1A_IW_SLC__1SDV_20260618T224250_20260618T224320_065030_083236_48BF
x,ASC,Co-event,2026-06-18,2026-06-25,6,33,S1A_IW_SLC__1SDV_20260618T224250_20260618T224320_065030_083236_48BF,S1D_IW_SLC__1SDV_20260625T224209_20260625T224239_003399_005FB5_8B0A
x,DESC,Pre-event,2025-06-23,2025-06-29,5,25,S1A_IW_SLC__1SDV_20250623T101651_20250623T101718_059772_076C46_59BB,S1C_IW_SLC__1SDV_20250629T101555_20250629T101625_002996_0061AB_2105
x,DESC,Pre-event,2025-06-29,2025-07-11,12,25,S1C_IW_SLC__1SDV_20250629T101555_20250629T101625_002996_0061AB_2105,S1C_IW_SLC__1SDV_20250711T101556_20250711T101626_003171_0066BD_0198
x,DESC,Pre-event,2025-07-11,2025-07-23,12,25,S1C_IW_SLC__1SDV_20250711T101556_20250711T101626_003171_0066BD_0198,S1C_IW_SLC__1SDV_20250723T101556_20250723T101627_003346_006BCE_841E
x,DESC,Pre-event,2025-07-23,2025-07-29,6,25,S1C_IW_SLC__1SDV_20250723T101556_20250723T101627_003346_006BCE_841E,S1A_IW_SLC__1SDV_20250729T101649_20250729T101716_060297_077E60_D553
x,DESC,Pre-event,2025-07-29,2025-08-04,5,25,S1A_IW_SLC__1SDV_20250729T101649_20250729T101716_060297_077E60_D553,S1C_IW_SLC__1SDV_20250804T101557_20250804T101628_003521_0070F0_758C
x,DESC,Pre-event,2025-08-04,2025-08-10,6,25,S1C_IW_SLC__1SDV_20250804T101557_20250804T101628_003521_0070F0_758C,S1A_IW_SLC__1SDV_20250810T101649_20250810T101716_060472_0784C1_EBB5
x,DESC,Pre-event,2025-08-10,2025-08-16,5,25,S1A_IW_SLC__1SDV_20250810T101649_20250810T101716_060472_0784C1_EBB5,S1C_IW_SLC__1SDV_20250816T101558_20250816T101628_003696_007630_AA34
x,DESC,Pre-event,2025-08-16,2025-08-22,6,25,S1C_IW_SLC__1SDV_20250816T101558_20250816T101628_003696_007630_AA34,S1A_IW_SLC__1SDV_20250822T101649_20250822T101716_060647_078BA5_587E
x,DESC,Pre-event,2025-08-22,2025-08-28,5,25,S1A_IW_SLC__1SDV_20250822T101649_20250822T101716_060647_078BA5_587E,S1C_IW_SLC__1SDV_20250828T101558_20250828T101629_003871_007B6D_A36B
x,DESC,Pre-event,2025-08-28,2025-09-03,6,25,S1C_IW_SLC__1SDV_20250828T101558_20250828T101629_003871_007B6D_A36B,S1A_IW_SLC__1SDV_20250903T101650_20250903T101716_060822_07928D_64F6
x,DESC,Pre-event,2025-09-03,2025-09-15,12,25,S1A_IW_SLC__1SDV_20250903T101650_20250903T101716_060822_07928D_64F6,S1A_IW_SLC__1SDV_20250915T101650_20250915T101717_060997_079991_C9D2
x,DESC,Pre-event,2025-09-15,2025-09-21,5,25,S1A_IW_SLC__1SDV_20250915T101650_20250915T101717_060997_079991_C9D2,S1C_IW_SLC__1SDV_20250921T101559_20250921T101630_004221_008606_D938
x,DESC,Pre-event,2025-09-21,2025-09-27,6,25,S1C_IW_SLC__1SDV_20250921T101559_20250921T101630_004221_008606_D938,S1A_IW_SLC__1SDV_20250927T101650_20250927T101717_061172_07A096_3543
x,DESC,Pre-event,2025-09-27,2025-10-03,5,25,S1A_IW_SLC__1SDV_20250927T101650_20250927T101717_061172_07A096_3543,S1C_IW_SLC__1SDV_20251003T101559_20251003T101629_004396_008B5C_1D7E
x,DESC,Pre-event,2025-10-03,2025-10-09,6,25,S1C_IW_SLC__1SDV_20251003T101559_20251003T101629_004396_008B5C_1D7E,S1A_IW_SLC__1SDV_20251009T101651_20251009T101718_061347_07A7A6_000A
x,DESC,Pre-event,2025-10-09,2025-10-15,5,25,S1A_IW_SLC__1SDV_20251009T101651_20251009T101718_061347_07A7A6_000A,S1C_IW_SLC__1SDV_20251015T101559_20251015T101630_004571_0090A8_4000
x,DESC,Pre-event,2025-10-15,2025-10-21,6,25,S1C_IW_SLC__1SDV_20251015T101559_20251015T101630_004571_0090A8_4000,S1A_IW_SLC__1SDV_20251021T101704_20251021T101731_061522_07AEAD_F402
x,DESC,Pre-event,2025-10-21,2025-10-27,5,25,S1A_IW_SLC__1SDV_20251021T101704_20251021T101731_061522_07AEAD_F402,S1C_IW_SLC__1SDV_20251027T101559_20251027T101630_004746_0095F5_7D3A
x,DESC,Pre-event,2025-10-27,2025-11-02,6,25,S1C_IW_SLC__1SDV_20251027T101559_20251027T101630_004746_0095F5_7D3A,S1A_IW_SLC__1SDV_20251102T101704_20251102T101731_061697_07B5A7_462B
x,DESC,Pre-event,2025-11-02,2025-11-08,5,25,S1A_IW_SLC__1SDV_20251102T101704_20251102T101731_061697_07B5A7_462B,S1C_IW_SLC__1SDV_20251108T101559_20251108T101629_004921_009BBB_49D5
x,DESC,Pre-event,2025-11-08,2025-11-14,6,25,S1C_IW_SLC__1SDV_20251108T101559_20251108T101629_004921_009BBB_49D5,S1A_IW_SLC__1SDV_20251114T101703_20251114T101730_061872_07BC69_A97F
x,DESC,Pre-event,2025-11-14,2025-11-20,5,25,S1A_IW_SLC__1SDV_20251114T101703_20251114T101730_061872_07BC69_A97F,S1C_IW_SLC__1SDV_20251120T101558_20251120T101629_005096_00A195_1F1F
x,DESC,Pre-event,2025-11-20,2025-11-26,6,25,S1C_IW_SLC__1SDV_20251120T101558_20251120T101629_005096_00A195_1F1F,S1A_IW_SLC__1SDV_20251126T101702_20251126T101729_062047_07C340_BEE8
x,DESC,Pre-event,2025-11-26,2025-12-02,5,25,S1A_IW_SLC__1SDV_20251126T101702_20251126T101729_062047_07C340_BEE8,S1C_IW_SLC__1SDV_20251202T101558_20251202T101628_005271_00A77B_7326
x,DESC,Pre-event,2025-12-02,2025-12-08,6,25,S1C_IW_SLC__1SDV_20251202T101558_20251202T101628_005271_00A77B_7326,S1A_IW_SLC__1SDV_20251208T101701_20251208T101728_062222_07CA1C_C0FB
x,DESC,Pre-event,2025-12-08,2025-12-14,5,25,S1A_IW_SLC__1SDV_20251208T101701_20251208T101728_062222_07CA1C_C0FB,S1C_IW_SLC__1SDV_20251214T101557_20251214T101628_005446_00AD7B_59CD
x,DESC,Pre-event,2025-12-14,2025-12-20,6,25,S1C_IW_SLC__1SDV_20251214T101557_20251214T101628_005446_00AD7B_59CD,S1A_IW_SLC__1SDV_20251220T101700_20251220T101727_062397_07D0E6_3D81
x,DESC,Pre-event,2025-12-20,2025-12-26,5,25,S1A_IW_SLC__1SDV_20251220T101700_20251220T101727_062397_07D0E6_3D81,S1C_IW_SLC__1SDV_20251226T101556_20251226T101627_005621_00B384_26DB
x,DESC,Pre-event,2025-12-26,2026-01-01,6,25,S1C_IW_SLC__1SDV_20251226T101556_20251226T101627_005621_00B384_26DB,S1A_IW_SLC__1SDV_20260101T101659_20260101T101726_062572_07D7A9_FC2A
x,DESC,Pre-event,2026-01-01,2026-01-07,5,25,S1A_IW_SLC__1SDV_20260101T101659_20260101T101726_062572_07D7A9_FC2A,S1C_IW_SLC__1SDV_20260107T101556_20260107T101626_005796_00B98A_DB40
x,DESC,Pre-event,2026-01-07,2026-01-13,6,25,S1C_IW_SLC__1SDV_20260107T101556_20260107T101626_005796_00B98A_DB40,S1A_IW_SLC__1SDV_20260113T101658_20260113T101725_062747_07DE63_C09C
x,DESC,Pre-event,2026-01-13,2026-01-19,5,25,S1A_IW_SLC__1SDV_20260113T101658_20260113T101725_062747_07DE63_C09C,S1C_IW_SLC__1SDV_20260119T101555_20260119T101626_005971_00BFAA_C87A
x,DESC,Pre-event,2026-01-19,2026-01-25,6,25,S1C_IW_SLC__1SDV_20260119T101555_20260119T101626_005971_00BFAA_C87A,S1A_IW_SLC__1SDV_20260125T101656_20260125T101723_062922_07E4B1_F25F
x,DESC,Pre-event,2026-01-25,2026-01-31,5,25,S1A_IW_SLC__1SDV_20260125T101656_20260125T101723_062922_07E4B1_F25F,S1C_IW_SLC__1SDV_20260131T101555_20260131T101626_006146_00C55C_1947
x,DESC,Pre-event,2026-01-31,2026-02-06,6,25,S1C_IW_SLC__1SDV_20260131T101555_20260131T101626_006146_00C55C_1947,S1A_IW_SLC__1SDV_20260206T101656_20260206T101723_063097_07EB53_B7CD
x,DESC,Pre-event,2026-02-06,2026-02-12,5,25,S1A_IW_SLC__1SDV_20260206T101656_20260206T101723_063097_07EB53_B7CD,S1C_IW_SLC__1SDV_20260212T101555_20260212T101625_006321_00CB5C_C91B
x,DESC,Pre-event,2026-02-12,2026-02-18,6,25,S1C_IW_SLC__1SDV_20260212T101555_20260212T101625_006321_00CB5C_C91B,S1A_IW_SLC__1SDV_20260218T101655_20260218T101722_063272_07F1DE_08AB
x,DESC,Pre-event,2026-02-18,2026-02-24,5,25,S1A_IW_SLC__1SDV_20260218T101655_20260218T101722_063272_07F1DE_08AB,S1C_IW_SLC__1SDV_20260224T101554_20260224T101625_006496_00D171_DF1A
x,DESC,Pre-event,2026-02-24,2026-03-02,6,25,S1C_IW_SLC__1SDV_20260224T101554_20260224T101625_006496_00D171_DF1A,S1A_IW_SLC__1SDV_20260302T101655_20260302T101722_063447_07F88B_91DF
x,DESC,Pre-event,2026-03-02,2026-03-08,5,25,S1A_IW_SLC__1SDV_20260302T101655_20260302T101722_063447_07F88B_91DF,S1C_IW_SLC__1SDV_20260308T101555_20260308T101625_006671_00D774_4C55
x,DESC,Pre-event,2026-03-08,2026-03-14,6,25,S1C_IW_SLC__1SDV_20260308T101555_20260308T101625_006671_00D774_4C55,S1A_IW_SLC__1SDV_20260314T101655_20260314T101722_063622_07FF31_9BFA
x,DESC,Pre-event,2026-03-14,2026-03-20,5,25,S1A_IW_SLC__1SDV_20260314T101655_20260314T101722_063622_07FF31_9BFA,S1C_IW_SLC__1SDV_20260320T101555_20260320T101625_006846_00DD78_B48A
x,DESC,Pre-event,2026-03-20,2026-03-26,6,25,S1C_IW_SLC__1SDV_20260320T101555_20260320T101625_006846_00DD78_B48A,S1A_IW_SLC__1SDV_20260326T101655_20260326T101722_063797_0805B8_383F
x,DESC,Pre-event,2026-03-26,2026-04-01,5,25,S1A_IW_SLC__1SDV_20260326T101655_20260326T101722_063797_0805B8_383F,S1C_IW_SLC__1SDV_20260401T101555_20260401T101626_007021_00E378_BF3E
x,DESC,Pre-event,2026-04-01,2026-04-07,6,25,S1C_IW_SLC__1SDV_20260401T101555_20260401T101626_007021_00E378_BF3E,S1A_IW_SLC__1SDV_20260407T101655_20260407T101722_063972_080C3A_C526
x,DESC,Pre-event,2026-04-07,2026-04-13,5,25,S1A_IW_SLC__1SDV_20260407T101655_20260407T101722_063972_080C3A_C526,S1C_IW_SLC__1SDV_20260413T101556_20260413T101626_007196_00E951_EA62
x,DESC,Pre-event,2026-04-13,2026-04-19,6,25,S1C_IW_SLC__1SDV_20260413T101556_20260413T101626_007196_00E951_EA62,S1A_IW_SLC__1SDV_20260419T101655_20260419T101722_064147_0812CA_C967
x,DESC,Pre-event,2026-04-19,2026-04-25,5,25,S1A_IW_SLC__1SDV_20260419T101655_20260419T101722_064147_0812CA_C967,S1C_IW_SLC__1SDV_20260425T101556_20260425T101627_007371_00EF3F_83B4
x,DESC,Pre-event,2026-04-25,2026-05-01,6,25,S1C_IW_SLC__1SDV_20260425T101556_20260425T101627_007371_00EF3F_83B4,S1A_IW_SLC__1SDV_20260501T101642_20260501T101710_064322_081947_203D
x,DESC,Pre-event,2026-05-01,2026-05-07,5,25,S1A_IW_SLC__1SDV_20260501T101642_20260501T101710_064322_081947_203D,S1C_IW_SLC__1SDV_20260507T101557_20260507T101628_007546_00F52C_5DBF
x,DESC,Pre-event,2026-05-07,2026-05-13,6,25,S1C_IW_SLC__1SDV_20260507T101557_20260507T101628_007546_00F52C_5DBF,S1A_IW_SLC__1SDV_20260513T101642_20260513T101710_064497_081F9B_B6B1
x,DESC,Pre-event,2026-05-13,2026-05-19,5,25,S1A_IW_SLC__1SDV_20260513T101642_20260513T101710_064497_081F9B_B6B1,S1C_IW_SLC__1SDV_20260519T101558_20260519T101628_007721_00FB0D_EF72
x,DESC,Pre-event,2026-05-19,2026-05-25,6,25,S1C_IW_SLC__1SDV_20260519T101558_20260519T101628_007721_00FB0D_EF72,S1A_IW_SLC__1SDV_20260525T101641_20260525T101709_064672_0825AE_1309
x,DESC,Pre-event,2026-05-25,2026-05-31,5,25,S1A_IW_SLC__1SDV_20260525T101641_20260525T101709_064672_0825AE_1309,S1C_IW_SLC__1SDV_20260531T101558_20260531T101629_007896_0100E9_62F7
x,DESC,Pre-event,2026-05-31,2026-06-06,6,25,S1C_IW_SLC__1SDV_20260531T101558_20260531T101629_007896_0100E9_62F7,S1A_IW_SLC__1SDV_20260606T101641_20260606T101709_064847_082BDA_8E75
x,DESC,Pre-event,2026-06-06,2026-06-13,6,25,S1A_IW_SLC__1SDV_20260606T101641_20260606T101709_064847_082BDA_8E75,S1D_IW_SLC__1SDV_20260613T101609_20260613T101640_003216_0059C1_6937
x,DESC,Pre-event,2026-06-13,2026-06-18,5,25,S1D_IW_SLC__1SDV_20260613T101609_20260613T101640_003216_0059C1_6937,S1A_IW_SLC__1SDV_20260618T101640_20260618T101708_065022_0831F4_3F4F
x,DESC,Co-event,2026-06-18,2026-06-25,6,25,S1A_IW_SLC__1SDV_20260618T101640_20260618T101708_065022_0831F4_3F4F,S1D_IW_SLC__1SDV_20260625T101600_20260625T101627_003391_005F73_3489
