source_batiments,verite_terrain,zone,agregation,auc,seuil,n,tp,fp,fn,tn,precision,recall,kappa
osm,UNOSAT,global,mean,0.619,3.1,3295,1367,573,730,625,0.704639175257732,0.6518836432999523,0.16884342534345279
osm,UNOSAT,global,max,0.6137,3.25,3295,1280,520,817,678,0.7111111111111111,0.6103958035288507,0.1674410342035166
osm,UNOSAT,global,median,0.6188,3.0,3295,1518,664,579,534,0.6956920256645279,0.7238912732474965,0.17225394437385452
osm,UNOSAT,global,p90,0.6156,3.25,3295,1252,505,845,693,0.7125782583949914,0.5970433953266572,0.1654427932680835
osm,UNOSAT,zone1,mean,0.7255,2.9,612,314,97,76,125,0.7639902676399026,0.8051282051282052,0.37584889643463504
osm,UNOSAT,zone1,max,0.7033,2.95,612,322,110,68,112,0.7453703703703703,0.8256410256410256,0.3441699176419593
osm,UNOSAT,zone1,median,0.7252,2.95,612,303,88,87,134,0.7749360613810742,0.7769230769230769,0.38089622641509435
osm,UNOSAT,zone1,p90,0.7109,2.9,612,331,115,59,107,0.742152466367713,0.8487179487179487,0.3496995456544043
osm,EMS,global,mean,0.6372,2.9,3784,1856,785,574,569,0.702764104505869,0.7637860082304527,0.1905982997460888
osm,EMS,global,max,0.637,2.9,3784,1980,866,450,488,0.6957132817990161,0.8148148148148148,0.18801778756409757
osm,EMS,global,median,0.6374,2.95,3784,1784,742,646,612,0.7062549485352335,0.7341563786008231,0.1891191549855924
osm,EMS,global,p90,0.6372,2.9,3784,1962,855,468,499,0.6964856230031949,0.8074074074074075,0.1878310740963537
osm,EMS,zone1,mean,0.7148,2.9,623,332,82,101,108,0.8019323671497585,0.766743648960739,0.3260166590800261
osm,EMS,zone1,max,0.6928,2.8,623,385,111,48,79,0.7762096774193549,0.8891454965357968,0.33621700584999104
osm,EMS,zone1,median,0.7144,2.85,623,344,89,89,101,0.7944572748267898,0.7944572748267898,0.32603622219521083
osm,EMS,zone1,p90,0.698,2.8,623,381,109,52,81,0.7775510204081633,0.8799076212471132,0.33437079017048377
open_buildings,UNOSAT,global,mean,0.614,2.85,1850,695,469,296,390,0.5970790378006873,0.7013118062563067,0.1574398315891747
open_buildings,UNOSAT,global,max,0.6097,3.3,1850,423,228,568,631,0.6497695852534562,0.42684157416750756,0.1572708991208742
open_buildings,UNOSAT,global,median,0.6141,2.85,1850,694,467,297,392,0.5977605512489234,0.7003027245206862,0.1587395497167427
open_buildings,UNOSAT,global,p90,0.6109,3.25,1850,452,256,539,603,0.6384180790960452,0.45610494450050454,0.15468988340669013
open_buildings,UNOSAT,zone1,mean,0.7111,2.85,837,422,148,94,173,0.7403508771929824,0.8178294573643411,0.3684830798585778
open_buildings,UNOSAT,zone1,max,0.7036,3.0,837,405,143,111,178,0.7390510948905109,0.7848837209302325,0.3459167097393485
open_buildings,UNOSAT,zone1,median,0.7111,2.85,837,422,148,94,173,0.7403508771929824,0.8178294573643411,0.3684830798585778
open_buildings,UNOSAT,zone1,p90,0.7061,2.9,837,429,155,87,166,0.7345890410958904,0.8313953488372093,0.36306177125391487
open_buildings,EMS,global,mean,0.6536,2.85,2254,794,523,344,593,0.6028853454821564,0.6977152899824253,0.2294330063980681
open_buildings,EMS,global,max,0.6502,3.05,2254,692,426,446,690,0.6189624329159212,0.6080843585237259,0.22632472280566943
open_buildings,EMS,global,median,0.6536,2.85,2254,791,522,347,594,0.6024371667936025,0.695079086115993,0.2276822573916692
open_buildings,EMS,global,p90,0.6512,3.05,2254,678,413,460,703,0.6214482126489459,0.5957820738137083,0.22561854351547592
open_buildings,EMS,zone1,mean,0.7363,2.85,842,456,114,104,168,0.8,0.8142857142857143,0.41367150067079805
open_buildings,EMS,zone1,max,0.7309,3.0,842,439,110,121,172,0.7996357012750456,0.7839285714285714,0.390080840895835
open_buildings,EMS,zone1,median,0.7356,2.85,842,454,116,106,166,0.7964912280701755,0.8107142857142857,0.40291317958218875
open_buildings,EMS,zone1,p90,0.7325,2.95,842,445,114,115,168,0.7960644007155635,0.7946428571428571,0.39004422399230665
