source_ligne,source_colonne,aire_ligne_km2,recoupement_km2,pct_de_la_source_ligne
mapswipe,mapswipe,517.07,517.07,100.0
mapswipe,chatmap,517.07,158.39,30.63
mapswipe,disha,517.07,43.35,8.38
mapswipe,ems,517.07,174.22,33.69
mapswipe,eos,517.07,517.07,100.0
mapswipe,fair,517.07,490.8,94.92
mapswipe,impact,517.07,517.07,100.0
mapswipe,microsoft,517.07,97.57,18.87
mapswipe,nasa_s1,517.07,412.92,79.86
mapswipe,nasa_s2,517.07,417.11,80.67
mapswipe,osu,517.07,517.07,100.0
mapswipe,uhsail,517.07,296.71,57.38
mapswipe,unep,517.07,223.4,43.21
mapswipe,ungsc,517.07,410.1,79.31
chatmap,mapswipe,410.71,158.39,38.56
chatmap,chatmap,410.71,410.71,100.0
chatmap,disha,410.71,30.74,7.49
chatmap,ems,410.71,167.16,40.7
chatmap,eos,410.71,410.71,100.0
chatmap,fair,410.71,152.0,37.01
chatmap,impact,410.71,410.71,100.0
chatmap,microsoft,410.71,65.02,15.83
chatmap,nasa_s1,410.71,344.71,83.93
chatmap,nasa_s2,410.71,324.42,78.99
chatmap,osu,410.71,410.71,100.0
chatmap,uhsail,410.71,343.99,83.75
chatmap,unep,410.71,321.18,78.2
chatmap,ungsc,410.71,282.71,68.83
disha,mapswipe,134.37,43.35,32.26
disha,chatmap,134.37,30.74,22.88
disha,disha,134.37,134.37,100.0
disha,ems,134.37,30.51,22.71
disha,eos,134.37,134.37,100.0
disha,fair,134.37,41.0,30.51
disha,impact,134.37,134.37,100.0
disha,microsoft,134.37,98.41,73.24
disha,nasa_s1,134.37,121.17,90.18
disha,nasa_s2,134.37,129.54,96.41
disha,osu,134.37,134.37,100.0
disha,uhsail,134.37,46.64,34.71
disha,unep,134.37,66.05,49.16
disha,ungsc,134.37,121.17,90.18
ems,mapswipe,368.65,174.22,47.26
ems,chatmap,368.65,167.16,45.34
ems,disha,368.65,30.51,8.28
ems,ems,368.65,368.65,100.0
ems,eos,368.65,206.5,56.01
ems,fair,368.65,167.55,45.45
ems,impact,368.65,253.62,68.8
ems,microsoft,368.65,64.94,17.62
ems,nasa_s1,368.65,167.16,45.34
ems,nasa_s2,368.65,167.16,45.34
ems,osu,368.65,368.65,100.0
ems,uhsail,368.65,206.5,56.01
ems,unep,368.65,288.22,78.18
ems,ungsc,368.65,167.16,45.34
eos,mapswipe,69481.58,517.07,0.74
eos,chatmap,69481.58,410.71,0.59
eos,disha,69481.58,134.37,0.19
eos,ems,69481.58,206.5,0.3
eos,eos,69481.58,69481.58,100.0
eos,fair,69481.58,492.51,0.71
eos,impact,69481.58,30467.7,43.85
eos,microsoft,69481.58,211.38,0.3
eos,nasa_s1,69481.58,1876.23,2.7
eos,nasa_s2,69481.58,1463.98,2.11
eos,osu,69481.58,33561.33,48.3
eos,uhsail,69481.58,1135.63,1.63
eos,unep,69481.58,21489.37,30.93
eos,ungsc,69481.58,3885.26,5.59
fair,mapswipe,492.51,490.8,99.65
fair,chatmap,492.51,152.0,30.86
fair,disha,492.51,41.0,8.32
fair,ems,492.51,167.55,34.02
fair,eos,492.51,492.51,100.0
fair,fair,492.51,492.51,100.0
fair,impact,492.51,492.51,100.0
fair,microsoft,492.51,88.07,17.88
fair,nasa_s1,492.51,405.14,82.26
fair,nasa_s2,492.51,409.32,83.11
fair,osu,492.51,492.51,100.0
fair,uhsail,492.51,290.04,58.89
fair,unep,492.51,220.91,44.85
fair,ungsc,492.51,402.32,81.69
impact,mapswipe,32963.24,517.07,1.57
impact,chatmap,32963.24,410.71,1.25
impact,disha,32963.24,134.37,0.41
impact,ems,32963.24,253.62,0.77
impact,eos,32963.24,30467.7,92.43
impact,fair,32963.24,492.51,1.49
impact,impact,32963.24,32963.24,100.0
impact,microsoft,32963.24,211.38,0.64
impact,nasa_s1,32963.24,1876.23,5.69
impact,nasa_s2,32963.24,1463.98,4.44
impact,osu,32963.24,32847.34,99.65
impact,uhsail,32963.24,1135.63,3.45
impact,unep,32963.24,17098.0,51.87
impact,ungsc,32963.24,3885.26,11.79
microsoft,mapswipe,211.38,97.57,46.16
microsoft,chatmap,211.38,65.02,30.76
microsoft,disha,211.38,98.41,46.56
microsoft,ems,211.38,64.94,30.72
microsoft,eos,211.38,211.38,100.0
microsoft,fair,211.38,88.07,41.67
microsoft,impact,211.38,211.38,100.0
microsoft,microsoft,211.38,211.38,100.0
microsoft,nasa_s1,211.38,178.98,84.67
microsoft,nasa_s2,211.38,184.79,87.42
microsoft,osu,211.38,211.38,100.0
microsoft,uhsail,211.38,77.66,36.74
microsoft,unep,211.38,110.96,52.49
microsoft,ungsc,211.38,178.98,84.67
nasa_s1,mapswipe,1876.23,412.92,22.01
nasa_s1,chatmap,1876.23,344.71,18.37
nasa_s1,disha,1876.23,121.17,6.46
nasa_s1,ems,1876.23,167.16,8.91
nasa_s1,eos,1876.23,1876.23,100.0
nasa_s1,fair,1876.23,405.14,21.59
nasa_s1,impact,1876.23,1876.23,100.0
nasa_s1,microsoft,1876.23,178.98,9.54
nasa_s1,nasa_s1,1876.23,1876.23,100.0
nasa_s1,nasa_s2,1876.23,1431.34,76.29
nasa_s1,osu,1876.23,1876.23,100.0
nasa_s1,uhsail,1876.23,483.5,25.77
nasa_s1,unep,1876.23,1355.51,72.25
nasa_s1,ungsc,1876.23,1459.73,77.8
nasa_s2,mapswipe,1463.98,417.11,28.49
nasa_s2,chatmap,1463.98,324.42,22.16
nasa_s2,disha,1463.98,129.54,8.85
nasa_s2,ems,1463.98,167.16,11.42
nasa_s2,eos,1463.98,1463.98,100.0
nasa_s2,fair,1463.98,409.32,27.96
nasa_s2,impact,1463.98,1463.98,100.0
nasa_s2,microsoft,1463.98,184.79,12.62
nasa_s2,nasa_s1,1463.98,1431.34,97.77
nasa_s2,nasa_s2,1463.98,1463.98,100.0
nasa_s2,osu,1463.98,1463.98,100.0
nasa_s2,uhsail,1463.98,454.94,31.08
nasa_s2,unep,1463.98,941.98,64.34
nasa_s2,ungsc,1463.98,1300.2,88.81
osu,mapswipe,45146.88,517.07,1.15
osu,chatmap,45146.88,410.71,0.91
osu,disha,45146.88,134.37,0.3
osu,ems,45146.88,368.65,0.82
osu,eos,45146.88,33561.33,74.34
osu,fair,45146.88,492.51,1.09
osu,impact,45146.88,32847.34,72.76
osu,microsoft,45146.88,211.38,0.47
osu,nasa_s1,45146.88,1876.23,4.16
osu,nasa_s2,45146.88,1463.98,3.24
osu,osu,45146.88,45146.88,100.0
osu,uhsail,45146.88,1135.63,2.52
osu,unep,45146.88,23514.84,52.09
osu,ungsc,45146.88,3885.26,8.61
uhsail,mapswipe,1135.63,296.71,26.13
uhsail,chatmap,1135.63,343.99,30.29
uhsail,disha,1135.63,46.64,4.11
uhsail,ems,1135.63,206.5,18.18
uhsail,eos,1135.63,1135.63,100.0
uhsail,fair,1135.63,290.04,25.54
uhsail,impact,1135.63,1135.63,100.0
uhsail,microsoft,1135.63,77.66,6.84
uhsail,nasa_s1,1135.63,483.5,42.58
uhsail,nasa_s2,1135.63,454.94,40.06
uhsail,osu,1135.63,1135.63,100.0
uhsail,uhsail,1135.63,1135.63,100.0
uhsail,unep,1135.63,917.14,80.76
uhsail,ungsc,1135.63,411.24,36.21
unep,mapswipe,28772.34,223.4,0.78
unep,chatmap,28772.34,321.18,1.12
unep,disha,28772.34,66.05,0.23
unep,ems,28772.34,288.22,1.0
unep,eos,28772.34,21489.37,74.69
unep,fair,28772.34,220.91,0.77
unep,impact,28772.34,17098.0,59.43
unep,microsoft,28772.34,110.96,0.39
unep,nasa_s1,28772.34,1355.51,4.71
unep,nasa_s2,28772.34,941.98,3.27
unep,osu,28772.34,23514.84,81.73
unep,uhsail,28772.34,917.14,3.19
unep,unep,28772.34,28772.34,100.0
unep,ungsc,28772.34,3131.68,10.88
ungsc,mapswipe,3885.26,410.1,10.56
ungsc,chatmap,3885.26,282.71,7.28
ungsc,disha,3885.26,121.17,3.12
ungsc,ems,3885.26,167.16,4.3
ungsc,eos,3885.26,3885.26,100.0
ungsc,fair,3885.26,402.32,10.35
ungsc,impact,3885.26,3885.26,100.0
ungsc,microsoft,3885.26,178.98,4.61
ungsc,nasa_s1,3885.26,1459.73,37.57
ungsc,nasa_s2,3885.26,1300.2,33.46
ungsc,osu,3885.26,3885.26,100.0
ungsc,uhsail,3885.26,411.24,10.58
ungsc,unep,3885.26,3131.68,80.6
ungsc,ungsc,3885.26,3885.26,100.0
