source,correlation_rang_mmi_vs_taux,verdict,taux_I,taux_II-III,taux_IV,taux_V,taux_VI,taux_VII,taux_VIII,taux_IX,taux_X+
microsoft,,donnees insuffisantes,,,,,,,,,
impact,,donnees insuffisantes,,,,,,,,,
osu,,donnees insuffisantes,,,,,,,,,
uhsail,,donnees insuffisantes,,,,,,,,,
unep,,donnees insuffisantes,,,,,,,,,
fair,,donnees insuffisantes,,,,,,,,,
ems,,donnees insuffisantes,,,,,,,,,
disha,,donnees insuffisantes,,,,,,,,,
chatmap,,donnees insuffisantes,,,,,,,,,
nasa_s1,,donnees insuffisantes,,,,,,,,,
nasa_s2,,donnees insuffisantes,,,,,,,,,
eos,,donnees insuffisantes,,,,,,,,,
t_test,,donnees insuffisantes,,,,,,,,,
bdpm,,donnees insuffisantes,,,,,,,,,
