source,mmi_categorie,mmi_rang,n_probablement_endommage,n_endommage,n_detruit,n_total,n_batiments_analyses
microsoft,I,1,0,0,0,0,0
microsoft,II-III,2,0,0,0,0,0
microsoft,IV,3,0,0,0,0,0
microsoft,V,4,0,0,0,0,0
microsoft,VI,5,0,0,0,0,0
microsoft,VII,6,0,0,0,0,0
microsoft,VIII,7,0,0,0,0,0
microsoft,IX,8,0,0,0,0,0
microsoft,X+,9,0,0,0,0,0
impact,I,1,0,0,0,0,0
impact,II-III,2,0,0,0,0,0
impact,IV,3,0,0,0,0,0
impact,V,4,0,0,0,0,0
impact,VI,5,0,0,0,0,0
impact,VII,6,0,0,0,0,0
impact,VIII,7,0,0,0,0,0
impact,IX,8,0,0,0,0,0
impact,X+,9,0,0,0,0,0
osu,I,1,0,0,0,0,0
osu,II-III,2,0,0,0,0,0
osu,IV,3,0,0,0,0,0
osu,V,4,0,0,0,0,0
osu,VI,5,0,0,0,0,0
osu,VII,6,0,0,0,0,0
osu,VIII,7,0,0,0,0,0
osu,IX,8,0,0,0,0,0
osu,X+,9,0,0,0,0,0
uhsail,I,1,0,0,0,0,0
uhsail,II-III,2,0,0,0,0,0
uhsail,IV,3,0,0,0,0,0
uhsail,V,4,0,0,0,0,0
uhsail,VI,5,0,0,0,0,0
uhsail,VII,6,0,0,0,0,0
uhsail,VIII,7,0,0,0,0,0
uhsail,IX,8,0,0,0,0,0
uhsail,X+,9,0,0,0,0,0
unep,I,1,0,0,0,0,0
unep,II-III,2,0,0,0,0,0
unep,IV,3,0,0,0,0,0
unep,V,4,0,0,0,0,0
unep,VI,5,0,0,0,0,0
unep,VII,6,0,0,0,0,0
unep,VIII,7,0,0,0,0,0
unep,IX,8,0,0,0,0,0
unep,X+,9,0,0,0,0,0
fair,I,1,0,0,0,0,0
fair,II-III,2,0,0,0,0,0
fair,IV,3,0,0,0,0,0
fair,V,4,0,0,0,0,0
fair,VI,5,0,0,0,0,0
fair,VII,6,0,0,0,0,0
fair,VIII,7,0,0,0,0,0
fair,IX,8,0,0,0,0,0
fair,X+,9,0,0,0,0,0
ems,I,1,0,0,0,0,0
ems,II-III,2,0,0,0,0,0
ems,IV,3,0,0,0,0,0
ems,V,4,0,0,0,0,0
ems,VI,5,0,0,0,0,0
ems,VII,6,0,0,0,0,0
ems,VIII,7,0,0,0,0,0
ems,IX,8,0,0,0,0,0
ems,X+,9,0,0,0,0,0
disha,I,1,0,0,0,0,0
disha,II-III,2,0,0,0,0,0
disha,IV,3,0,0,0,0,0
disha,V,4,0,0,0,0,0
disha,VI,5,0,0,0,0,0
disha,VII,6,0,0,0,0,0
disha,VIII,7,0,0,0,0,0
disha,IX,8,0,0,0,0,0
disha,X+,9,0,0,0,0,0
chatmap,I,1,0,0,0,0,0
chatmap,II-III,2,0,0,0,0,0
chatmap,IV,3,0,0,0,0,0
chatmap,V,4,0,0,0,0,0
chatmap,VI,5,0,0,0,0,0
chatmap,VII,6,0,0,0,0,0
chatmap,VIII,7,0,0,0,0,0
chatmap,IX,8,0,0,0,0,0
chatmap,X+,9,0,0,0,0,0
nasa_s1,I,1,0,0,0,0,0
nasa_s1,II-III,2,0,0,0,0,0
nasa_s1,IV,3,0,0,0,0,0
nasa_s1,V,4,0,0,0,0,0
nasa_s1,VI,5,0,0,0,0,0
nasa_s1,VII,6,0,0,0,0,0
nasa_s1,VIII,7,0,0,0,0,0
nasa_s1,IX,8,0,0,0,0,0
nasa_s1,X+,9,0,0,0,0,0
nasa_s2,I,1,0,0,0,0,0
nasa_s2,II-III,2,0,0,0,0,0
nasa_s2,IV,3,0,0,0,0,0
nasa_s2,V,4,0,0,0,0,0
nasa_s2,VI,5,0,0,0,0,0
nasa_s2,VII,6,0,0,0,0,0
nasa_s2,VIII,7,0,0,0,0,0
nasa_s2,IX,8,0,0,0,0,0
nasa_s2,X+,9,0,0,0,0,0
eos,I,1,0,0,0,0,0
eos,II-III,2,0,0,0,0,0
eos,IV,3,0,0,0,0,0
eos,V,4,0,0,0,0,0
eos,VI,5,0,0,0,0,0
eos,VII,6,0,0,0,0,0
eos,VIII,7,0,0,0,0,0
eos,IX,8,0,0,0,0,0
eos,X+,9,0,0,0,0,0
t_test,I,1,0,0,0,0,0
t_test,II-III,2,0,0,0,0,0
t_test,IV,3,0,0,0,0,0
t_test,V,4,0,0,0,0,0
t_test,VI,5,0,0,0,0,0
t_test,VII,6,0,0,0,0,0
t_test,VIII,7,0,0,0,0,0
t_test,IX,8,0,0,0,0,0
t_test,X+,9,0,0,0,0,0
bdpm,I,1,0,0,0,0,0
bdpm,II-III,2,0,0,0,0,0
bdpm,IV,3,0,0,0,0,0
bdpm,V,4,0,0,0,0,0
bdpm,VI,5,0,0,0,0,0
bdpm,VII,6,0,0,0,0,0
bdpm,VIII,7,0,0,0,0,0
bdpm,IX,8,0,0,0,0,0
bdpm,X+,9,0,0,0,0,0
