source,zone,kind,pct_coverage
mapswipe,VE010101,vector_aoi,91.2
mapswipe,VE010103,vector_aoi,100.0
mapswipe,VE010104,vector_aoi,0.0
mapswipe,VE010105,vector_aoi,100.0
mapswipe,VE010106,vector_aoi,27.3
mapswipe,VE010108,vector_aoi,100.0
mapswipe,VE010109,vector_aoi,100.0
mapswipe,VE010110,vector_aoi,79.5
mapswipe,VE010111,vector_aoi,82.4
mapswipe,VE010114,vector_aoi,100.0
mapswipe,VE010115,vector_aoi,89.7
mapswipe,VE010116,vector_aoi,90.7
mapswipe,VE010117,vector_aoi,100.0
mapswipe,VE010118,vector_aoi,100.0
mapswipe,VE010119,vector_aoi,100.0
mapswipe,VE010120,vector_aoi,100.0
mapswipe,VE010121,vector_aoi,94.2
mapswipe,VE010122,vector_aoi,100.0
mapswipe,VE080501,vector_aoi,91.3
mapswipe,VE150301,vector_aoi,52.0
mapswipe,VE150303,vector_aoi,100.0
mapswipe,VE150701,vector_aoi,100.0
mapswipe,VE151301,vector_aoi,0.0
mapswipe,VE220101,vector_aoi,0.0
mapswipe,VE220401,vector_aoi,0.0
mapswipe,VE220501,vector_aoi,0.0
mapswipe,VE220701,vector_aoi,0.0
mapswipe,VE220801,vector_aoi,0.0
mapswipe,VE221101,vector_aoi,0.0
mapswipe,VE221102,vector_aoi,0.0
mapswipe,VE221103,vector_aoi,0.0
mapswipe,VE221201,vector_aoi,0.0
mapswipe,VE221401,vector_aoi,0.0
mapswipe,VE221402,vector_aoi,0.0
mapswipe,VE240101,vector_aoi,96.8
mapswipe,VE240104,vector_aoi,96.9
mapswipe,VE240106,vector_aoi,90.4
mapswipe,VE240107,vector_aoi,85.2
mapswipe,VE240108,vector_aoi,99.3
mapswipe,VE240110,vector_aoi,100.0
mapswipe,VE240111,vector_aoi,100.0
chatmap,VE010101,vector_aoi,100.0
chatmap,VE010103,vector_aoi,100.0
chatmap,VE010104,vector_aoi,99.9
chatmap,VE010105,vector_aoi,100.0
chatmap,VE010106,vector_aoi,100.0
chatmap,VE010108,vector_aoi,100.0
chatmap,VE010109,vector_aoi,100.0
chatmap,VE010110,vector_aoi,100.0
chatmap,VE010111,vector_aoi,100.0
chatmap,VE010114,vector_aoi,100.0
chatmap,VE010115,vector_aoi,100.0
chatmap,VE010116,vector_aoi,100.0
chatmap,VE010117,vector_aoi,100.0
chatmap,VE010118,vector_aoi,100.0
chatmap,VE010119,vector_aoi,100.0
chatmap,VE010120,vector_aoi,100.0
chatmap,VE010121,vector_aoi,100.0
chatmap,VE010122,vector_aoi,100.0
chatmap,VE080501,vector_aoi,0.0
chatmap,VE150301,vector_aoi,100.0
chatmap,VE150303,vector_aoi,100.0
chatmap,VE150701,vector_aoi,100.0
chatmap,VE151301,vector_aoi,100.0
chatmap,VE220101,vector_aoi,0.0
chatmap,VE220401,vector_aoi,0.0
chatmap,VE220501,vector_aoi,0.0
chatmap,VE220701,vector_aoi,0.0
chatmap,VE220801,vector_aoi,0.0
chatmap,VE221101,vector_aoi,0.0
chatmap,VE221102,vector_aoi,0.0
chatmap,VE221103,vector_aoi,0.0
chatmap,VE221201,vector_aoi,0.0
chatmap,VE221401,vector_aoi,0.0
chatmap,VE221402,vector_aoi,0.0
chatmap,VE240101,vector_aoi,100.0
chatmap,VE240104,vector_aoi,100.0
chatmap,VE240106,vector_aoi,100.0
chatmap,VE240107,vector_aoi,100.0
chatmap,VE240108,vector_aoi,100.0
chatmap,VE240110,vector_aoi,100.0
chatmap,VE240111,vector_aoi,100.0
disha,VE010101,vector_aoi,0.0
disha,VE010103,vector_aoi,0.0
disha,VE010104,vector_aoi,0.0
disha,VE010105,vector_aoi,0.0
disha,VE010106,vector_aoi,0.0
disha,VE010108,vector_aoi,0.0
disha,VE010109,vector_aoi,0.0
disha,VE010110,vector_aoi,0.0
disha,VE010111,vector_aoi,0.0
disha,VE010114,vector_aoi,0.0
disha,VE010115,vector_aoi,0.0
disha,VE010116,vector_aoi,0.0
disha,VE010117,vector_aoi,0.0
disha,VE010118,vector_aoi,0.0
disha,VE010119,vector_aoi,0.0
disha,VE010120,vector_aoi,0.0
disha,VE010121,vector_aoi,0.0
disha,VE010122,vector_aoi,0.0
disha,VE080501,vector_aoi,0.0
disha,VE150301,vector_aoi,0.0
disha,VE150303,vector_aoi,0.0
disha,VE150701,vector_aoi,0.0
disha,VE151301,vector_aoi,0.0
disha,VE220101,vector_aoi,0.0
disha,VE220401,vector_aoi,0.0
disha,VE220501,vector_aoi,0.0
disha,VE220701,vector_aoi,0.0
disha,VE220801,vector_aoi,0.0
disha,VE221101,vector_aoi,0.0
disha,VE221102,vector_aoi,0.0
disha,VE221103,vector_aoi,0.0
disha,VE221201,vector_aoi,0.0
disha,VE221401,vector_aoi,0.0
disha,VE221402,vector_aoi,0.0
disha,VE240101,vector_aoi,0.0
disha,VE240104,vector_aoi,50.6
disha,VE240106,vector_aoi,0.0
disha,VE240107,vector_aoi,0.0
disha,VE240108,vector_aoi,80.4
disha,VE240110,vector_aoi,100.0
disha,VE240111,vector_aoi,100.0
ems,VE010101,vector_aoi,100.0
ems,VE010103,vector_aoi,100.0
ems,VE010104,vector_aoi,100.0
ems,VE010105,vector_aoi,100.0
ems,VE010106,vector_aoi,100.0
ems,VE010108,vector_aoi,100.0
ems,VE010109,vector_aoi,100.0
ems,VE010110,vector_aoi,100.0
ems,VE010111,vector_aoi,100.0
ems,VE010114,vector_aoi,100.0
ems,VE010115,vector_aoi,100.0
ems,VE010116,vector_aoi,100.0
ems,VE010117,vector_aoi,100.0
ems,VE010118,vector_aoi,100.0
ems,VE010119,vector_aoi,100.0
ems,VE010120,vector_aoi,100.0
ems,VE010121,vector_aoi,100.0
ems,VE010122,vector_aoi,100.0
ems,VE080501,vector_aoi,100.0
ems,VE150301,vector_aoi,100.0
ems,VE150303,vector_aoi,100.0
ems,VE150701,vector_aoi,100.0
ems,VE151301,vector_aoi,100.0
ems,VE220101,vector_aoi,100.0
ems,VE220401,vector_aoi,100.0
ems,VE220501,vector_aoi,100.0
ems,VE220701,vector_aoi,100.0
ems,VE220801,vector_aoi,100.0
ems,VE221101,vector_aoi,100.0
ems,VE221102,vector_aoi,100.0
ems,VE221103,vector_aoi,100.0
ems,VE221201,vector_aoi,100.0
ems,VE221401,vector_aoi,100.0
ems,VE221402,vector_aoi,100.0
ems,VE240101,vector_aoi,100.0
ems,VE240104,vector_aoi,100.0
ems,VE240106,vector_aoi,100.0
ems,VE240107,vector_aoi,100.0
ems,VE240108,vector_aoi,100.0
ems,VE240110,vector_aoi,100.0
ems,VE240111,vector_aoi,100.0
eos,VE010101,vector_aoi,100.0
eos,VE010103,vector_aoi,100.0
eos,VE010104,vector_aoi,100.0
eos,VE010105,vector_aoi,100.0
eos,VE010106,vector_aoi,100.0
eos,VE010108,vector_aoi,100.0
eos,VE010109,vector_aoi,100.0
eos,VE010110,vector_aoi,100.0
eos,VE010111,vector_aoi,100.0
eos,VE010114,vector_aoi,100.0
eos,VE010115,vector_aoi,100.0
eos,VE010116,vector_aoi,100.0
eos,VE010117,vector_aoi,100.0
eos,VE010118,vector_aoi,100.0
eos,VE010119,vector_aoi,100.0
eos,VE010120,vector_aoi,100.0
eos,VE010121,vector_aoi,100.0
eos,VE010122,vector_aoi,100.0
eos,VE080501,vector_aoi,100.0
eos,VE150301,vector_aoi,100.0
eos,VE150303,vector_aoi,100.0
eos,VE150701,vector_aoi,100.0
eos,VE151301,vector_aoi,100.0
eos,VE220101,vector_aoi,0.0
eos,VE220401,vector_aoi,0.0
eos,VE220501,vector_aoi,0.0
eos,VE220701,vector_aoi,0.0
eos,VE220801,vector_aoi,0.0
eos,VE221101,vector_aoi,0.0
eos,VE221102,vector_aoi,0.0
eos,VE221103,vector_aoi,0.0
eos,VE221201,vector_aoi,0.0
eos,VE221401,vector_aoi,0.0
eos,VE221402,vector_aoi,0.0
eos,VE240101,vector_aoi,100.0
eos,VE240104,vector_aoi,100.0
eos,VE240106,vector_aoi,100.0
eos,VE240107,vector_aoi,100.0
eos,VE240108,vector_aoi,100.0
eos,VE240110,vector_aoi,100.0
eos,VE240111,vector_aoi,100.0
fair,VE010101,vector_aoi,91.2
fair,VE010103,vector_aoi,100.0
fair,VE010104,vector_aoi,0.0
fair,VE010105,vector_aoi,100.0
fair,VE010106,vector_aoi,27.3
fair,VE010108,vector_aoi,100.0
fair,VE010109,vector_aoi,100.0
fair,VE010110,vector_aoi,79.5
fair,VE010111,vector_aoi,82.4
fair,VE010114,vector_aoi,100.0
fair,VE010115,vector_aoi,89.7
fair,VE010116,vector_aoi,90.7
fair,VE010117,vector_aoi,100.0
fair,VE010118,vector_aoi,100.0
fair,VE010119,vector_aoi,100.0
fair,VE010120,vector_aoi,100.0
fair,VE010121,vector_aoi,94.2
fair,VE010122,vector_aoi,100.0
fair,VE080501,vector_aoi,91.1
fair,VE150301,vector_aoi,52.0
fair,VE150303,vector_aoi,100.0
fair,VE150701,vector_aoi,100.0
fair,VE151301,vector_aoi,0.0
fair,VE220101,vector_aoi,0.0
fair,VE220401,vector_aoi,0.0
fair,VE220501,vector_aoi,0.0
fair,VE220701,vector_aoi,0.0
fair,VE220801,vector_aoi,0.0
fair,VE221101,vector_aoi,0.0
fair,VE221102,vector_aoi,0.0
fair,VE221103,vector_aoi,0.0
fair,VE221201,vector_aoi,0.0
fair,VE221401,vector_aoi,0.0
fair,VE221402,vector_aoi,0.0
fair,VE240101,vector_aoi,96.8
fair,VE240104,vector_aoi,96.9
fair,VE240106,vector_aoi,48.9
fair,VE240107,vector_aoi,59.7
fair,VE240108,vector_aoi,84.1
fair,VE240110,vector_aoi,100.0
fair,VE240111,vector_aoi,94.0
impact,VE010101,vector_aoi,100.0
impact,VE010103,vector_aoi,100.0
impact,VE010104,vector_aoi,100.0
impact,VE010105,vector_aoi,100.0
impact,VE010106,vector_aoi,100.0
impact,VE010108,vector_aoi,100.0
impact,VE010109,vector_aoi,100.0
impact,VE010110,vector_aoi,100.0
impact,VE010111,vector_aoi,100.0
impact,VE010114,vector_aoi,100.0
impact,VE010115,vector_aoi,100.0
impact,VE010116,vector_aoi,100.0
impact,VE010117,vector_aoi,100.0
impact,VE010118,vector_aoi,100.0
impact,VE010119,vector_aoi,100.0
impact,VE010120,vector_aoi,100.0
impact,VE010121,vector_aoi,100.0
impact,VE010122,vector_aoi,100.0
impact,VE080501,vector_aoi,100.0
impact,VE150301,vector_aoi,100.0
impact,VE150303,vector_aoi,100.0
impact,VE150701,vector_aoi,100.0
impact,VE151301,vector_aoi,100.0
impact,VE220101,vector_aoi,0.0
impact,VE220401,vector_aoi,0.0
impact,VE220501,vector_aoi,0.0
impact,VE220701,vector_aoi,0.0
impact,VE220801,vector_aoi,0.0
impact,VE221101,vector_aoi,0.0
impact,VE221102,vector_aoi,0.0
impact,VE221103,vector_aoi,0.0
impact,VE221201,vector_aoi,0.0
impact,VE221401,vector_aoi,54.3
impact,VE221402,vector_aoi,93.8
impact,VE240101,vector_aoi,100.0
impact,VE240104,vector_aoi,100.0
impact,VE240106,vector_aoi,100.0
impact,VE240107,vector_aoi,100.0
impact,VE240108,vector_aoi,100.0
impact,VE240110,vector_aoi,100.0
impact,VE240111,vector_aoi,100.0
microsoft,VE010101,vector_aoi,0.0
microsoft,VE010103,vector_aoi,0.0
microsoft,VE010104,vector_aoi,0.0
microsoft,VE010105,vector_aoi,0.0
microsoft,VE010106,vector_aoi,0.0
microsoft,VE010108,vector_aoi,0.0
microsoft,VE010109,vector_aoi,0.0
microsoft,VE010110,vector_aoi,0.0
microsoft,VE010111,vector_aoi,0.0
microsoft,VE010114,vector_aoi,0.0
microsoft,VE010115,vector_aoi,0.0
microsoft,VE010116,vector_aoi,0.0
microsoft,VE010117,vector_aoi,0.0
microsoft,VE010118,vector_aoi,0.0
microsoft,VE010119,vector_aoi,0.0
microsoft,VE010120,vector_aoi,0.0
microsoft,VE010121,vector_aoi,0.0
microsoft,VE010122,vector_aoi,0.0
microsoft,VE080501,vector_aoi,0.0
microsoft,VE150301,vector_aoi,0.0
microsoft,VE150303,vector_aoi,0.0
microsoft,VE150701,vector_aoi,0.0
microsoft,VE151301,vector_aoi,0.0
microsoft,VE220101,vector_aoi,0.0
microsoft,VE220401,vector_aoi,0.0
microsoft,VE220501,vector_aoi,0.0
microsoft,VE220701,vector_aoi,0.0
microsoft,VE220801,vector_aoi,0.0
microsoft,VE221101,vector_aoi,0.0
microsoft,VE221102,vector_aoi,0.0
microsoft,VE221103,vector_aoi,0.0
microsoft,VE221201,vector_aoi,0.0
microsoft,VE221401,vector_aoi,0.0
microsoft,VE221402,vector_aoi,0.0
microsoft,VE240101,vector_aoi,81.8
microsoft,VE240104,vector_aoi,99.6
microsoft,VE240106,vector_aoi,100.0
microsoft,VE240107,vector_aoi,100.0
microsoft,VE240108,vector_aoi,100.0
microsoft,VE240110,vector_aoi,100.0
microsoft,VE240111,vector_aoi,100.0
nasa_s1,VE010101,vector_aoi,100.0
nasa_s1,VE010103,vector_aoi,100.0
nasa_s1,VE010104,vector_aoi,100.0
nasa_s1,VE010105,vector_aoi,100.0
nasa_s1,VE010106,vector_aoi,100.0
nasa_s1,VE010108,vector_aoi,100.0
nasa_s1,VE010109,vector_aoi,100.0
nasa_s1,VE010110,vector_aoi,100.0
nasa_s1,VE010111,vector_aoi,100.0
nasa_s1,VE010114,vector_aoi,100.0
nasa_s1,VE010115,vector_aoi,100.0
nasa_s1,VE010116,vector_aoi,100.0
nasa_s1,VE010117,vector_aoi,100.0
nasa_s1,VE010118,vector_aoi,100.0
nasa_s1,VE010119,vector_aoi,100.0
nasa_s1,VE010120,vector_aoi,100.0
nasa_s1,VE010121,vector_aoi,100.0
nasa_s1,VE010122,vector_aoi,100.0
nasa_s1,VE080501,vector_aoi,0.0
nasa_s1,VE150301,vector_aoi,100.0
nasa_s1,VE150303,vector_aoi,100.0
nasa_s1,VE150701,vector_aoi,100.0
nasa_s1,VE151301,vector_aoi,100.0
nasa_s1,VE220101,vector_aoi,0.0
nasa_s1,VE220401,vector_aoi,0.0
nasa_s1,VE220501,vector_aoi,0.0
nasa_s1,VE220701,vector_aoi,0.0
nasa_s1,VE220801,vector_aoi,0.0
nasa_s1,VE221101,vector_aoi,0.0
nasa_s1,VE221102,vector_aoi,0.0
nasa_s1,VE221103,vector_aoi,0.0
nasa_s1,VE221201,vector_aoi,0.0
nasa_s1,VE221401,vector_aoi,0.0
nasa_s1,VE221402,vector_aoi,0.0
nasa_s1,VE240101,vector_aoi,100.0
nasa_s1,VE240104,vector_aoi,100.0
nasa_s1,VE240106,vector_aoi,100.0
nasa_s1,VE240107,vector_aoi,100.0
nasa_s1,VE240108,vector_aoi,100.0
nasa_s1,VE240110,vector_aoi,100.0
nasa_s1,VE240111,vector_aoi,100.0
nasa_s2,VE010101,vector_aoi,100.0
nasa_s2,VE010103,vector_aoi,100.0
nasa_s2,VE010104,vector_aoi,100.0
nasa_s2,VE010105,vector_aoi,100.0
nasa_s2,VE010106,vector_aoi,100.0
nasa_s2,VE010108,vector_aoi,100.0
nasa_s2,VE010109,vector_aoi,100.0
nasa_s2,VE010110,vector_aoi,100.0
nasa_s2,VE010111,vector_aoi,100.0
nasa_s2,VE010114,vector_aoi,100.0
nasa_s2,VE010115,vector_aoi,100.0
nasa_s2,VE010116,vector_aoi,100.0
nasa_s2,VE010117,vector_aoi,100.0
nasa_s2,VE010118,vector_aoi,100.0
nasa_s2,VE010119,vector_aoi,100.0
nasa_s2,VE010120,vector_aoi,100.0
nasa_s2,VE010121,vector_aoi,100.0
nasa_s2,VE010122,vector_aoi,100.0
nasa_s2,VE080501,vector_aoi,0.0
nasa_s2,VE150301,vector_aoi,100.0
nasa_s2,VE150303,vector_aoi,100.0
nasa_s2,VE150701,vector_aoi,100.0
nasa_s2,VE151301,vector_aoi,100.0
nasa_s2,VE220101,vector_aoi,0.0
nasa_s2,VE220401,vector_aoi,0.0
nasa_s2,VE220501,vector_aoi,0.0
nasa_s2,VE220701,vector_aoi,0.0
nasa_s2,VE220801,vector_aoi,0.0
nasa_s2,VE221101,vector_aoi,0.0
nasa_s2,VE221102,vector_aoi,0.0
nasa_s2,VE221103,vector_aoi,0.0
nasa_s2,VE221201,vector_aoi,0.0
nasa_s2,VE221401,vector_aoi,0.0
nasa_s2,VE221402,vector_aoi,0.0
nasa_s2,VE240101,vector_aoi,100.0
nasa_s2,VE240104,vector_aoi,100.0
nasa_s2,VE240106,vector_aoi,100.0
nasa_s2,VE240107,vector_aoi,100.0
nasa_s2,VE240108,vector_aoi,100.0
nasa_s2,VE240110,vector_aoi,100.0
nasa_s2,VE240111,vector_aoi,100.0
osu,VE010101,vector_aoi,100.0
osu,VE010103,vector_aoi,100.0
osu,VE010104,vector_aoi,100.0
osu,VE010105,vector_aoi,100.0
osu,VE010106,vector_aoi,100.0
osu,VE010108,vector_aoi,100.0
osu,VE010109,vector_aoi,100.0
osu,VE010110,vector_aoi,100.0
osu,VE010111,vector_aoi,100.0
osu,VE010114,vector_aoi,100.0
osu,VE010115,vector_aoi,100.0
osu,VE010116,vector_aoi,100.0
osu,VE010117,vector_aoi,100.0
osu,VE010118,vector_aoi,100.0
osu,VE010119,vector_aoi,100.0
osu,VE010120,vector_aoi,100.0
osu,VE010121,vector_aoi,100.0
osu,VE010122,vector_aoi,100.0
osu,VE080501,vector_aoi,100.0
osu,VE150301,vector_aoi,100.0
osu,VE150303,vector_aoi,100.0
osu,VE150701,vector_aoi,100.0
osu,VE151301,vector_aoi,100.0
osu,VE220101,vector_aoi,100.0
osu,VE220401,vector_aoi,100.0
osu,VE220501,vector_aoi,100.0
osu,VE220701,vector_aoi,100.0
osu,VE220801,vector_aoi,100.0
osu,VE221101,vector_aoi,100.0
osu,VE221102,vector_aoi,100.0
osu,VE221103,vector_aoi,100.0
osu,VE221201,vector_aoi,100.0
osu,VE221401,vector_aoi,100.0
osu,VE221402,vector_aoi,100.0
osu,VE240101,vector_aoi,100.0
osu,VE240104,vector_aoi,100.0
osu,VE240106,vector_aoi,100.0
osu,VE240107,vector_aoi,100.0
osu,VE240108,vector_aoi,100.0
osu,VE240110,vector_aoi,100.0
osu,VE240111,vector_aoi,100.0
uhsail,VE010101,vector_aoi,100.0
uhsail,VE010103,vector_aoi,100.0
uhsail,VE010104,vector_aoi,100.0
uhsail,VE010105,vector_aoi,100.0
uhsail,VE010106,vector_aoi,100.0
uhsail,VE010108,vector_aoi,100.0
uhsail,VE010109,vector_aoi,100.0
uhsail,VE010110,vector_aoi,100.0
uhsail,VE010111,vector_aoi,100.0
uhsail,VE010114,vector_aoi,100.0
uhsail,VE010115,vector_aoi,100.0
uhsail,VE010116,vector_aoi,100.0
uhsail,VE010117,vector_aoi,100.0
uhsail,VE010118,vector_aoi,100.0
uhsail,VE010119,vector_aoi,100.0
uhsail,VE010120,vector_aoi,100.0
uhsail,VE010121,vector_aoi,100.0
uhsail,VE010122,vector_aoi,100.0
uhsail,VE080501,vector_aoi,100.0
uhsail,VE150301,vector_aoi,100.0
uhsail,VE150303,vector_aoi,100.0
uhsail,VE150701,vector_aoi,100.0
uhsail,VE151301,vector_aoi,100.0
uhsail,VE220101,vector_aoi,0.0
uhsail,VE220401,vector_aoi,0.0
uhsail,VE220501,vector_aoi,0.0
uhsail,VE220701,vector_aoi,0.0
uhsail,VE220801,vector_aoi,0.0
uhsail,VE221101,vector_aoi,0.0
uhsail,VE221102,vector_aoi,0.0
uhsail,VE221103,vector_aoi,0.0
uhsail,VE221201,vector_aoi,0.0
uhsail,VE221401,vector_aoi,0.0
uhsail,VE221402,vector_aoi,0.0
uhsail,VE240101,vector_aoi,100.0
uhsail,VE240104,vector_aoi,100.0
uhsail,VE240106,vector_aoi,100.0
uhsail,VE240107,vector_aoi,100.0
uhsail,VE240108,vector_aoi,100.0
uhsail,VE240110,vector_aoi,100.0
uhsail,VE240111,vector_aoi,100.0
unep,VE010101,vector_aoi,0.0
unep,VE010103,vector_aoi,0.0
unep,VE010104,vector_aoi,0.0
unep,VE010105,vector_aoi,0.0
unep,VE010106,vector_aoi,0.0
unep,VE010108,vector_aoi,0.0
unep,VE010109,vector_aoi,0.0
unep,VE010110,vector_aoi,0.0
unep,VE010111,vector_aoi,0.0
unep,VE010114,vector_aoi,0.0
unep,VE010115,vector_aoi,0.0
unep,VE010116,vector_aoi,0.0
unep,VE010117,vector_aoi,0.0
unep,VE010118,vector_aoi,0.0
unep,VE010119,vector_aoi,0.0
unep,VE010120,vector_aoi,0.0
unep,VE010121,vector_aoi,0.0
unep,VE010122,vector_aoi,0.0
unep,VE080501,vector_aoi,100.0
unep,VE150301,vector_aoi,100.0
unep,VE150303,vector_aoi,100.0
unep,VE150701,vector_aoi,100.0
unep,VE151301,vector_aoi,100.0
unep,VE220101,vector_aoi,100.0
unep,VE220401,vector_aoi,100.0
unep,VE220501,vector_aoi,100.0
unep,VE220701,vector_aoi,100.0
unep,VE220801,vector_aoi,100.0
unep,VE221101,vector_aoi,100.0
unep,VE221102,vector_aoi,100.0
unep,VE221103,vector_aoi,100.0
unep,VE221201,vector_aoi,100.0
unep,VE221401,vector_aoi,100.0
unep,VE221402,vector_aoi,100.0
unep,VE240101,vector_aoi,100.0
unep,VE240104,vector_aoi,100.0
unep,VE240106,vector_aoi,100.0
unep,VE240107,vector_aoi,100.0
unep,VE240108,vector_aoi,100.0
unep,VE240110,vector_aoi,100.0
unep,VE240111,vector_aoi,100.0
ungsc,VE010101,vector_aoi,100.0
ungsc,VE010103,vector_aoi,100.0
ungsc,VE010104,vector_aoi,100.0
ungsc,VE010105,vector_aoi,100.0
ungsc,VE010106,vector_aoi,100.0
ungsc,VE010108,vector_aoi,100.0
ungsc,VE010109,vector_aoi,100.0
ungsc,VE010110,vector_aoi,100.0
ungsc,VE010111,vector_aoi,100.0
ungsc,VE010114,vector_aoi,100.0
ungsc,VE010115,vector_aoi,100.0
ungsc,VE010116,vector_aoi,100.0
ungsc,VE010117,vector_aoi,100.0
ungsc,VE010118,vector_aoi,100.0
ungsc,VE010119,vector_aoi,100.0
ungsc,VE010120,vector_aoi,100.0
ungsc,VE010121,vector_aoi,100.0
ungsc,VE010122,vector_aoi,100.0
ungsc,VE080501,vector_aoi,0.0
ungsc,VE150301,vector_aoi,100.0
ungsc,VE150303,vector_aoi,100.0
ungsc,VE150701,vector_aoi,100.0
ungsc,VE151301,vector_aoi,100.0
ungsc,VE220101,vector_aoi,0.0
ungsc,VE220401,vector_aoi,0.0
ungsc,VE220501,vector_aoi,0.0
ungsc,VE220701,vector_aoi,0.0
ungsc,VE220801,vector_aoi,0.0
ungsc,VE221101,vector_aoi,0.0
ungsc,VE221102,vector_aoi,0.0
ungsc,VE221103,vector_aoi,0.0
ungsc,VE221201,vector_aoi,0.0
ungsc,VE221401,vector_aoi,0.0
ungsc,VE221402,vector_aoi,0.0
ungsc,VE240101,vector_aoi,100.0
ungsc,VE240104,vector_aoi,100.0
ungsc,VE240106,vector_aoi,100.0
ungsc,VE240107,vector_aoi,100.0
ungsc,VE240108,vector_aoi,100.0
ungsc,VE240110,vector_aoi,100.0
ungsc,VE240111,vector_aoi,100.0
