# min/max de POPULATION utilises pour toute normalisation ponderee (figes sur TOUS les batiments Overture de l'AOI, pas seulement ceux avec verite terrain)
# t_test: (0.655197146979592, 9.33419931454967)  bdpm: (0.013232827186584473, 0.8920953273773193)  burst_moyenne: (0.1596040278673172, 0.9960370063781738)  eos_raster_max: (0.0, 1.0)
portee,methode,seuil_a,seuil_b,poids_a,poids_b,seuil_score,n,tp,fp,fn,tn,precision,recall,kappa
global,t_test_seul,3.2,,,,,288374,323,1366,1082,285603,0.19123741859088217,0.2298932384341637,0.2045599752322485
global,bdpm_seul,0.66,,,,,80275,268,3394,402,76211,0.07318405243036592,0.4,0.11118845754494465
global,fusion_coevent_ET,3.2,0.5,,,,288374,315,1106,1090,285863,0.22167487684729065,0.22419928825622776,0.21910375563895085
global,fusion_coevent_pondere,,,0.9,0.1,0.34,288374,315,1145,1090,285824,0.21575342465753425,0.22419928825622776,0.2160022083256271
global,fusion_eos_ET,3.2,0.0,,,,29626,297,820,808,27701,0.26589077887197854,0.2687782805429864,0.23878121859138496
global,fusion_eos_pondere,,,0.9,0.1,0.32,29626,316,869,789,27652,0.26666666666666666,0.285972850678733,0.24691235788165333
zone_la_guaira,t_test_seul,3.0,,,,,19186,20,154,105,18907,0.11494252873563218,0.16,0.12716063651632037
zone_la_guaira,bdpm_seul,0.66,,,,,8021,10,69,63,7879,0.12658227848101267,0.136986301369863,0.12328490350744427
zone_la_guaira,fusion_coevent_ET,3.0,0.48,,,,19186,20,127,105,18934,0.1360544217687075,0.16,0.1410097027273287
zone_la_guaira,fusion_coevent_pondere,,,0.8,0.2,0.38,19186,15,83,110,18978,0.15306122448979592,0.12,0.12954462858058502
zone_la_guaira,fusion_eos_ET,2.8,0.513,,,,7689,23,82,77,7507,0.21904761904761905,0.23,0.21391742137091366
zone_la_guaira,fusion_eos_pondere,,,0.7,0.3,0.4,7689,17,50,83,7539,0.2537313432835821,0.17,0.19519416241756984
zone_catia_la_mar,t_test_seul,2.8,,,,,29942,278,1324,533,27807,0.1735330836454432,0.34278668310727495,0.20170832538783479
zone_catia_la_mar,bdpm_seul,0.8,,,,,11732,31,166,336,11199,0.15736040609137056,0.08446866485013624,0.09004380238711236
zone_catia_la_mar,fusion_coevent_ET,2.8,0.6,,,,29942,276,1302,535,27829,0.17490494296577946,0.3403205918618989,0.20252397780070466
zone_catia_la_mar,fusion_coevent_pondere,,,1.0,0.0,0.26,29942,238,1055,573,28076,0.1840680587780356,0.2934648581997534,0.19958952210779882
zone_catia_la_mar,fusion_eos_ET,2.8,0.385,,,,11021,202,744,451,9624,0.2135306553911205,0.3093415007656968,0.19631340573132391
zone_catia_la_mar,fusion_eos_pondere,,,0.9,0.1,0.32,11021,155,434,498,9934,0.2631578947368421,0.23736600306278713,0.2049157943494647
zone_caraballeda,t_test_seul,3.2,,,,,11554,146,408,259,10741,0.26353790613718414,0.36049382716049383,0.27512724866167254
zone_caraballeda,bdpm_seul,0.66,,,,,4204,80,601,132,3391,0.11747430249632893,0.37735849056603776,0.1107788128912217
zone_caraballeda,fusion_coevent_ET,3.2,0.68,,,,11554,146,408,259,10741,0.26353790613718414,0.36049382716049383,0.27512724866167254
zone_caraballeda,fusion_coevent_pondere,,,0.9,0.1,0.34,11554,143,417,262,10732,0.25535714285714284,0.3530864197530864,0.2665334082522382
zone_caraballeda,fusion_eos_ET,3.2,0.333,,,,6034,132,276,219,5407,0.3235294117647059,0.37606837606837606,0.3043189647341612
zone_caraballeda,fusion_eos_pondere,,,1.0,0.0,0.3,6034,132,298,219,5385,0.30697674418604654,0.37606837606837606,0.29272400216383204
