reference_etape,zone,etape,source_ajoutee,aire_commune_km2,n_batiments_evalues,n_positifs_ems,taux_dommage,inclus_chatmap,inclus_disha,inclus_ems,inclus_fair,inclus_impact,inclus_microsoft,inclus_osu,inclus_uhsail,inclus_unep,inclus_eos,inclus_nasa_s1,inclus_nasa_s2,inclus_ungsc,inclus_t_test,inclus_bdpm,methode,seuil_a,seuil_b,n,tp,fp,fn,tn,precision,recall,kappa
la_guaira_etape1_+chatmap+ems+impact+microsoft+osu+uhsail+eos+nasa_s1+nasa_s2+ungsc+t_test+bdpm,la_guaira,1,chatmap+ems+impact+microsoft+osu+uhsail+eos+nasa_s1+nasa_s2+ungsc+t_test+bdpm,17.855,19186,297,0.0155,True,False,True,False,True,True,True,True,False,True,True,True,True,True,True,chatmap,,,19186,17,1,280,18888,0.9444444444444444,0.05723905723905724,0.10635551935404802
la_guaira_etape1_+chatmap+ems+impact+microsoft+osu+uhsail+eos+nasa_s1+nasa_s2+ungsc+t_test+bdpm,la_guaira,1,chatmap+ems+impact+microsoft+osu+uhsail+eos+nasa_s1+nasa_s2+ungsc+t_test+bdpm,17.855,19186,297,0.0155,True,False,True,False,True,True,True,True,False,True,True,True,True,True,True,impact,,,19186,121,2691,176,16198,0.0430298719772404,0.4074074074074074,0.05127178407141038
la_guaira_etape1_+chatmap+ems+impact+microsoft+osu+uhsail+eos+nasa_s1+nasa_s2+ungsc+t_test+bdpm,la_guaira,1,chatmap+ems+impact+microsoft+osu+uhsail+eos+nasa_s1+nasa_s2+ungsc+t_test+bdpm,17.855,19186,297,0.0155,True,False,True,False,True,True,True,True,False,True,True,True,True,True,True,microsoft,,,19186,113,717,184,18172,0.13614457831325302,0.38047138047138046,0.1818782956725812
la_guaira_etape1_+chatmap+ems+impact+microsoft+osu+uhsail+eos+nasa_s1+nasa_s2+ungsc+t_test+bdpm,la_guaira,1,chatmap+ems+impact+microsoft+osu+uhsail+eos+nasa_s1+nasa_s2+ungsc+t_test+bdpm,17.855,19186,297,0.0155,True,False,True,False,True,True,True,True,False,True,True,True,True,True,True,osu,,,19183,254,9350,43,9536,0.026447313619325282,0.8552188552188552,0.021930594234399102
la_guaira_etape1_+chatmap+ems+impact+microsoft+osu+uhsail+eos+nasa_s1+nasa_s2+ungsc+t_test+bdpm,la_guaira,1,chatmap+ems+impact+microsoft+osu+uhsail+eos+nasa_s1+nasa_s2+ungsc+t_test+bdpm,17.855,19186,297,0.0155,True,False,True,False,True,True,True,True,False,True,True,True,True,True,True,uhsail,,,19186,135,3003,162,15886,0.043021032504780114,0.45454545454545453,0.05178406012822809
la_guaira_etape1_+chatmap+ems+impact+microsoft+osu+uhsail+eos+nasa_s1+nasa_s2+ungsc+t_test+bdpm,la_guaira,1,chatmap+ems+impact+microsoft+osu+uhsail+eos+nasa_s1+nasa_s2+ungsc+t_test+bdpm,17.855,19186,297,0.0155,True,False,True,False,True,True,True,True,False,True,True,True,True,True,True,eos,,,7689,43,309,175,7162,0.12215909090909091,0.19724770642201836,0.12006408689183623
la_guaira_etape1_+chatmap+ems+impact+microsoft+osu+uhsail+eos+nasa_s1+nasa_s2+ungsc+t_test+bdpm,la_guaira,1,chatmap+ems+impact+microsoft+osu+uhsail+eos+nasa_s1+nasa_s2+ungsc+t_test+bdpm,17.855,19186,297,0.0155,True,False,True,False,True,True,True,True,False,True,True,True,True,True,True,nasa_s1,,,19186,14,653,283,18236,0.020989505247376312,0.04713804713804714,0.007790992549576028
la_guaira_etape1_+chatmap+ems+impact+microsoft+osu+uhsail+eos+nasa_s1+nasa_s2+ungsc+t_test+bdpm,la_guaira,1,chatmap+ems+impact+microsoft+osu+uhsail+eos+nasa_s1+nasa_s2+ungsc+t_test+bdpm,17.855,19186,297,0.0155,True,False,True,False,True,True,True,True,False,True,True,True,True,True,True,nasa_s2,,,19035,122,2459,175,16279,0.04726850058117009,0.4107744107744108,0.05843095657253285
la_guaira_etape1_+chatmap+ems+impact+microsoft+osu+uhsail+eos+nasa_s1+nasa_s2+ungsc+t_test+bdpm,la_guaira,1,chatmap+ems+impact+microsoft+osu+uhsail+eos+nasa_s1+nasa_s2+ungsc+t_test+bdpm,17.855,19186,297,0.0155,True,False,True,False,True,True,True,True,False,True,True,True,True,True,True,ungsc,,,19186,39,492,258,18397,0.07344632768361582,0.13131313131313133,0.07585413889797459
la_guaira_etape1_+chatmap+ems+impact+microsoft+osu+uhsail+eos+nasa_s1+nasa_s2+ungsc+t_test+bdpm,la_guaira,1,chatmap+ems+impact+microsoft+osu+uhsail+eos+nasa_s1+nasa_s2+ungsc+t_test+bdpm,17.855,19186,297,0.0155,True,False,True,False,True,True,True,True,False,True,True,True,True,True,True,t_test_seul,2.75,,19186,67,262,230,18627,0.20364741641337386,0.2255892255892256,0.20105763769984256
la_guaira_etape1_+chatmap+ems+impact+microsoft+osu+uhsail+eos+nasa_s1+nasa_s2+ungsc+t_test+bdpm,la_guaira,1,chatmap+ems+impact+microsoft+osu+uhsail+eos+nasa_s1+nasa_s2+ungsc+t_test+bdpm,17.855,19186,297,0.0155,True,False,True,False,True,True,True,True,False,True,True,True,True,True,True,bdpm_seul,0.66,,8021,20,59,147,7795,0.25316455696202533,0.11976047904191617,0.1512518106822491
la_guaira_etape1_+chatmap+ems+impact+microsoft+osu+uhsail+eos+nasa_s1+nasa_s2+ungsc+t_test+bdpm,la_guaira,1,chatmap+ems+impact+microsoft+osu+uhsail+eos+nasa_s1+nasa_s2+ungsc+t_test+bdpm,17.855,19186,297,0.0155,True,False,True,False,True,True,True,True,False,True,True,True,True,True,True,fusion_tstat_coevent,2.75,0.48,19186,64,193,233,18696,0.2490272373540856,0.21548821548821548,0.2198420333118738
la_guaira_etape1_+chatmap+ems+impact+microsoft+osu+uhsail+eos+nasa_s1+nasa_s2+ungsc+t_test+bdpm,la_guaira,1,chatmap+ems+impact+microsoft+osu+uhsail+eos+nasa_s1+nasa_s2+ungsc+t_test+bdpm,17.855,19186,297,0.0155,True,False,True,False,True,True,True,True,False,True,True,True,True,True,True,fusion_tstat_eos,2.75,0.241,7689,58,102,160,7369,0.3625,0.26605504587155965,0.28983298092630744
la_guaira_etape2_+unep,la_guaira,2,unep,14.339,19018,297,0.0156,True,False,True,False,True,True,True,True,True,True,True,True,True,True,True,chatmap,,,19018,17,1,280,18720,0.9444444444444444,0.05723905723905724,0.10634152834675223
la_guaira_etape2_+unep,la_guaira,2,unep,14.339,19018,297,0.0156,True,False,True,False,True,True,True,True,True,True,True,True,True,True,True,impact,,,19018,121,2679,176,16042,0.04321428571428571,0.4074074074074074,0.05135193433814742
la_guaira_etape2_+unep,la_guaira,2,unep,14.339,19018,297,0.0156,True,False,True,False,True,True,True,True,True,True,True,True,True,True,True,microsoft,,,19018,113,712,184,18009,0.13696969696969696,0.38047138047138046,0.18265499483743125
la_guaira_etape2_+unep,la_guaira,2,unep,14.339,19018,297,0.0156,True,False,True,False,True,True,True,True,True,True,True,True,True,True,True,osu,,,19015,254,9249,43,9469,0.026728401557402925,0.8552188552188552,0.022217978530844524
la_guaira_etape2_+unep,la_guaira,2,unep,14.339,19018,297,0.0156,True,False,True,False,True,True,True,True,True,True,True,True,True,True,True,uhsail,,,19018,135,2911,162,15810,0.044320420223243596,0.45454545454545453,0.05383927075331318
la_guaira_etape2_+unep,la_guaira,2,unep,14.339,19018,297,0.0156,True,False,True,False,True,True,True,True,True,True,True,True,True,True,True,eos,,,7644,43,309,175,7117,0.12215909090909091,0.19724770642201836,0.11987606836793394
la_guaira_etape2_+unep,la_guaira,2,unep,14.339,19018,297,0.0156,True,False,True,False,True,True,True,True,True,True,True,True,True,True,True,nasa_s1,,,19018,14,647,283,18074,0.02118003025718608,0.04713804713804714,0.007846135636555144
la_guaira_etape2_+unep,la_guaira,2,unep,14.339,19018,297,0.0156,True,False,True,False,True,True,True,True,True,True,True,True,True,True,True,nasa_s2,,,18888,122,2445,175,16146,0.04752629528632645,0.4107744107744108,0.05866175653029623
la_guaira_etape2_+unep,la_guaira,2,unep,14.339,19018,297,0.0156,True,False,True,False,True,True,True,True,True,True,True,True,True,True,True,ungsc,,,19018,39,447,258,18274,0.08024691358024691,0.13131313131313133,0.08181663163820534
la_guaira_etape2_+unep,la_guaira,2,unep,14.339,19018,297,0.0156,True,False,True,False,True,True,True,True,True,True,True,True,True,True,True,unep,,,19018,45,399,252,18322,0.10135135135135136,0.15151515151515152,0.10470212390233267
la_guaira_etape2_+unep,la_guaira,2,unep,14.339,19018,297,0.0156,True,False,True,False,True,True,True,True,True,True,True,True,True,True,True,t_test_seul,2.75,,19018,67,246,230,18475,0.21405750798722045,0.2255892255892256,0.2069625927437253
la_guaira_etape2_+unep,la_guaira,2,unep,14.339,19018,297,0.0156,True,False,True,False,True,True,True,True,True,True,True,True,True,True,True,bdpm_seul,0.64,,7975,24,95,143,7713,0.20168067226890757,0.1437125748502994,0.15307366369432318
la_guaira_etape2_+unep,la_guaira,2,unep,14.339,19018,297,0.0156,True,False,True,False,True,True,True,True,True,True,True,True,True,True,True,fusion_tstat_coevent,2.75,0.48,19018,64,181,233,18540,0.2612244897959184,0.21548821548821548,0.2252236862278026
la_guaira_etape2_+unep,la_guaira,2,unep,14.339,19018,297,0.0156,True,False,True,False,True,True,True,True,True,True,True,True,True,True,True,fusion_tstat_eos,2.75,0.241,7644,58,96,160,7330,0.37662337662337664,0.26605504587155965,0.2951854615865591
la_guaira_etape3_+fair,la_guaira,3,fair,9.591,18511,287,0.0155,True,False,True,True,True,True,True,True,True,True,True,True,True,True,True,chatmap,,,18511,17,1,270,18223,0.9444444444444444,0.059233449477351915,0.10984641531938551
la_guaira_etape3_+fair,la_guaira,3,fair,9.591,18511,287,0.0155,True,False,True,True,True,True,True,True,True,True,True,True,True,True,True,impact,,,18511,121,2677,166,15547,0.04324517512508935,0.42160278745644597,0.05177639945295523
la_guaira_etape3_+fair,la_guaira,3,fair,9.591,18511,287,0.0155,True,False,True,True,True,True,True,True,True,True,True,True,True,True,True,microsoft,,,18511,113,712,174,17512,0.13696969696969696,0.39372822299651566,0.18447589196626638
la_guaira_etape3_+fair,la_guaira,3,fair,9.591,18511,287,0.0155,True,False,True,True,True,True,True,True,True,True,True,True,True,True,True,osu,,,18508,247,9191,40,9030,0.026170798898071626,0.8606271777003485,0.02134088541858813
la_guaira_etape3_+fair,la_guaira,3,fair,9.591,18511,287,0.0155,True,False,True,True,True,True,True,True,True,True,True,True,True,True,True,uhsail,,,18511,127,2793,160,15431,0.04349315068493151,0.4425087108013937,0.05244899187097188
la_guaira_etape3_+fair,la_guaira,3,fair,9.591,18511,287,0.0155,True,False,True,True,True,True,True,True,True,True,True,True,True,True,True,eos,,,7479,43,308,169,6959,0.1225071225071225,0.2028301886792453,0.12171046071829665
la_guaira_etape3_+fair,la_guaira,3,fair,9.591,18511,287,0.0155,True,False,True,True,True,True,True,True,True,True,True,True,True,True,True,nasa_s1,,,18511,13,636,274,17588,0.020030816640986132,0.04529616724738676,0.006415092336391466
la_guaira_etape3_+fair,la_guaira,3,fair,9.591,18511,287,0.0155,True,False,True,True,True,True,True,True,True,True,True,True,True,True,True,nasa_s2,,,18382,121,2426,166,15669,0.0475068708284256,0.42160278745644597,0.05898305459663175
la_guaira_etape3_+fair,la_guaira,3,fair,9.591,18511,287,0.0155,True,False,True,True,True,True,True,True,True,True,True,True,True,True,True,ungsc,,,18511,36,413,251,17811,0.0801781737193764,0.1254355400696864,0.08043066292493607
la_guaira_etape3_+fair,la_guaira,3,fair,9.591,18511,287,0.0155,True,False,True,True,True,True,True,True,True,True,True,True,True,True,True,unep,,,18511,45,398,242,17826,0.10158013544018059,0.156794425087108,0.1064737032486032
la_guaira_etape3_+fair,la_guaira,3,fair,9.591,18511,287,0.0155,True,False,True,True,True,True,True,True,True,True,True,True,True,True,True,fair,,,18496,72,3062,214,15148,0.02297383535417996,0.2517482517482518,0.014167327978712525
la_guaira_etape3_+fair,la_guaira,3,fair,9.591,18511,287,0.0155,True,False,True,True,True,True,True,True,True,True,True,True,True,True,True,t_test_seul,2.75,,18511,67,238,220,17986,0.21967213114754097,0.23344947735191637,0.2137911067727697
la_guaira_etape3_+fair,la_guaira,3,fair,9.591,18511,287,0.0155,True,False,True,True,True,True,True,True,True,True,True,True,True,True,True,bdpm_seul,0.66,,7821,20,57,140,7604,0.2597402597402597,0.125,0.15757787173642343
la_guaira_etape3_+fair,la_guaira,3,fair,9.591,18511,287,0.0155,True,False,True,True,True,True,True,True,True,True,True,True,True,True,True,fusion_tstat_coevent,2.75,0.48,18511,64,175,223,18049,0.26778242677824265,0.2229965156794425,0.23253281386723929
la_guaira_etape3_+fair,la_guaira,3,fair,9.591,18511,287,0.0155,True,False,True,True,True,True,True,True,True,True,True,True,True,True,True,fusion_tstat_eos,2.75,0.241,7479,58,95,154,7172,0.3790849673202614,0.27358490566037735,0.301201930383274
la_guaira_etape4_+disha,la_guaira,4,disha,5.139,10728,43,0.004,True,True,True,True,True,True,True,True,True,True,True,True,True,True,True,chatmap,,,10728,0,0,43,10685,nan,0.0,0.0
la_guaira_etape4_+disha,la_guaira,4,disha,5.139,10728,43,0.004,True,True,True,True,True,True,True,True,True,True,True,True,True,True,True,impact,,,10728,14,1650,29,9035,0.008413461538461538,0.32558139534883723,0.008656220789106578
la_guaira_etape4_+disha,la_guaira,4,disha,5.139,10728,43,0.004,True,True,True,True,True,True,True,True,True,True,True,True,True,True,True,microsoft,,,10728,12,395,31,10290,0.029484029484029485,0.27906976744186046,0.046419499403035955
la_guaira_etape4_+disha,la_guaira,4,disha,5.139,10728,43,0.004,True,True,True,True,True,True,True,True,True,True,True,True,True,True,True,osu,,,10726,25,4279,18,6404,0.005808550185873606,0.5813953488372093,0.0035921134004059407
la_guaira_etape4_+disha,la_guaira,4,disha,5.139,10728,43,0.004,True,True,True,True,True,True,True,True,True,True,True,True,True,True,True,uhsail,,,10728,3,89,40,10596,0.03260869565217391,0.06976744186046512,0.039195538917837495
la_guaira_etape4_+disha,la_guaira,4,disha,5.139,10728,43,0.004,True,True,True,True,True,True,True,True,True,True,True,True,True,True,True,eos,,,3567,2,54,24,3487,0.03571428571428571,0.07692307692307693,0.03921514458771666
la_guaira_etape4_+disha,la_guaira,4,disha,5.139,10728,43,0.004,True,True,True,True,True,True,True,True,True,True,True,True,True,True,True,nasa_s1,,,10728,0,345,43,10340,0.0,0.0,-0.007179162571377249
la_guaira_etape4_+disha,la_guaira,4,disha,5.139,10728,43,0.004,True,True,True,True,True,True,True,True,True,True,True,True,True,True,True,nasa_s2,,,10599,16,1589,27,8967,0.009968847352024923,0.37209302325581395,0.011606935423501264
la_guaira_etape4_+disha,la_guaira,4,disha,5.139,10728,43,0.004,True,True,True,True,True,True,True,True,True,True,True,True,True,True,True,ungsc,,,10728,2,226,41,10459,0.008771929824561403,0.046511627906976744,0.0080701462765909
la_guaira_etape4_+disha,la_guaira,4,disha,5.139,10728,43,0.004,True,True,True,True,True,True,True,True,True,True,True,True,True,True,True,unep,,,10728,5,237,38,10448,0.02066115702479339,0.11627906976744186,0.02847463074659395
la_guaira_etape4_+disha,la_guaira,4,disha,5.139,10728,43,0.004,True,True,True,True,True,True,True,True,True,True,True,True,True,True,True,fair,,,10723,8,1275,35,9405,0.006235385814497272,0.18604651162790697,0.0043399799834989965
la_guaira_etape4_+disha,la_guaira,4,disha,5.139,10728,43,0.004,True,True,True,True,True,True,True,True,True,True,True,True,True,True,True,disha,,,10728,0,1,43,10684,0.0,0.0,-0.00018222423749381434
la_guaira_etape4_+disha,la_guaira,4,disha,5.139,10728,43,0.004,True,True,True,True,True,True,True,True,True,True,True,True,True,True,True,t_test_seul,2.6,,10728,4,239,39,10446,0.01646090534979424,0.09302325581395349,0.02130600431199592
la_guaira_etape4_+disha,la_guaira,4,disha,5.139,10728,43,0.004,True,True,True,True,True,True,True,True,True,True,True,True,True,True,True,bdpm_seul,0.26,,4756,12,871,17,3856,0.013590033975084938,0.41379310344827586,0.014681804035128511
la_guaira_etape4_+disha,la_guaira,4,disha,5.139,10728,43,0.004,True,True,True,True,True,True,True,True,True,True,True,True,True,True,True,fusion_tstat_coevent,2.6,0.84,10728,4,233,39,10452,0.016877637130801686,0.09302325581395349,0.021934949310496207
la_guaira_etape4_+disha,la_guaira,4,disha,5.139,10728,43,0.004,True,True,True,True,True,True,True,True,True,True,True,True,True,True,True,fusion_tstat_eos,-1.0,0.883,3567,2,1,24,3540,0.6666666666666666,0.07692307692307693,0.13662900461818597
catia_la_mar_etape1_+chatmap+ems+impact+osu+uhsail+eos+nasa_s1+nasa_s2+ungsc+t_test+bdpm,catia_la_mar,1,chatmap+ems+impact+osu+uhsail+eos+nasa_s1+nasa_s2+ungsc+t_test+bdpm,34.579,32821,1725,0.0526,True,False,True,False,True,False,True,True,False,True,True,True,True,True,True,chatmap,,,32821,168,18,1557,31078,0.9032258064516129,0.09739130434782609,0.16730484306418092
catia_la_mar_etape1_+chatmap+ems+impact+osu+uhsail+eos+nasa_s1+nasa_s2+ungsc+t_test+bdpm,catia_la_mar,1,chatmap+ems+impact+osu+uhsail+eos+nasa_s1+nasa_s2+ungsc+t_test+bdpm,34.579,32821,1725,0.0526,True,False,True,False,True,False,True,True,False,True,True,True,True,True,True,impact,,,32821,862,5201,863,25895,0.1421738413326736,0.49971014492753624,0.1519692325362554
catia_la_mar_etape1_+chatmap+ems+impact+osu+uhsail+eos+nasa_s1+nasa_s2+ungsc+t_test+bdpm,catia_la_mar,1,chatmap+ems+impact+osu+uhsail+eos+nasa_s1+nasa_s2+ungsc+t_test+bdpm,34.579,32821,1725,0.0526,True,False,True,False,True,False,True,True,False,True,True,True,True,True,True,osu,,,32796,1551,15723,173,15349,0.08978812087530393,0.8996519721577726,0.07484048877747239
catia_la_mar_etape1_+chatmap+ems+impact+osu+uhsail+eos+nasa_s1+nasa_s2+ungsc+t_test+bdpm,catia_la_mar,1,chatmap+ems+impact+osu+uhsail+eos+nasa_s1+nasa_s2+ungsc+t_test+bdpm,34.579,32821,1725,0.0526,True,False,True,False,True,False,True,True,False,True,True,True,True,True,True,uhsail,,,32821,322,677,1403,30419,0.32232232232232233,0.18666666666666668,0.205800554304207
catia_la_mar_etape1_+chatmap+ems+impact+osu+uhsail+eos+nasa_s1+nasa_s2+ungsc+t_test+bdpm,catia_la_mar,1,chatmap+ems+impact+osu+uhsail+eos+nasa_s1+nasa_s2+ungsc+t_test+bdpm,34.579,32821,1725,0.0526,True,False,True,False,True,False,True,True,False,True,True,True,True,True,True,eos,,,11783,290,1157,1050,9286,0.20041465100207326,0.21641791044776118,0.10207359410213598
catia_la_mar_etape1_+chatmap+ems+impact+osu+uhsail+eos+nasa_s1+nasa_s2+ungsc+t_test+bdpm,catia_la_mar,1,chatmap+ems+impact+osu+uhsail+eos+nasa_s1+nasa_s2+ungsc+t_test+bdpm,34.579,32821,1725,0.0526,True,False,True,False,True,False,True,True,False,True,True,True,True,True,True,nasa_s1,,,32821,162,1230,1563,29866,0.11637931034482758,0.09391304347826086,0.05981092004333986
catia_la_mar_etape1_+chatmap+ems+impact+osu+uhsail+eos+nasa_s1+nasa_s2+ungsc+t_test+bdpm,catia_la_mar,1,chatmap+ems+impact+osu+uhsail+eos+nasa_s1+nasa_s2+ungsc+t_test+bdpm,34.579,32821,1725,0.0526,True,False,True,False,True,False,True,True,False,True,True,True,True,True,True,nasa_s2,,,32536,1059,6677,659,24141,0.13689245087900723,0.6164144353899884,0.15063407700660292
catia_la_mar_etape1_+chatmap+ems+impact+osu+uhsail+eos+nasa_s1+nasa_s2+ungsc+t_test+bdpm,catia_la_mar,1,chatmap+ems+impact+osu+uhsail+eos+nasa_s1+nasa_s2+ungsc+t_test+bdpm,34.579,32821,1725,0.0526,True,False,True,False,True,False,True,True,False,True,True,True,True,True,True,ungsc,,,32821,464,2570,1261,28526,0.15293342122610415,0.2689855072463768,0.1371775505433802
catia_la_mar_etape1_+chatmap+ems+impact+osu+uhsail+eos+nasa_s1+nasa_s2+ungsc+t_test+bdpm,catia_la_mar,1,chatmap+ems+impact+osu+uhsail+eos+nasa_s1+nasa_s2+ungsc+t_test+bdpm,34.579,32821,1725,0.0526,True,False,True,False,True,False,True,True,False,True,True,True,True,True,True,t_test_seul,2.75,,32821,514,1311,1211,29785,0.28164383561643835,0.29797101449275365,0.2489943865946038
catia_la_mar_etape1_+chatmap+ems+impact+osu+uhsail+eos+nasa_s1+nasa_s2+ungsc+t_test+bdpm,catia_la_mar,1,chatmap+ems+impact+osu+uhsail+eos+nasa_s1+nasa_s2+ungsc+t_test+bdpm,34.579,32821,1725,0.0526,True,False,True,False,True,False,True,True,False,True,True,True,True,True,True,bdpm_seul,0.78,,13194,117,334,666,12077,0.25942350332594233,0.14942528735632185,0.1528802648838241
catia_la_mar_etape1_+chatmap+ems+impact+osu+uhsail+eos+nasa_s1+nasa_s2+ungsc+t_test+bdpm,catia_la_mar,1,chatmap+ems+impact+osu+uhsail+eos+nasa_s1+nasa_s2+ungsc+t_test+bdpm,34.579,32821,1725,0.0526,True,False,True,False,True,False,True,True,False,True,True,True,True,True,True,fusion_tstat_coevent,2.75,0.6,32821,512,1286,1213,29810,0.28476084538375973,0.29681159420289854,0.2504503826597365
catia_la_mar_etape1_+chatmap+ems+impact+osu+uhsail+eos+nasa_s1+nasa_s2+ungsc+t_test+bdpm,catia_la_mar,1,chatmap+ems+impact+osu+uhsail+eos+nasa_s1+nasa_s2+ungsc+t_test+bdpm,34.579,32821,1725,0.0526,True,False,True,False,True,False,True,True,False,True,True,True,True,True,True,fusion_tstat_eos,2.75,0.172,11783,423,891,917,9552,0.3219178082191781,0.3156716417910448,0.2323159437275539
catia_la_mar_etape2_+microsoft,catia_la_mar,2,microsoft,34.353,32798,1725,0.0526,True,False,True,False,True,True,True,True,False,True,True,True,True,True,True,chatmap,,,32798,168,18,1557,31055,0.9032258064516129,0.09739130434782609,0.167298806978831
catia_la_mar_etape2_+microsoft,catia_la_mar,2,microsoft,34.353,32798,1725,0.0526,True,False,True,False,True,True,True,True,False,True,True,True,True,True,True,impact,,,32798,862,5201,863,25872,0.1421738413326736,0.49971014492753624,0.15191622635721166
catia_la_mar_etape2_+microsoft,catia_la_mar,2,microsoft,34.353,32798,1725,0.0526,True,False,True,False,True,True,True,True,False,True,True,True,True,True,True,osu,,,32773,1551,15723,173,15326,0.08978812087530393,0.8996519721577726,0.07477185648093758
catia_la_mar_etape2_+microsoft,catia_la_mar,2,microsoft,34.353,32798,1725,0.0526,True,False,True,False,True,True,True,True,False,True,True,True,True,True,True,uhsail,,,32798,322,677,1403,30396,0.32232232232232233,0.18666666666666668,0.20577822262994405
catia_la_mar_etape2_+microsoft,catia_la_mar,2,microsoft,34.353,32798,1725,0.0526,True,False,True,False,True,True,True,True,False,True,True,True,True,True,True,eos,,,11783,290,1157,1050,9286,0.20041465100207326,0.21641791044776118,0.10207359410213598
catia_la_mar_etape2_+microsoft,catia_la_mar,2,microsoft,34.353,32798,1725,0.0526,True,False,True,False,True,True,True,True,False,True,True,True,True,True,True,nasa_s1,,,32798,162,1230,1563,29843,0.11637931034482758,0.09391304347826086,0.05977844412307715
catia_la_mar_etape2_+microsoft,catia_la_mar,2,microsoft,34.353,32798,1725,0.0526,True,False,True,False,True,True,True,True,False,True,True,True,True,True,True,nasa_s2,,,32513,1059,6677,659,24118,0.13689245087900723,0.6164144353899884,0.15057723941686219
catia_la_mar_etape2_+microsoft,catia_la_mar,2,microsoft,34.353,32798,1725,0.0526,True,False,True,False,True,True,True,True,False,True,True,True,True,True,True,ungsc,,,32798,464,2566,1261,28507,0.15313531353135312,0.2689855072463768,0.13733957411561246
catia_la_mar_etape2_+microsoft,catia_la_mar,2,microsoft,34.353,32798,1725,0.0526,True,False,True,False,True,True,True,True,False,True,True,True,True,True,True,microsoft,,,32798,997,8432,728,22641,0.10573761798706119,0.5779710144927537,0.09861769036689347
catia_la_mar_etape2_+microsoft,catia_la_mar,2,microsoft,34.353,32798,1725,0.0526,True,False,True,False,True,True,True,True,False,True,True,True,True,True,True,t_test_seul,2.75,,32798,514,1311,1211,29762,0.28164383561643835,0.29797101449275365,0.24896430025790672
catia_la_mar_etape2_+microsoft,catia_la_mar,2,microsoft,34.353,32798,1725,0.0526,True,False,True,False,True,True,True,True,False,True,True,True,True,True,True,bdpm_seul,0.78,,13188,117,334,666,12071,0.25942350332594233,0.14942528735632185,0.1528627880526661
catia_la_mar_etape2_+microsoft,catia_la_mar,2,microsoft,34.353,32798,1725,0.0526,True,False,True,False,True,True,True,True,False,True,True,True,True,True,True,fusion_tstat_coevent,2.75,0.6,32798,512,1286,1213,29787,0.28476084538375973,0.29681159420289854,0.25042058451466576
catia_la_mar_etape2_+microsoft,catia_la_mar,2,microsoft,34.353,32798,1725,0.0526,True,False,True,False,True,True,True,True,False,True,True,True,True,True,True,fusion_tstat_eos,2.75,0.172,11783,423,891,917,9552,0.3219178082191781,0.3156716417910448,0.2323159437275539
catia_la_mar_etape3_+fair,catia_la_mar,3,fair,33.947,32509,1725,0.0531,True,False,True,True,True,True,True,True,False,True,True,True,True,True,True,chatmap,,,32509,168,18,1557,30766,0.9032258064516129,0.09739130434782609,0.1672222267492177
catia_la_mar_etape3_+fair,catia_la_mar,3,fair,33.947,32509,1725,0.0531,True,False,True,True,True,True,True,True,False,True,True,True,True,True,True,impact,,,32509,862,5196,863,25588,0.14229118520964015,0.49971014492753624,0.1514122115947623
catia_la_mar_etape3_+fair,catia_la_mar,3,fair,33.947,32509,1725,0.0531,True,False,True,True,True,True,True,True,False,True,True,True,True,True,True,osu,,,32484,1551,15709,173,15051,0.08986095017381228,0.8996519721577726,0.07404086514052204
catia_la_mar_etape3_+fair,catia_la_mar,3,fair,33.947,32509,1725,0.0531,True,False,True,True,True,True,True,True,False,True,True,True,True,True,True,uhsail,,,32509,322,677,1403,30107,0.32232232232232233,0.18666666666666668,0.20549481819363413
catia_la_mar_etape3_+fair,catia_la_mar,3,fair,33.947,32509,1725,0.0531,True,False,True,True,True,True,True,True,False,True,True,True,True,True,True,eos,,,11783,290,1157,1050,9286,0.20041465100207326,0.21641791044776118,0.10207359410213598
catia_la_mar_etape3_+fair,catia_la_mar,3,fair,33.947,32509,1725,0.0531,True,False,True,True,True,True,True,True,False,True,True,True,True,True,True,nasa_s1,,,32509,162,1214,1563,29570,0.11773255813953488,0.09391304347826086,0.06022821910935888
catia_la_mar_etape3_+fair,catia_la_mar,3,fair,33.947,32509,1725,0.0531,True,False,True,True,True,True,True,True,False,True,True,True,True,True,True,nasa_s2,,,32224,1059,6632,659,23874,0.13769340787933948,0.6164144353899884,0.15111556793104353
catia_la_mar_etape3_+fair,catia_la_mar,3,fair,33.947,32509,1725,0.0531,True,False,True,True,True,True,True,True,False,True,True,True,True,True,True,ungsc,,,32509,464,2554,1261,28230,0.15374420145791914,0.2689855072463768,0.1374079486813598
catia_la_mar_etape3_+fair,catia_la_mar,3,fair,33.947,32509,1725,0.0531,True,False,True,True,True,True,True,True,False,True,True,True,True,True,True,microsoft,,,32509,997,8432,728,22352,0.10573761798706119,0.5779710144927537,0.0978349257819127
catia_la_mar_etape3_+fair,catia_la_mar,3,fair,33.947,32509,1725,0.0531,True,False,True,True,True,True,True,True,False,True,True,True,True,True,True,fair,,,32485,340,2292,1384,28469,0.12917933130699089,0.19721577726218098,0.0982761517741311
catia_la_mar_etape3_+fair,catia_la_mar,3,fair,33.947,32509,1725,0.0531,True,False,True,True,True,True,True,True,False,True,True,True,True,True,True,t_test_seul,2.75,,32509,514,1311,1211,29473,0.28164383561643835,0.29797101449275365,0.24858242133906228
catia_la_mar_etape3_+fair,catia_la_mar,3,fair,33.947,32509,1725,0.0531,True,False,True,True,True,True,True,True,False,True,True,True,True,True,True,bdpm_seul,0.78,,13168,117,334,666,12051,0.25942350332594233,0.14942528735632185,0.15280441169639616
catia_la_mar_etape3_+fair,catia_la_mar,3,fair,33.947,32509,1725,0.0531,True,False,True,True,True,True,True,True,False,True,True,True,True,True,True,fusion_tstat_coevent,2.75,0.6,32509,512,1286,1213,29498,0.28476084538375973,0.29681159420289854,0.2500423651336427
catia_la_mar_etape3_+fair,catia_la_mar,3,fair,33.947,32509,1725,0.0531,True,False,True,True,True,True,True,True,False,True,True,True,True,True,True,fusion_tstat_eos,2.75,0.172,11783,423,891,917,9552,0.3219178082191781,0.3156716417910448,0.2323159437275539
catia_la_mar_etape4_+unep,catia_la_mar,4,unep,29.746,32368,1721,0.0532,True,False,True,True,True,True,True,True,True,True,True,True,True,True,True,chatmap,,,32368,168,18,1553,30629,0.9032258064516129,0.09761766414875073,0.1675589997008115
catia_la_mar_etape4_+unep,catia_la_mar,4,unep,29.746,32368,1721,0.0532,True,False,True,True,True,True,True,True,True,True,True,True,True,True,True,impact,,,32368,862,5171,859,25476,0.14288082214486988,0.5008715862870424,0.15219126103226402
catia_la_mar_etape4_+unep,catia_la_mar,4,unep,29.746,32368,1721,0.0532,True,False,True,True,True,True,True,True,True,True,True,True,True,True,True,osu,,,32343,1548,15622,172,15001,0.09015725101921956,0.9,0.07441482064496849
catia_la_mar_etape4_+unep,catia_la_mar,4,unep,29.746,32368,1721,0.0532,True,False,True,True,True,True,True,True,True,True,True,True,True,True,True,uhsail,,,32368,319,630,1402,30017,0.3361433087460485,0.18535735037768739,0.20905652840726047
catia_la_mar_etape4_+unep,catia_la_mar,4,unep,29.746,32368,1721,0.0532,True,False,True,True,True,True,True,True,True,True,True,True,True,True,True,eos,,,11749,290,1155,1049,9255,0.20069204152249134,0.21657953696788648,0.10210681139961253
catia_la_mar_etape4_+unep,catia_la_mar,4,unep,29.746,32368,1721,0.0532,True,False,True,True,True,True,True,True,True,True,True,True,True,True,True,nasa_s1,,,32368,162,1208,1559,29439,0.11824817518248175,0.09413131900058105,0.06054183342957725
catia_la_mar_etape4_+unep,catia_la_mar,4,unep,29.746,32368,1721,0.0532,True,False,True,True,True,True,True,True,True,True,True,True,True,True,True,nasa_s2,,,32100,1058,6609,656,23777,0.13799400026085823,0.617269544924154,0.1515062178598279
catia_la_mar_etape4_+unep,catia_la_mar,4,unep,29.746,32368,1721,0.0532,True,False,True,True,True,True,True,True,True,True,True,True,True,True,True,ungsc,,,32368,464,2534,1257,28113,0.15476984656437626,0.2696106914584544,0.13844705704195764
catia_la_mar_etape4_+unep,catia_la_mar,4,unep,29.746,32368,1721,0.0532,True,False,True,True,True,True,True,True,True,True,True,True,True,True,True,microsoft,,,32368,996,8378,725,22269,0.10625133347557073,0.5787332945961651,0.09854977481145169
catia_la_mar_etape4_+unep,catia_la_mar,4,unep,29.746,32368,1721,0.0532,True,False,True,True,True,True,True,True,True,True,True,True,True,True,True,fair,,,32344,339,2243,1381,28381,0.13129357087529048,0.19709302325581396,0.10016099269864305
catia_la_mar_etape4_+unep,catia_la_mar,4,unep,29.746,32368,1721,0.0532,True,False,True,True,True,True,True,True,True,True,True,True,True,True,True,unep,,,32368,576,4957,1145,25690,0.10410265678655341,0.3346891342242882,0.08455669047226531
catia_la_mar_etape4_+unep,catia_la_mar,4,unep,29.746,32368,1721,0.0532,True,False,True,True,True,True,True,True,True,True,True,True,True,True,True,t_test_seul,2.75,,32368,514,1299,1207,29348,0.28350799779371205,0.2986635676932016,0.2499714881896369
catia_la_mar_etape4_+unep,catia_la_mar,4,unep,29.746,32368,1721,0.0532,True,False,True,True,True,True,True,True,True,True,True,True,True,True,True,bdpm_seul,0.78,,13129,117,334,665,12013,0.25942350332594233,0.149616368286445,0.15286888398549264
catia_la_mar_etape4_+unep,catia_la_mar,4,unep,29.746,32368,1721,0.0532,True,False,True,True,True,True,True,True,True,True,True,True,True,True,True,fusion_tstat_coevent,2.75,0.6,32368,512,1275,1209,29372,0.28651371012870736,0.2975014526438117,0.25134972790908944
catia_la_mar_etape4_+unep,catia_la_mar,4,unep,29.746,32368,1721,0.0532,True,False,True,True,True,True,True,True,True,True,True,True,True,True,True,fusion_tstat_eos,2.75,0.172,11749,423,887,916,9523,0.32290076335877865,0.31590739357729647,0.23289851164158726
catia_la_mar_etape5_+disha,catia_la_mar,5,disha,22.325,24183,1649,0.0682,True,True,True,True,True,True,True,True,True,True,True,True,True,True,True,chatmap,,,24183,168,18,1481,22516,0.9032258064516129,0.10187992722862341,0.17165566669287693
catia_la_mar_etape5_+disha,catia_la_mar,5,disha,22.325,24183,1649,0.0682,True,True,True,True,True,True,True,True,True,True,True,True,True,True,True,impact,,,24183,856,4823,793,17711,0.15073076245817926,0.5191024863553669,0.14305544718477717
catia_la_mar_etape5_+disha,catia_la_mar,5,disha,22.325,24183,1649,0.0682,True,True,True,True,True,True,True,True,True,True,True,True,True,True,True,osu,,,24163,1494,11964,154,10551,0.11101203744984396,0.9065533980582524,0.08682859195036216
catia_la_mar_etape5_+disha,catia_la_mar,5,disha,22.325,24183,1649,0.0682,True,True,True,True,True,True,True,True,True,True,True,True,True,True,True,uhsail,,,24183,315,486,1334,22048,0.39325842696629215,0.19102486355366888,0.2224754786769585
catia_la_mar_etape5_+disha,catia_la_mar,5,disha,22.325,24183,1649,0.0682,True,True,True,True,True,True,True,True,True,True,True,True,True,True,True,eos,,,10783,288,1089,1030,8376,0.20915032679738563,0.21851289833080426,0.10150192999224963
catia_la_mar_etape5_+disha,catia_la_mar,5,disha,22.325,24183,1649,0.0682,True,True,True,True,True,True,True,True,True,True,True,True,True,True,True,nasa_s1,,,24183,159,948,1490,21586,0.14363143631436315,0.09642207398423287,0.06411858306291715
catia_la_mar_etape5_+disha,catia_la_mar,5,disha,22.325,24183,1649,0.0682,True,True,True,True,True,True,True,True,True,True,True,True,True,True,True,nasa_s2,,,23915,1031,5087,611,17186,0.16851912389669826,0.6278928136419001,0.17657510636001167
catia_la_mar_etape5_+disha,catia_la_mar,5,disha,22.325,24183,1649,0.0682,True,True,True,True,True,True,True,True,True,True,True,True,True,True,True,ungsc,,,24183,457,1396,1192,21138,0.24662709120345386,0.2771376591873863,0.2035192389003333
catia_la_mar_etape5_+disha,catia_la_mar,5,disha,22.325,24183,1649,0.0682,True,True,True,True,True,True,True,True,True,True,True,True,True,True,True,microsoft,,,24183,967,5832,682,16702,0.14222679805853802,0.5864160097028502,0.13386576382768423
catia_la_mar_etape5_+disha,catia_la_mar,5,disha,22.325,24183,1649,0.0682,True,True,True,True,True,True,True,True,True,True,True,True,True,True,True,fair,,,24167,329,1451,1319,21068,0.18483146067415732,0.19963592233009708,0.1303626837086467
catia_la_mar_etape5_+disha,catia_la_mar,5,disha,22.325,24183,1649,0.0682,True,True,True,True,True,True,True,True,True,True,True,True,True,True,True,unep,,,24183,565,3709,1084,18825,0.13219466541881142,0.3426318981200728,0.10245556503732228
catia_la_mar_etape5_+disha,catia_la_mar,5,disha,22.325,24183,1649,0.0682,True,True,True,True,True,True,True,True,True,True,True,True,True,True,True,disha,,,24183,172,62,1477,22472,0.7350427350427351,0.10430563978168587,0.16859698669427103
catia_la_mar_etape5_+disha,catia_la_mar,5,disha,22.325,24183,1649,0.0682,True,True,True,True,True,True,True,True,True,True,True,True,True,True,True,t_test_seul,2.75,,24183,512,1292,1137,21242,0.2838137472283814,0.31049120679199516,0.24258871915392216
catia_la_mar_etape5_+disha,catia_la_mar,5,disha,22.325,24183,1649,0.0682,True,True,True,True,True,True,True,True,True,True,True,True,True,True,True,bdpm_seul,0.78,,10390,117,286,625,9362,0.2903225806451613,0.15768194070080863,0.16225236310171468
catia_la_mar_etape5_+disha,catia_la_mar,5,disha,22.325,24183,1649,0.0682,True,True,True,True,True,True,True,True,True,True,True,True,True,True,True,fusion_tstat_coevent,2.75,0.51,24183,505,1244,1144,21290,0.2887364208118925,0.30624620982413586,0.24417870138159548
catia_la_mar_etape5_+disha,catia_la_mar,5,disha,22.325,24183,1649,0.0682,True,True,True,True,True,True,True,True,True,True,True,True,True,True,True,fusion_tstat_eos,2.75,0.172,10783,422,885,896,8580,0.3228768171384851,0.3201820940819423,0.2274968631490681
caraballeda_etape1_+chatmap+ems+impact+osu+uhsail+eos+nasa_s1+nasa_s2+ungsc+t_test+bdpm,caraballeda,1,chatmap+ems+impact+osu+uhsail+eos+nasa_s1+nasa_s2+ungsc+t_test+bdpm,15.893,11555,609,0.0527,True,False,True,False,True,False,True,True,False,True,True,True,True,True,True,chatmap,,,11555,128,32,481,10914,0.8,0.21018062397372742,0.3179412064207272
caraballeda_etape1_+chatmap+ems+impact+osu+uhsail+eos+nasa_s1+nasa_s2+ungsc+t_test+bdpm,caraballeda,1,chatmap+ems+impact+osu+uhsail+eos+nasa_s1+nasa_s2+ungsc+t_test+bdpm,15.893,11555,609,0.0527,True,False,True,False,True,False,True,True,False,True,True,True,True,True,True,impact,,,11555,388,2668,221,8278,0.12696335078534032,0.6371100164203612,0.13577264757196056
caraballeda_etape1_+chatmap+ems+impact+osu+uhsail+eos+nasa_s1+nasa_s2+ungsc+t_test+bdpm,caraballeda,1,chatmap+ems+impact+osu+uhsail+eos+nasa_s1+nasa_s2+ungsc+t_test+bdpm,15.893,11555,609,0.0527,True,False,True,False,True,False,True,True,False,True,True,True,True,True,True,osu,,,11554,557,7173,52,3772,0.07205692108667529,0.9146141215106732,0.0397546331475312
caraballeda_etape1_+chatmap+ems+impact+osu+uhsail+eos+nasa_s1+nasa_s2+ungsc+t_test+bdpm,caraballeda,1,chatmap+ems+impact+osu+uhsail+eos+nasa_s1+nasa_s2+ungsc+t_test+bdpm,15.893,11555,609,0.0527,True,False,True,False,True,False,True,True,False,True,True,True,True,True,True,uhsail,,,11555,276,355,333,10591,0.43740095087163233,0.45320197044334976,0.4137131349042992
caraballeda_etape1_+chatmap+ems+impact+osu+uhsail+eos+nasa_s1+nasa_s2+ungsc+t_test+bdpm,caraballeda,1,chatmap+ems+impact+osu+uhsail+eos+nasa_s1+nasa_s2+ungsc+t_test+bdpm,15.893,11555,609,0.0527,True,False,True,False,True,False,True,True,False,True,True,True,True,True,True,eos,,,6035,119,643,371,4902,0.15616797900262466,0.24285714285714285,0.10127242233142256
caraballeda_etape1_+chatmap+ems+impact+osu+uhsail+eos+nasa_s1+nasa_s2+ungsc+t_test+bdpm,caraballeda,1,chatmap+ems+impact+osu+uhsail+eos+nasa_s1+nasa_s2+ungsc+t_test+bdpm,15.893,11555,609,0.0527,True,False,True,False,True,False,True,True,False,True,True,True,True,True,True,nasa_s1,,,11555,67,704,542,10242,0.08690012970168612,0.11001642036124795,0.04060100133126208
caraballeda_etape1_+chatmap+ems+impact+osu+uhsail+eos+nasa_s1+nasa_s2+ungsc+t_test+bdpm,caraballeda,1,chatmap+ems+impact+osu+uhsail+eos+nasa_s1+nasa_s2+ungsc+t_test+bdpm,15.893,11555,609,0.0527,True,False,True,False,True,False,True,True,False,True,True,True,True,True,True,nasa_s2,,,11041,453,1870,155,8563,0.19500645716745588,0.7450657894736842,0.24303494233878126
caraballeda_etape1_+chatmap+ems+impact+osu+uhsail+eos+nasa_s1+nasa_s2+ungsc+t_test+bdpm,caraballeda,1,chatmap+ems+impact+osu+uhsail+eos+nasa_s1+nasa_s2+ungsc+t_test+bdpm,15.893,11555,609,0.0527,True,False,True,False,True,False,True,True,False,True,True,True,True,True,True,ungsc,,,11555,465,8295,144,2651,0.053082191780821915,0.7635467980295566,0.0007835914896860634
caraballeda_etape1_+chatmap+ems+impact+osu+uhsail+eos+nasa_s1+nasa_s2+ungsc+t_test+bdpm,caraballeda,1,chatmap+ems+impact+osu+uhsail+eos+nasa_s1+nasa_s2+ungsc+t_test+bdpm,15.893,11555,609,0.0527,True,False,True,False,True,False,True,True,False,True,True,True,True,True,True,t_test_seul,2.75,,11555,265,845,344,10101,0.23873873873873874,0.4351395730706076,0.25780094230126643
caraballeda_etape1_+chatmap+ems+impact+osu+uhsail+eos+nasa_s1+nasa_s2+ungsc+t_test+bdpm,caraballeda,1,chatmap+ems+impact+osu+uhsail+eos+nasa_s1+nasa_s2+ungsc+t_test+bdpm,15.893,11555,609,0.0527,True,False,True,False,True,False,True,True,False,True,True,True,True,True,True,bdpm_seul,0.66,,4205,101,580,189,3335,0.14831130690161526,0.3482758620689655,0.12321604088853914
caraballeda_etape1_+chatmap+ems+impact+osu+uhsail+eos+nasa_s1+nasa_s2+ungsc+t_test+bdpm,caraballeda,1,chatmap+ems+impact+osu+uhsail+eos+nasa_s1+nasa_s2+ungsc+t_test+bdpm,15.893,11555,609,0.0527,True,False,True,False,True,False,True,True,False,True,True,True,True,True,True,fusion_tstat_coevent,2.75,0.51,11555,262,830,347,10116,0.23992673992673993,0.4302134646962233,0.25783161025001955
caraballeda_etape1_+chatmap+ems+impact+osu+uhsail+eos+nasa_s1+nasa_s2+ungsc+t_test+bdpm,caraballeda,1,chatmap+ems+impact+osu+uhsail+eos+nasa_s1+nasa_s2+ungsc+t_test+bdpm,15.893,11555,609,0.0527,True,False,True,False,True,False,True,True,False,True,True,True,True,True,True,fusion_tstat_eos,2.9,0.448,6035,187,394,303,5151,0.3218588640275387,0.3816326530612245,0.2863386383513702
caraballeda_etape2_+fair,caraballeda,2,fair,15.579,11554,609,0.0527,True,False,True,True,True,False,True,True,False,True,True,True,True,True,True,chatmap,,,11554,128,32,481,10913,0.8,0.21018062397372742,0.3179398827131322
caraballeda_etape2_+fair,caraballeda,2,fair,15.579,11554,609,0.0527,True,False,True,True,True,False,True,True,False,True,True,True,True,True,True,impact,,,11554,388,2668,221,8277,0.12696335078534032,0.6371100164203612,0.1357654396442843
caraballeda_etape2_+fair,caraballeda,2,fair,15.579,11554,609,0.0527,True,False,True,True,True,False,True,True,False,True,True,True,True,True,True,osu,,,11553,557,7173,52,3771,0.07205692108667529,0.9146141215106732,0.03974563132790972
caraballeda_etape2_+fair,caraballeda,2,fair,15.579,11554,609,0.0527,True,False,True,True,True,False,True,True,False,True,True,True,True,True,True,uhsail,,,11554,276,355,333,10590,0.43740095087163233,0.45320197044334976,0.41371025877533374
caraballeda_etape2_+fair,caraballeda,2,fair,15.579,11554,609,0.0527,True,False,True,True,True,False,True,True,False,True,True,True,True,True,True,eos,,,6035,119,643,371,4902,0.15616797900262466,0.24285714285714285,0.10127242233142256
caraballeda_etape2_+fair,caraballeda,2,fair,15.579,11554,609,0.0527,True,False,True,True,True,False,True,True,False,True,True,True,True,True,True,nasa_s1,,,11554,67,704,542,10241,0.08690012970168612,0.11001642036124795,0.04059580517521461
caraballeda_etape2_+fair,caraballeda,2,fair,15.579,11554,609,0.0527,True,False,True,True,True,False,True,True,False,True,True,True,True,True,True,nasa_s2,,,11041,453,1870,155,8563,0.19500645716745588,0.7450657894736842,0.24303494233878126
caraballeda_etape2_+fair,caraballeda,2,fair,15.579,11554,609,0.0527,True,False,True,True,True,False,True,True,False,True,True,True,True,True,True,ungsc,,,11554,465,8294,144,2651,0.05308825208357119,0.7635467980295566,0.0007867014876895586
caraballeda_etape2_+fair,caraballeda,2,fair,15.579,11554,609,0.0527,True,False,True,True,True,False,True,True,False,True,True,True,True,True,True,fair,,,11554,95,342,514,10603,0.21739130434782608,0.15599343185550082,0.1439420601255849
caraballeda_etape2_+fair,caraballeda,2,fair,15.579,11554,609,0.0527,True,False,True,True,True,False,True,True,False,True,True,True,True,True,True,t_test_seul,2.75,,11554,265,845,344,10100,0.23873873873873874,0.4351395730706076,0.257796250607667
caraballeda_etape2_+fair,caraballeda,2,fair,15.579,11554,609,0.0527,True,False,True,True,True,False,True,True,False,True,True,True,True,True,True,bdpm_seul,0.66,,4205,101,580,189,3335,0.14831130690161526,0.3482758620689655,0.12321604088853914
caraballeda_etape2_+fair,caraballeda,2,fair,15.579,11554,609,0.0527,True,False,True,True,True,False,True,True,False,True,True,True,True,True,True,fusion_tstat_coevent,2.75,0.51,11554,262,830,347,10115,0.23992673992673993,0.4302134646962233,0.25782694796537203
caraballeda_etape2_+fair,caraballeda,2,fair,15.579,11554,609,0.0527,True,False,True,True,True,False,True,True,False,True,True,True,True,True,True,fusion_tstat_eos,2.9,0.448,6035,187,394,303,5151,0.3218588640275387,0.3816326530612245,0.2863386383513702
caraballeda_etape3_+microsoft,caraballeda,3,microsoft,13.962,11364,609,0.0536,True,False,True,True,True,True,True,True,False,True,True,True,True,True,True,chatmap,,,11364,128,32,481,10723,0.8,0.21018062397372742,0.31768405470201605
caraballeda_etape3_+microsoft,caraballeda,3,microsoft,13.962,11364,609,0.0536,True,False,True,True,True,True,True,True,False,True,True,True,True,True,True,impact,,,11364,388,2668,221,8087,0.12696335078534032,0.6371100164203612,0.1343706564415102
caraballeda_etape3_+microsoft,caraballeda,3,microsoft,13.962,11364,609,0.0536,True,False,True,True,True,True,True,True,False,True,True,True,True,True,True,osu,,,11363,557,7107,52,3647,0.07267745302713988,0.9146141215106732,0.03925330253692549
caraballeda_etape3_+microsoft,caraballeda,3,microsoft,13.962,11364,609,0.0536,True,False,True,True,True,True,True,True,False,True,True,True,True,True,True,uhsail,,,11364,276,355,333,10400,0.43740095087163233,0.45320197044334976,0.41315407974989
caraballeda_etape3_+microsoft,caraballeda,3,microsoft,13.962,11364,609,0.0536,True,False,True,True,True,True,True,True,False,True,True,True,True,True,True,eos,,,6021,119,643,371,4888,0.15616797900262466,0.24285714285714285,0.10104318142062729
caraballeda_etape3_+microsoft,caraballeda,3,microsoft,13.962,11364,609,0.0536,True,False,True,True,True,True,True,True,False,True,True,True,True,True,True,nasa_s1,,,11364,67,703,542,10052,0.08701298701298701,0.11001642036124795,0.039700820520004544
caraballeda_etape3_+microsoft,caraballeda,3,microsoft,13.962,11364,609,0.0536,True,False,True,True,True,True,True,True,False,True,True,True,True,True,True,nasa_s2,,,10947,453,1839,155,8500,0.19764397905759162,0.7450657894736842,0.2462396442336102
caraballeda_etape3_+microsoft,caraballeda,3,microsoft,13.962,11364,609,0.0536,True,False,True,True,True,True,True,True,False,True,True,True,True,True,True,ungsc,,,11364,465,8104,144,2651,0.05426537518963706,0.7635467980295566,0.0014007622913486883
caraballeda_etape3_+microsoft,caraballeda,3,microsoft,13.962,11364,609,0.0536,True,False,True,True,True,True,True,True,False,True,True,True,True,True,True,fair,,,11364,95,341,514,10414,0.21788990825688073,0.15599343185550082,0.1435176615070846
caraballeda_etape3_+microsoft,caraballeda,3,microsoft,13.962,11364,609,0.0536,True,False,True,True,True,True,True,True,False,True,True,True,True,True,True,microsoft,,,11364,313,448,296,10307,0.41130091984231276,0.5139573070607554,0.4225555331994432
caraballeda_etape3_+microsoft,caraballeda,3,microsoft,13.962,11364,609,0.0536,True,False,True,True,True,True,True,True,False,True,True,True,True,True,True,t_test_seul,2.75,,11364,265,845,344,9910,0.23873873873873874,0.4351395730706076,0.25688873225679637
caraballeda_etape3_+microsoft,caraballeda,3,microsoft,13.962,11364,609,0.0536,True,False,True,True,True,True,True,True,False,True,True,True,True,True,True,bdpm_seul,0.66,,4163,101,580,189,3293,0.14831130690161526,0.3482758620689655,0.12226766536168067
caraballeda_etape3_+microsoft,caraballeda,3,microsoft,13.962,11364,609,0.0536,True,False,True,True,True,True,True,True,False,True,True,True,True,True,True,fusion_tstat_coevent,2.75,0.51,11364,262,830,347,9925,0.23992673992673993,0.4302134646962233,0.25692512511591625
caraballeda_etape3_+microsoft,caraballeda,3,microsoft,13.962,11364,609,0.0536,True,False,True,True,True,True,True,True,False,True,True,True,True,True,True,fusion_tstat_eos,2.9,0.448,6021,187,394,303,5137,0.3218588640275387,0.3816326530612245,0.28617830144727713
caraballeda_etape4_+unep,caraballeda,4,unep,11.126,11073,589,0.0532,True,False,True,True,True,True,True,True,True,True,True,True,True,True,True,chatmap,,,11073,128,32,461,10452,0.8,0.21731748726655348,0.326482872655653
caraballeda_etape4_+unep,caraballeda,4,unep,11.126,11073,589,0.0532,True,False,True,True,True,True,True,True,True,True,True,True,True,True,True,impact,,,11073,382,2622,207,7862,0.12716378162450068,0.6485568760611206,0.13576619938484163
caraballeda_etape4_+unep,caraballeda,4,unep,11.126,11073,589,0.0532,True,False,True,True,True,True,True,True,True,True,True,True,True,True,True,osu,,,11072,543,6920,46,3563,0.07275894412434677,0.9219015280135824,0.040228530669299246
caraballeda_etape4_+unep,caraballeda,4,unep,11.126,11073,589,0.0532,True,False,True,True,True,True,True,True,True,True,True,True,True,True,True,uhsail,,,11073,271,319,318,10165,0.45932203389830506,0.4601018675721562,0.42933056807955455
caraballeda_etape4_+unep,caraballeda,4,unep,11.126,11073,589,0.0532,True,False,True,True,True,True,True,True,True,True,True,True,True,True,True,eos,,,5976,119,643,369,4845,0.15616797900262466,0.24385245901639344,0.1008841726670043
caraballeda_etape4_+unep,caraballeda,4,unep,11.126,11073,589,0.0532,True,False,True,True,True,True,True,True,True,True,True,True,True,True,True,nasa_s1,,,11073,64,672,525,9812,0.08695652173913043,0.10865874363327674,0.03986579369935561
caraballeda_etape4_+unep,caraballeda,4,unep,11.126,11073,589,0.0532,True,False,True,True,True,True,True,True,True,True,True,True,True,True,True,nasa_s2,,,10656,446,1799,142,8269,0.19866369710467707,0.7585034013605442,0.24919958844689208
caraballeda_etape4_+unep,caraballeda,4,unep,11.126,11073,589,0.0532,True,False,True,True,True,True,True,True,True,True,True,True,True,True,True,ungsc,,,11073,453,8006,136,2478,0.05355242936517319,0.769100169779287,0.0007474302623602731
caraballeda_etape4_+unep,caraballeda,4,unep,11.126,11073,589,0.0532,True,False,True,True,True,True,True,True,True,True,True,True,True,True,True,fair,,,11073,92,306,497,10178,0.23115577889447236,0.15619694397283532,0.14995764424164829
caraballeda_etape4_+unep,caraballeda,4,unep,11.126,11073,589,0.0532,True,False,True,True,True,True,True,True,True,True,True,True,True,True,True,microsoft,,,11073,308,444,281,10040,0.4095744680851064,0.5229202037351444,0.4250588177915731
caraballeda_etape4_+unep,caraballeda,4,unep,11.126,11073,589,0.0532,True,False,True,True,True,True,True,True,True,True,True,True,True,True,True,unep,,,11073,210,387,379,10097,0.35175879396984927,0.3565365025466893,0.31758748995921887
caraballeda_etape4_+unep,caraballeda,4,unep,11.126,11073,589,0.0532,True,False,True,True,True,True,True,True,True,True,True,True,True,True,True,t_test_seul,2.9,,11073,225,607,364,9877,0.2704326923076923,0.38200339558573854,0.2712878669939499
caraballeda_etape4_+unep,caraballeda,4,unep,11.126,11073,589,0.0532,True,False,True,True,True,True,True,True,True,True,True,True,True,True,True,bdpm_seul,0.66,,4119,100,569,188,3262,0.14947683109118087,0.3472222222222222,0.12328165106582581
caraballeda_etape4_+unep,caraballeda,4,unep,11.126,11073,589,0.0532,True,False,True,True,True,True,True,True,True,True,True,True,True,True,True,fusion_tstat_coevent,2.9,0.57,11073,224,601,365,9883,0.27151515151515154,0.38030560271646857,0.2716209027595621
caraballeda_etape4_+unep,caraballeda,4,unep,11.126,11073,589,0.0532,True,False,True,True,True,True,True,True,True,True,True,True,True,True,True,fusion_tstat_eos,2.9,0.448,5976,187,390,301,5098,0.3240901213171577,0.3831967213114754,0.28818979509377907
