annee;agence;satellite;type;images_post;images_pre;images_total
2020;JAXA;ALOS-2;Radar;24;5;29
2020;ISRO;Cartosat-2S;Optique;25;0;25
2020;INPE / CNSA;CBERS-4/4A;Optique;76;17;93
2020;UAESA;DubaiSat-2;Optique;5;0;5
2020;MAXAR;GeoEye-1;Optique;346;1428;1774
2020;CNSA / China;GF-1/2/4;Optique;162;48;210
2020;CNSA / China;GF-3;Radar;118;42;160
2020;ICEYE;ICEYE-X2;Radar;39;6;45
2020;ROSCOSMOS;Kanopus-V/V-IIK;Radar;330;13;343
2020;KARI;KOMPSAT-3/3A;Optique;224;58;282
2020;KARI;KOMPSAT-5;Radar;576;104;680
2020;USGS;Landsat  8/9;Optique;498;417;915
2020;PLANET;PlanetScope;Optique;1089;581;1670
2020;CNES;PLEIADES 1A/1B;Optique;677;7;684
2020;CSA;RADARSAT-2;Radar;42;24;66
2020;CSA;RCM-1/2/3;Radar;255;0;255
2020;ISRO;Resourcesat-2 / 2A;Optique;93;6;99
2020;ROSCOSMOS;RESURS-P;Optique;136;5;141
2020;CONAE;SAOCOM-1A/1B;Radar;236;94;330
2020;ESA;Sentinel-1A/1B;Radar;834;33;867
2020;ESA;Sentinel-2A/2B;Optique;102;39;141
2020;CNES;SPOT-6/7;Optique;125;7;132
2020;DLR;TanDEM-X/TerraSAR-X;Radar;206;34;240
2020;ABAE;VRSS-2;Optique;138;30;168
2020;MAXAR;WorldView-1/2/3;Optique;1545;2944;4489
2020;;UK DMC2;Optique;0;35;35
2020;;ALSAT-1B;Optique;35;2;37
2021;JAXA;ALOS-2;Radar;15;15;30
2021;INPE;Amazonia-1;Optique;0;4;4
2021;NAS;BKA;Optique;4;49;53
2021;INPE / CNSA;CBERS-4/4A;Optique;120;34;154
2021;CNSA / China;FY-3D;Optique;3;1;4
2021;CNSA / China;GF-1/2/4;Optique;65;4;69
2021;CNSA / China;GF-3;Radar;13;1;14
2021;ICEYE;ICEYE-X2;Radar;32;3;35
2021;ROSCOSMOS;Kanopus-V/V-IIK;Radar;384;63;447
2021;UAESA;Khalifasat;Optique;8;0;8
2021;KARI;KOMPSAT-5;Radar;206;21;227
2021;USGS;Landsat  8/9;Optique;404;204;608
2021;SATELLOGIC;NewSat;Optique;78;1;79
2021;CNSA / China;OHS-2A/B/C/D;Radar;79;2;81
2021;CNSA / China;OVS-2A;Optique;84;7;91
2021;CNES;PLEIADES 1A/1B;Optique;921;43;964
2021;MAXAR;QuickBird;Optique;0;18;18
2021;CSA;RADARSAT-2;Radar;5;0;5
2021;CSA;RCM-1/2/3;Radar;364;13;377
2021;CONAE;SAOCOM-1A/1B;Radar;185;59;244
2021;ESA;Sentinel-1A;Radar;844;66;910
2021;ESA;Sentinel-2A/2B;Optique;924;419;1343
2021;CNES;SPOT-6/7;Optique;28;0;28
2021;DLR;TanDEM-X/TerraSAR-X;Radar;114;30;144
2021;UKSA;VISION-1;Optique;109;30;139
2021;ABAE;VRSS-2;Optique;81;28;109
2022;JAXA;ALOS-2;Radar;16;16;32
2022;INPE;Amazonia-1;Optique;0;4;4
2022;NAS;BKA;Optique;4;449;453
2022;INPE / CNSA;CBERS-4/4A;Optique;120;34;154
2022;CNSA / China;FY-3D;Optique;3;0;3
2022;MAXAR;GeoEye-1;Optique;799;190;989
2022;CNSA / China;GF-1/2/4;Optique;65;4;69
2022;CNSA / China;GF-3;Radar;78;0;78
2022;ICEYE;ICEYE-X2;Radar;17;0;17
2022;ROSCOSMOS;Kanopus-V/V-IIK;Radar;384;63;447
2022;UAESA;Khalifasat;Optique;3;0;3
2022;KARI;KOMPSAT-3/3A;Optique;258;64;322
2022;KARI;KOMPSAT-5;Radar;354;35;389
2022;USGS;Landsat  8/9;Optique;404;204;608
2022;SATELLOGIC;NewSat;Optique;78;1;79
2022;CNSA / China;OHS-2A/B/C/D;Radar;256;15;271
2022;CNSA / China;OVS-2A;Optique;84;7;91
2022;PLANET;PlanetScope;Optique;80;701;781
2022;CNES;PLEIADES 1A/1B;Optique;921;43;964
2022;MAXAR;QuickBird;Optique;0;28;28
2022;CSA;RCM-1/2/3;Radar;393;23;416
2022;CONAE;SAOCOM-1A/1B;Radar;208;52;260
2022;ESA;Sentinel-1A/1B;Radar;538;234;772
2022;ESA;Sentinel-2A/2B;Optique;924;419;1343
2022;CNES;SPOT-6/7;Optique;28;0;28
2022;DLR;TanDEM-X/TerraSAR-X;Radar;124;40;164
2022;UKSA;VISION-1;Optique;109;30;139
2022;ABAE;VRSS-2;Optique;81;28;109
2022;MAXAR;WorldView-1/2/3;Optique;2198;1444;3642
2023;JAXA;ALOS-2;Radar;27;29;56
2023;INPE;Amazonia-1;Optique;1;196;197
2023;CNSA / China;Beijing-2;Optique;108;0;108
2023;NAS;BKA;Optique;0;60;60
2023;INPE / CNSA;CBERS-4/4A;Optique;211;533;744
2023;MAXAR;GeoEye-1;Optique;484;1442;1926
2023;CNSA / China;GF-1/2/4;Optique;482;198;680
2023;CNSA / China;GF-3;Radar;326;74;400
2023;ICEYE;ICEYE-X2;Radar;18;0;18
2023;;JILIN-01 OPTICAL-A;Optique;129;6;135
2023;ROSCOSMOS;Kanopus-V/V-IIK;Radar;464;43;507
2023;UAESA;Khalifasat;Optique;20;0;20
2023;KARI;KOMPSAT-3/3A;Optique;444;130;574
2023;KARI;KOMPSAT-5;Radar;464;129;593
2023;USGS;Landsat  8/9;Optique;848;342;1190
2023;SATELLOGIC;NewSat;Optique;105;3;108
2023;CNSA / China;OVS-1A/B/2A;Optique;71;685;756
2023;PLANET;PlanetScope;Optique;4694;0;4694
2023;CNES;PLEIADES 1A/1B;Optique;1252;52;1304
2023;CNES;PNEO 3/4;Optique;90;0;90
2023;CSA;RCM-1/2/3;Radar;408;28;436
2023;CONAE;SAOCOM-1A/1B;Radar;238;88;326
2023;ESA;Sentinel-1A;Radar;530;233;763
2023;ESA;Sentinel-2A/2B;Optique;538;275;813
2023;CNES;SPOT-6/7;Optique;42;6;48
2023;DLR;TanDEM-X/TerraSAR-X;Radar;188;25;213
2023;UKSA;VISION-1;Optique;196;138;334
2023;ABAE;VRSS-2;Optique;128;0;128
2023;MAXAR;WorldView-1/2/3;Optique;4204;4536;8740
2024;JAXA;ALOS-2;Radar;3;3;6
2024;INPE;Amazonia-1;Optique;87;109;196
2024;CNSA / China;Beijing-2;Optique;56;0;56
2024;NAS;BKA;Optique;0;66;66
2024;BLACKSKY;Blacksky Global Constellation;Optique;626;9;635
2024;ISRO;Cartosat-2S;Optique;22;0;22
2024;KARI;CAS500;Optique;29;0;29
2024;INPE / CNSA;CBERS-4/4A;Optique;801;577;1378
2024;ISRO;EOS-4;Radar;88;3;91
2024;CNSA / China;FY-3D;Optique;35;8;43
2024;MAXAR;GeoEye-1;Optique;561;1031;1592
2024;GEOSAT;Geosat-2;Optique;24;0;24
2024;CNSA / China;GF-1/2/4;Optique;280;226;506
2024;CNSA / China;GF-3;Radar;321;71;392
2024;ICEYE;ICEYE-X2;Radar;19;0;19
2024;;JILIN-01 OPTICAL-A;Optique;29;0;29
2024;ROSCOSMOS;Kanopus-V/V-IIK;Radar;405;47;452
2024;UAESA;Khalifasat;Optique;29;0;29
2024;;Khalifasat;Radar;26;0;26
2024;KARI;KOMPSAT-3/3A;Optique;211;28;239
2024;KARI;KOMPSAT-5;Radar;569;20;589
2024;USGS;Landsat  8/9;Optique;1064;439;1503
2024;SATELLOGIC;NewSat;Optique;55;7;62
2024;CNSA / China;OHS-2A/B/C/D;Optique;266;9;275
2024;CNSA / China;OVS-1A/B/2A;Optique;114;0;114
2024;PLANET;PlanetScope;Optique;4143;1198;5341
2024;CNES;PLEIADES 1A/1B;Optique;1568;19;1587
2024;CNES;PNEO 3/4;Optique;37;1;38
2024;MAXAR;QuickBird;Optique;0;16;16
2024;CSA;RCM-1/2/3;Radar;563;44;607
2024;ROSCOSMOS;RESURS-P;Optique;87;1;88
2024;CONAE;SAOCOM-1A/1B;Radar;264;116;380
2024;ESA;Sentinel-1A;Radar;971;412;1383
2024;ESA;Sentinel-2A/2B;Optique;730;499;1229
2024;CNES;SPOT-6/7;Optique;138;4;142
2024;DLR;TanDEM-X/TerraSAR-X;Radar;177;34;211
2024;UKSA;VISION-1;Optique;53;31;84
2024;ABAE;VRSS-2;Optique;146;49;195
2024;MAXAR;WorldView-1/2/3;Optique;3939;4746;8685
